"ID","ESTADO_PROC","CANT_PROD","CANT_A_PROD","PLACA","PLACAS_USADAS","PLACAS_BUENAS","PLACAS_MALAS","TIEMPO_TOTAL","NUMERO_PERSONAS","STOCK","USER","STOCK_CANT","despunte"
2196,PENDIENTE,0,400,,,,,,0,,,0,0
2197,PENDIENTE,260,140,[],[],[],[],,3,,nicolas tordesilla,0,0
2198,LISTO,400,0,[],[],[],[],,2,,Carlos Muller,0,0
2199,PENDIENTE,0,400,,,,,,0,,,0,0
2202,PENDIENTE,0,2930,,,,,,0,,,0,0
2206,PENDIENTE,0,3240,,,,,,0,,,0,0
2208,LISTO,3010,0,"[""PLACA 950*780 09B""]",[9530],[9500],[30],,2,,Carlos Muller,0,0
2209,LISTO,3010,0,[],[],[],[],,4,,Carlos Muller,0,0
2210,PENDIENTE,0,3010,,,,,,0,,,0,0
2213,PENDIENTE,0,40000,,,,,,0,,,0,0
2214,LISTO,60000,0,"[""PLACA 950*780 09B""]",[60037],[60000],[37],,2,,Carlos Muller,0,0
2215,PENDIENTE,0,40000,,,,,,0,,,0,0
2216,PENDIENTE,0,40000,,,,,,0,,,0,0
2217,LISTO,500,0,[],[],[],[],,4,,Carlos Muller,0,0
2218,PENDIENTE,0,500,,,,,,0,,,0,0
2219,LISTO,500,0,"[""PLACA 1100*780 09B""]",[503],[500],[3],,2,,Carlos Muller,0,0
2225,PENDIENTE,0,2500,,,,,,0,,,0,0
2229,PENDIENTE,0,2500,,,,,,0,,,0,0
2230,PENDIENTE,0,2500,,,,,,0,,,0,0
2231,PENDIENTE,0,2500,,,,,,0,,,0,0
2236,PENDIENTE,0,1500,,,,,,0,,,0,0
2240,PENDIENTE,0,5000,,,,,,0,,,0,0
2241,LISTO,5000,0,"[""PLACA 950*780 09B""]",[2112],[2090],[22],,2,,Carlos Muller,0,0
2242,LISTO,5000,0,[],[],[],[],,4,,Carlos Muller,0,0
2243,PENDIENTE,0,5000,,,,,,0,,,0,0
2244,PENDIENTE,0,1000,,,,,,0,,,0,0
2253,PENDIENTE,0,200,,,,,,0,,,0,0
2255,PENDIENTE,0,120,,,,,,0,,,0,0
2256,LISTO,60,0,[],[],[],[],,2,,Carlos Muller,0,0
2258,PENDIENTE,60,0,[],[],[],[],,2,,Matias Muller,0,0
2261,PENDIENTE,0,60,,,,,,0,,,0,0
2262,PENDIENTE,0,60,,,,,,0,,,0,0
2263,LISTO,60,0,[],[],[],[],,2,,Carlos Muller,0,0
2267,PENDIENTE,0,228,,,,,,0,,,0,0
2269,PENDIENTE,220,8,[],[],[],[],,2,,Carlos Muller,0,1
2273,PENDIENTE,0,5000,,,,,,0,,,0,0
2274,LISTO,0,5000,,,,,,0,,,0,0
2275,LISTO,5000,0,[],[],[],[],,4,,raul espindola,0,0
2277,PENDIENTE,0,400,,,,,,0,,,0,0
2283,PENDIENTE,0,100,,,,,,0,,,0,0
2287,PENDIENTE,0,43000,,,,,,0,,,0,0
2288,PENDIENTE,0,43000,,,,,,0,,,0,0
2297,PENDIENTE,0,100,,,,,,0,,,0,0
2298,PENDIENTE,0,100,,,,,,0,,,0,0
2299,PENDIENTE,0,100,,,,,,0,,,0,0
2302,PENDIENTE,0,100,,,,,,0,,,0,0
2304,LISTO,100,0,[],[],[],[],,2,,Carlos Muller,0,0
2307,PENDIENTE,0,100,,,,,,0,,,0,0
2308,LISTO,100,0,"[""PLACA 2500*1730 C20""]",[103],[100],[3],,2,,Carlos Muller,0,0
2311,PENDIENTE,0,3000,,,,,,0,,,0,0
2314,PENDIENTE,0,3000,,,,,,0,,,0,0
2315,LISTO,3000,0,"[""PLACA 1100*780 09B""]",[1609],[1600],[9],,2,,Carlos Muller,0,0
2316,LISTO,3000,0,[],[],[],[],,4,,Carlos Muller,0,0
2319,PENDIENTE,0,2000,,,,,,0,,,0,0
2322,PENDIENTE,0,1100,,,,,,0,,,0,0
2324,PENDIENTE,0,1100,,,,,,0,,,0,0
2327,PENDIENTE,0,150,,,,,,0,,,0,0
2328,PENDIENTE,0,150,,,,,,0,,,0,0
2329,PENDIENTE,0,150,,,,,,0,,,0,0
2332,PENDIENTE,0,150,,,,,,0,,,0,0
2333,PENDIENTE,0,150,,,,,,0,,,0,0
2334,PENDIENTE,300,0,"[""PLACA 2700*1570 C20""]",[166],[155],[11],,1,,Matias Muller,0,0
2336,PENDIENTE,0,150,,,,,,0,,,0,0
2337,PENDIENTE,0,150,,,,,,0,,,0,0
2338,PENDIENTE,0,150,,,,,,0,,,0,0
2341,PENDIENTE,0,150,,,,,,0,,,0,0
2342,PENDIENTE,0,150,,,,,,0,,,0,0
2343,LISTO,900,0,"[""PLACA 2700*1570 C20""]",[648],[630],[18],,2,,Carlos Muller,0,0
2346,PENDIENTE,0,100,,,,,,0,,,0,0
2349,PENDIENTE,0,100,,,,,,0,,,0,0
2351,PENDIENTE,250,170,"[""PLACA 1100*780 09B""]",[441],[440],[1],,2,,Carlos Muller,0,0
2353,PENDIENTE,0,420,,,,,,0,,,0,0
2358,PENDIENTE,0,5000,,,,,,0,,,0,0
2359,PENDIENTE,0,2000,,,,,,0,,,0,0
2360,LISTO,2000,0,"[""PLACA 950*780 09B""]",[2171],[2160],[11],,2,,Carlos Muller,0,0
2361,LISTO,2000,0,[],[],[],[],,4,,Carlos Muller,0,0
2364,PENDIENTE,0,2000,,,,,,0,,,0,0
2366,LISTO,3807,0,[],[],[],[],,4,Add,Carlos Muller,400,0
2367,PENDIENTE,0,3607,,,,,,0,,,0,0
2368,LISTO,3607,0,"[""PLACA 950*780 09B""]",[3610],[3607],[3],,2,,Carlos Muller,0,0
2369,LISTO,2000,0,[],[],[],[],,4,,Carlos Muller,0,0
2370,PENDIENTE,0,2000,,,,,,0,,,0,0
2371,LISTO,2000,0,"[""PLACA 950*780 09B""]",[2015],[2000],[15],,2,,Carlos Muller,0,0
2372,PENDIENTE,0,210,,,,,,0,,,0,0
2373,PENDIENTE,0,210,,,,,,0,,,0,0
2374,PENDIENTE,0,210,,,,,,0,,,0,0
2377,LISTO,30,0,"[""PLACA 2515*2145 D94""]",[17],[15],[2],,2,,Carlos Muller,0,0
2378,PENDIENTE,0,30,,,,,,0,,,0,0
2379,PENDIENTE,0,30,,,,,,0,,,0,0
2381,PENDIENTE,0,72,,,,,,0,,,0,0
2384,PENDIENTE,0,30,,,,,,0,,,0,0
2386,PENDIENTE,0,450,,,,,,0,,,0,0
2389,LISTO,400,0,"[""PLACA 1100*780 09B""]",[505],[500],[5],,2,,Carlos Muller,0,0
2390,PENDIENTE,0,400,,,,,,0,,,0,0
2391,PENDIENTE,0,400,,,,,,0,,,0,0
2393,PENDIENTE,0,1000,,,,,,0,,,0,0
2394,LISTO,1000,0,"[""PLACA 1100*780 09B""]",[1005],[1000],[5],,2,,Carlos Muller,0,0
2395,PENDIENTE,0,1000,,,,,,0,,,0,0
2398,PENDIENTE,0,4000,,,,,,0,,,0,0
2399,LISTO,4000,0,"[""PLACA 950*780 09B""]",[4809],[4800],[9],,2,,Carlos Muller,0,0
2400,PENDIENTE,3000,1000,[],[],[],[],,4,,Carlos Muller,0,0
2402,PENDIENTE,0,2,,,,,,0,,,0,0
2408,PENDIENTE,0,1,,,,,,0,,,0,0
2413,PENDIENTE,0,1000,,,,,,0,,,0,0
2415,PENDIENTE,0,1000,,,,,,0,,,0,0
2416,PENDIENTE,0,1000,,,,,,0,,,0,0
2417,LISTO,1000,0,"[""PLACA 950*780 09B""]",[1009],[1000],[9],,2,,Carlos Muller,0,0
2418,PENDIENTE,0,6000,,,,,,0,,,0,0
2419,LISTO,6000,0,"[""PLACA 1100*780 09B""]",[6012],[6000],[12],,2,,Carlos Muller,0,0
2420,PENDIENTE,0,6000,,,,,,0,,,0,0
2422,PENDIENTE,0,500,,,,,,0,,,0,0
2423,LISTO,500,0,"[""PLACA 1100*780 09B""]",[508],[500],[8],,2,,Carlos Muller,0,0
2424,PENDIENTE,0,500,,,,,,0,,,0,0
2427,LISTO,500,0,"[""PLACA 2515*2145 D94""]",[117],[115],[2],,2,,Carlos Muller,0,0
2428,PENDIENTE,0,500,,,,,,0,,,0,0
2429,PENDIENTE,0,500,,,,,,0,,,0,0
2430,PENDIENTE,0,500,,,,,,0,,,0,0
2431,PENDIENTE,0,500,,,,,,0,,,0,0
2432,PENDIENTE,0,500,,,,,,0,,,0,0
2433,PENDIENTE,0,3000,,,,,,0,,,0,0
2434,PENDIENTE,0,3000,,,,,,0,,,0,0
2436,LISTO,3000,0,"[""PLACA 1100*780 09B""]",[3010],[3000],[10],,2,,Carlos Muller,0,0
2437,PENDIENTE,0,600,,,,,,0,,,0,0
2438,PENDIENTE,0,600,,,,,,0,,,0,0
2439,LISTO,600,0,"[""PLACA 950*780 10E""]",[643],[630],[13],,2,,Carlos Muller,0,0
2440,PENDIENTE,0,3000,,,,,,0,,,0,0
2441,PENDIENTE,0,3000,,,,,,0,,,0,0
2442,LISTO,3000,0,"[""PLACA 950*780 10E""]",[3009],[3000],[9],,2,,Carlos Muller,0,0
2443,PENDIENTE,0,50,,,,,,0,,,0,0
2444,LISTO,80,0,"[""PLACA 2800*2145 D92""]",[85],[80],[5],,2,,Carlos Muller,0,0
2445,PENDIENTE,0,600,,,,,,0,,,0,0
2446,PENDIENTE,0,600,,,,,,0,,,0,0
2447,LISTO,600,0,[],[],[],[],,2,,Carlos Muller,0,0
2448,PENDIENTE,0,600,,,,,,0,,,0,0
2449,PENDIENTE,0,600,,,,,,0,,,0,0
2450,PENDIENTE,0,600,,,,,,0,,,0,0
2451,PENDIENTE,0,600,,,,,,0,,,0,0
2452,PENDIENTE,0,600,,,,,,0,,,0,0
2453,PENDIENTE,0,400,,,,,,0,,,0,0
2454,PENDIENTE,0,400,,,,,,0,,,0,0
2455,PENDIENTE,0,400,,,,,,0,,,0,0
2456,PENDIENTE,0,400,,,,,,0,,,0,0
2457,PENDIENTE,0,400,,,,,,0,,,0,0
2458,LISTO,400,0,"[""PLACA 2800*2145 C20"",""PLACA 2700*1570 C20""]","[286,286]","[280,280]","[6,6]",,2,,Carlos Muller,0,0
2459,LISTO,500,0,[],[],[],[],,2,,nicolas tordesilla,0,0
2460,PENDIENTE,0,500,,,,,,0,,,0,0
2461,PENDIENTE,0,500,,,,,,0,,,0,0
2462,PENDIENTE,0,500,,,,,,0,,,0,0
2464,PENDIENTE,0,500,,,,,,0,,,0,0
2465,PENDIENTE,0,500,,,,,,0,,,0,0
2466,PENDIENTE,0,500,,,,,,0,,,0,0
2467,PENDIENTE,0,350,,,,,,0,,,0,0
2468,LISTO,350,0,"[""PLACA 1100*780 09B""]",[120],[114],[6],,2,,"Carlos Muller, Matias Muller, Matias Muller, Carlos Muller, Carlos Muller, Carlos Muller",0,1
2469,LISTO,350,0,[],[],[],[],,4,,raul espindola,0,0
2472,PENDIENTE,0,80,,,,,,0,,,0,0
2473,PENDIENTE,0,40,,,,,,0,,,0,0
2475,PENDIENTE,0,40,,,,,,0,,,0,0
2479,PENDIENTE,0,40,,,,,,0,,,0,0
2480,PENDIENTE,0,40,,,,,,0,,,0,0
2481,PENDIENTE,0,40,,,,,,0,,,0,0
2483,LISTO,180,0,"[""PLACA 1100*780 09B""]",[146],[141],[5],,2,,Matias Muller,0,0
2484,PENDIENTE,0,180,,,,,,0,,,0,0
2485,PENDIENTE,0,180,,,,,,0,,,0,0
2486,PENDIENTE,0,80,,,,,,0,,,0,0
2487,PENDIENTE,0,40,,,,,,0,,,0,0
2489,PENDIENTE,0,40,,,,,,0,,,0,0
2493,PENDIENTE,0,40,,,,,,0,,,0,0
2494,PENDIENTE,0,40,,,,,,0,,,0,0
2495,PENDIENTE,0,40,,,,,,0,,,0,0
2497,PENDIENTE,0,40,,,,,,0,,,0,0
2498,PENDIENTE,0,40,,,,,,0,,,0,0
2499,PENDIENTE,0,120,,,,,,0,,,0,0
2500,PENDIENTE,0,60,,,,,,0,,,0,0
2502,PENDIENTE,0,60,,,,,,0,,,0,0
2505,PENDIENTE,0,60,,,,,,0,,,0,0
2506,PENDIENTE,0,60,,,,,,0,,,0,0
2507,PENDIENTE,0,60,,,,,,0,,,0,0
2509,PENDIENTE,0,500,,,,,,0,,,0,0
2510,PENDIENTE,0,500,,,,,,0,,,0,0
2511,PENDIENTE,0,500,,,,,,0,,,0,0
2513,PENDIENTE,0,5000,,,,,,0,,,0,0
2514,LISTO,5100,0,"[""PLACA 1100*780 09B""]",[5358],[5350],[8],,2,,Carlos Muller,0,0
2515,LISTO,5100,0,[],[],[],[],,4,,Carlos Muller,0,0
2517,PENDIENTE,0,400,,,,,,0,,,0,0
2518,PENDIENTE,0,400,,,,,,0,,,0,0
2519,PENDIENTE,0,400,,,,,,0,,,0,0
2521,PENDIENTE,0,200,,,,,,0,,,0,0
2522,PENDIENTE,0,200,,,,,,0,,,0,0
2528,PENDIENTE,0,1020,,,,,,0,,,0,0
2529,PENDIENTE,0,1020,,,,,,0,,,0,0
2530,LISTO,1020,0,"[""PLACA 1100*780 10E""]",[1950],[1938],[12],,2,,Carlos Muller,0,0
2532,PENDIENTE,0,3100,,,,,,0,,,0,0
2533,PENDIENTE,0,3100,,,,,,0,,,0,0
2534,PENDIENTE,0,3100,,,,,,0,,,0,0
2535,PENDIENTE,0,3100,,,,,,0,,,0,0
2536,LISTO,3100,0,[],[],[],[],,2,,Carlos Muller,0,0
2537,PENDIENTE,0,3100,,,,,,0,,,0,0
2538,LISTO,3500,0,"[""PLACA 1100*780 09B""]",[3911],[3900],[11],,2,,Carlos Muller,0,0
2539,LISTO,4000,0,[],[],[],[],,4,Add,Carlos Muller,1000,0
2540,PENDIENTE,0,3500,,,,,,0,,,0,0
2542,PENDIENTE,0,700,,,,,,0,,,0,0
2543,PENDIENTE,0,700,,,,,,0,,,0,0
2544,PENDIENTE,0,700,,,,,,0,,,0,0
2545,PENDIENTE,0,700,,,,,,0,,,0,0
2546,PENDIENTE,0,1000,,,,,,0,,,0,0
2547,LISTO,1000,0,"[""PLACA 1100*780 10E""]",[1992],[1989],[3],,2,,"Matias Muller, Carlos Muller",0,0
2548,PENDIENTE,0,1000,,,,,,0,,,0,0
2549,PENDIENTE,200,400,"[""PLACA 950*780 09B""]",[246],[240],[6],,2,,Carlos Muller,0,0
2550,PENDIENTE,0,600,,,,,,0,,,0,0
2551,PENDIENTE,0,600,,,,,,0,,,0,0
3532,LISTO,5000,0,[],[],[],[],,4,Remove,Carlos Muller,0,0
3533,PENDIENTE,0,5000,,,,,,0,,,0,0
3534,LISTO,5000,0,"[""PLACA 950*780 09B""]",[5009],[5000],[9],,2,,Carlos Muller,0,0
3535,LISTO,5000,0,[],[],[],[],,4,Remove,Carlos Muller,0,0
3536,PENDIENTE,0,5000,,,,,,0,,,0,0
3537,PENDIENTE,0,5000,,,,,,0,,,0,0
3538,LISTO,5200,0,[],[],[],[],,4,Add,Carlos Muller,400,0
3539,PENDIENTE,0,5000,,,,,,0,,,0,0
3540,PENDIENTE,0,5000,,,,,,0,,,0,0
3541,PENDIENTE,0,5000,,,,,,0,,,0,0
3542,PENDIENTE,0,5000,,,,,,0,,,0,0
3543,LISTO,5000,0,"[""PLACA 950*780 09B""]",[5206],[5200],[6],,2,,Carlos Muller,0,0
3544,PENDIENTE,0,300,,,,,,0,,,0,0
3545,PENDIENTE,0,300,,,,,,0,,,0,0
4532,PENDIENTE,0,20,,,,,,0,,,0,0
4533,PENDIENTE,0,20,,,,,,0,,,0,0
4534,PENDIENTE,0,20,,,,,,0,,,0,0
4535,PENDIENTE,0,20,,,,,,0,,,0,0
4536,PENDIENTE,0,20,,,,,,0,,,0,0
4537,PENDIENTE,0,120,,,,,,0,,,0,0
4538,LISTO,120,0,[],[],[],[],,2,Remove,Carlos Muller,0,0
4539,PENDIENTE,0,120,,,,,,0,,,0,0
5532,LISTO,5099,0,"[""PLACA 950*780 09B""]",[2],[2],[0],,2,Add,Matias Muller,198,1
5533,LISTO,5000,0,[],[],[],[],,4,,raul espindola,0,0
5534,PENDIENTE,0,5000,,,,,,0,,,0,0
5537,PENDIENTE,0,5000,,,,,,0,,,0,0
5538,PENDIENTE,0,5000,,,,,,0,,,0,0
5539,PENDIENTE,0,5000,,,,,,0,,,0,0
6532,PENDIENTE,0,6,,,,,,0,,,0,0
6533,PENDIENTE,0,12,,,,,,0,,,0,0
6537,PENDIENTE,0,12,,,,,,0,,,0,0
6538,PENDIENTE,0,6,,,,,,0,,,0,0
6539,PENDIENTE,0,6,,,,,,0,,,0,0
6542,PENDIENTE,0,6,,,,,,0,,,0,0
6546,PENDIENTE,0,5000,,,,,,0,,,0,0
6547,PENDIENTE,0,5000,,,,,,0,,,0,0
6548,PENDIENTE,0,5000,,,,,,0,,,0,0
7532,PENDIENTE,0,20,,,,,,0,,,0,0
7533,PENDIENTE,0,20,,,,,,0,,,0,0
7534,PENDIENTE,0,20,,,,,,0,,,0,0
7535,PENDIENTE,0,20,,,,,,0,,,0,0
7536,PENDIENTE,0,20,,,,,,0,,,0,0
7537,PENDIENTE,0,2000,,,,,,0,,,0,0
7538,PENDIENTE,0,2000,,,,,,0,,,0,0
7539,PENDIENTE,0,2000,,,,,,0,,,0,0
7541,PENDIENTE,0,20,,,,,,0,,,0,0
8532,PENDIENTE,0,20,,,,,,0,,,0,0
8533,PENDIENTE,0,20,,,,,,0,,,0,0
8534,PENDIENTE,0,20,,,,,,0,,,0,0
8535,PENDIENTE,0,20,,,,,,0,,,0,0
8536,PENDIENTE,0,100,,,,,,0,,,0,0
8537,PENDIENTE,0,100,,,,,,0,,,0,0
8538,PENDIENTE,0,100,,,,,,0,,,0,0
8541,PENDIENTE,0,220,,,,,,0,,,0,0
8542,PENDIENTE,0,220,,,,,,0,,,0,0
8543,PENDIENTE,0,220,,,,,,0,,,0,0
8545,PENDIENTE,0,220,,,,,,0,,,0,0
8547,PENDIENTE,0,440,,,,,,0,,,0,0
8549,PENDIENTE,0,29000,,,,,,0,,,0,0
8550,PENDIENTE,0,29000,,,,,,0,,,0,0
8551,PENDIENTE,0,29000,,,,,,0,,,0,0
8552,PENDIENTE,0,29000,,,,,,0,,,0,0
9532,PENDIENTE,0,2000,,,,,,0,,,0,0
9533,PENDIENTE,0,2000,,,,,,0,,,0,0
9534,PENDIENTE,0,2000,,,,,,0,,,0,0
9535,PENDIENTE,0,2000,,,,,,0,,,0,0
9536,PENDIENTE,0,500,,,,,,0,,,0,0
9537,PENDIENTE,0,500,,,,,,0,,,0,0
9538,PENDIENTE,0,500,,,,,,0,,,0,0
9539,LISTO,5399,0,"[""PLACA 950*780 09B""]",[2],[2],[0],,2,,Matias Muller,0,0
9540,PENDIENTE,0,500,,,,,,0,,,0,0
9541,PENDIENTE,0,500,,,,,,0,,,0,0
9542,PENDIENTE,0,1600,,,,,,0,,,0,0
9545,PENDIENTE,0,14000,,,,,,0,,,0,0
9546,PENDIENTE,0,14000,,,,,,0,,,0,0
9547,PENDIENTE,0,14000,,,,,,0,,,0,0
9548,PENDIENTE,0,14000,,,,,,0,,,0,0
9549,PENDIENTE,0,3000,,,,,,0,,,0,0
9550,PENDIENTE,0,3000,,,,,,0,,,0,0
9551,PENDIENTE,0,3000,,,,,,0,,,0,0
9553,PENDIENTE,0,1000,,,,,,0,,,0,0
9554,PENDIENTE,0,1000,,,,,,0,,,0,0
9556,PENDIENTE,0,40,,,,,,0,,,0,0
9557,PENDIENTE,0,20,,,,,,0,,,0,0
9559,PENDIENTE,0,20,,,,,,0,,,0,0
9562,PENDIENTE,0,20,,,,,,0,,,0,0
9563,PENDIENTE,0,20,,,,,,0,,,0,0
9564,PENDIENTE,0,20,,,,,,0,,,0,0
9566,PENDIENTE,0,200,,,,,,0,,,0,0
9567,PENDIENTE,0,200,,,,,,0,,,0,0
9568,PENDIENTE,0,200,,,,,,0,,,0,0
9570,PENDIENTE,0,200,,,,,,0,,,0,0
9572,LISTO,400,0,[],[],[],[],,2,,Carlos Muller,0,0
9574,PENDIENTE,0,5,,,,,,0,,,0,0
9575,PENDIENTE,0,5,,,,,,0,,,0,0
9576,PENDIENTE,0,5,,,,,,0,,,0,0
9577,PENDIENTE,0,5,,,,,,0,,,0,0
9578,PENDIENTE,0,5,,,,,,0,,,0,0
9579,LISTO,120,0,[],[],[],[],,2,,Carlos Muller,0,0
9580,LISTO,120,0,[],[],[],[],,4,Remove,Carlos Muller,0,0
9581,PENDIENTE,0,120,,,,,,0,,,0,0
9583,PENDIENTE,0,800,,,,,,0,,,0,0
9584,PENDIENTE,0,800,,,,,,0,,,0,0
9585,PENDIENTE,0,800,,,,,,0,,,0,0
9586,PENDIENTE,0,500,,,,,,0,,,0,0
9587,PENDIENTE,0,500,,,,,,0,,,0,0
9588,PENDIENTE,0,500,,,,,,0,,,0,0
9590,PENDIENTE,0,100,,,,,,0,,,0,0
9591,PENDIENTE,0,100,,,,,,0,,,0,0
9592,PENDIENTE,0,100,,,,,,0,,,0,0
9593,PENDIENTE,0,100,,,,,,0,,,0,0
9595,PENDIENTE,0,9322,,,,,,0,,,0,0
9596,PENDIENTE,0,9322,,,,,,0,,,0,0
9597,PENDIENTE,0,9322,,,,,,0,,,0,0
9598,PENDIENTE,0,2070,,,,,,0,,,0,0
9599,PENDIENTE,0,2070,,,,,,0,,,0,0
9600,PENDIENTE,0,2070,,,,,,0,,,0,0
9603,PENDIENTE,0,1990,,,,,,0,,,0,0
9604,PENDIENTE,0,1990,,,,,,0,,,0,0
9605,PENDIENTE,0,1990,,,,,,0,,,0,0
9616,PENDIENTE,0,1000,,,,,,0,,,0,0
9617,PENDIENTE,0,1000,,,,,,0,,,0,0
9618,PENDIENTE,0,1000,,,,,,0,,,0,0
9622,PENDIENTE,0,20,,,,,,0,,,0,0
9623,PENDIENTE,0,20,,,,,,0,,,0,0
9624,PENDIENTE,0,20,,,,,,0,,,0,0
9627,PENDIENTE,0,20,,,,,,0,,,0,0
9628,PENDIENTE,0,5000,,,,,,0,,,0,0
9629,PENDIENTE,0,5000,,,,,,0,,,0,0
9630,PENDIENTE,0,5000,,,,,,0,,,0,0
9659,PENDIENTE,0,10,,,,,,0,,,0,0
9660,PENDIENTE,0,10,,,,,,0,,,0,0
9662,PENDIENTE,0,2,,,,,,0,,,0,0
9663,PENDIENTE,0,60,,,,,,0,,,0,0
9687,PENDIENTE,0,10,,,,,,0,,,0,0
9689,PENDIENTE,0,10,,,,,,0,,,0,0
9712,PENDIENTE,0,10,,,,,,0,,,0,0
9714,PENDIENTE,0,10,,,,,,0,,,0,0
9737,PENDIENTE,0,2,,,,,,0,,,0,0
9767,PENDIENTE,0,200,,,,,,0,,,0,0
9768,PENDIENTE,0,200,,,,,,0,,,0,0
9769,PENDIENTE,0,200,,,,,,0,,,0,0
9772,PENDIENTE,0,200,,,,,,0,,,0,0
9773,PENDIENTE,0,200,,,,,,0,,,0,0
9778,PENDIENTE,0,100,,,,,,0,,,0,0
9869,LISTO,4800,0,[],[],[],[],,4,,Carlos Muller,0,0
9870,PENDIENTE,0,4800,,,,,,0,,,0,0
9871,LISTO,4800,0,"[""PLACA 950*780 09B""]",[9129],[9121],[8],,2,,Carlos Muller,0,0
9873,PENDIENTE,0,350,,,,,,0,,,0,0
9874,PENDIENTE,0,350,,,,,,0,,,0,0
9875,LISTO,350,0,[],[],[],[],,4,,Carlos Muller,0,0
9878,PENDIENTE,0,150,,,,,,0,,,0,0
9879,PENDIENTE,0,150,,,,,,0,,,0,0
9880,PENDIENTE,0,150,,,,,,0,,,0,0
9881,PENDIENTE,0,150,,,,,,0,,,0,0
9882,PENDIENTE,0,150,,,,,,0,,,0,0
9883,PENDIENTE,0,66,,,,,,0,,,0,0
9884,PENDIENTE,0,66,,,,,,0,,,0,0
9885,PENDIENTE,0,66,,,,,,0,,,0,0
9886,PENDIENTE,0,66,,,,,,0,,,0,0
9887,PENDIENTE,0,66,,,,,,0,,,0,0
9888,PENDIENTE,0,66,,,,,,0,,,0,0
9889,PENDIENTE,0,132,,,,,,0,,,0,0
9910,PENDIENTE,0,25,,,,,,0,,,0,0
9911,PENDIENTE,0,25,,,,,,0,,,0,0
9912,PENDIENTE,0,25,,,,,,0,,,0,0
9913,LISTO,25,0,"[""PLACA 2200*2145 D94""]",[20],[20],[0],,2,,Carlos Muller,0,0
9914,PENDIENTE,0,25,,,,,,0,,,0,0
9915,PENDIENTE,0,25,,,,,,0,,,0,0
9916,PENDIENTE,0,50,,,,,,0,,,0,0
9933,PENDIENTE,0,4000,,,,,,0,,,0,0
9934,PENDIENTE,0,4000,,,,,,0,,,0,0
9935,PENDIENTE,0,4000,,,,,,0,,,0,0
9941,PENDIENTE,0,60,,,,,,0,,,0,0
9942,PENDIENTE,0,60,,,,,,0,,,0,0
9945,PENDIENTE,0,60,,,,,,0,,,0,0
9946,PENDIENTE,0,60,,,,,,0,,,0,0
9947,PENDIENTE,0,60,,,,,,0,,,0,0
9951,PENDIENTE,0,60,,,,,,0,,,0,0
9957,PENDIENTE,0,300,,,,,,0,,,0,0
9958,PENDIENTE,0,2,,,,,,0,,,0,0
9959,PENDIENTE,0,2,,,,,,0,,,0,0
9960,PENDIENTE,0,2,,,,,,0,,,0,0
9966,PENDIENTE,0,60,,,,,,0,,,0,0
9967,PENDIENTE,30,30,"[""PLACA 1860*1070 D98"",""PLACA 2330*1070 D98""]","[60,120]","[60,120]","[0,0]",,7,,luis alfaro,0,0
9968,PENDIENTE,40,20,[],[],[],[],,4,,luis alfaro,0,0
9969,PENDIENTE,0,60,,,,,,0,,,0,0
10487,PENDIENTE,0,10,,,,,,0,,,0,0
10497,PENDIENTE,0,10,,,,,,0,,,0,0
10537,PENDIENTE,0,20,,,,,,0,,,0,0
10547,PENDIENTE,0,20,,,,,,0,,,0,0
10557,PENDIENTE,0,20,,,,,,0,,,0,0
10587,PENDIENTE,0,20,,,,,,0,,,0,0
10597,PENDIENTE,0,20,,,,,,0,,,0,0
10607,PENDIENTE,0,20,,,,,,0,,,0,0
10637,PENDIENTE,0,10,,,,,,0,,,0,0
10647,PENDIENTE,0,10,,,,,,0,,,0,0
10657,PENDIENTE,0,10,,,,,,0,,,0,0
10687,PENDIENTE,0,10,,,,,,0,,,0,0
10697,PENDIENTE,0,10,,,,,,0,,,0,0
10707,PENDIENTE,0,10,,,,,,0,,,0,0
10747,PENDIENTE,0,10,,,,,,0,,,0,0
10757,PENDIENTE,0,10,,,,,,0,,,0,0
10777,PENDIENTE,0,10,,,,,,0,,,0,0
10787,PENDIENTE,0,10,,,,,,0,,,0,0
10817,PENDIENTE,0,10,,,,,,0,,,0,0
10827,PENDIENTE,0,10,,,,,,0,,,0,0
10867,PENDIENTE,0,20,,,,,,0,,,0,0
10877,PENDIENTE,0,20,,,,,,0,,,0,0
10887,PENDIENTE,0,20,,,,,,0,,,0,0
10917,PENDIENTE,0,20,,,,,,0,,,0,0
10927,PENDIENTE,0,20,,,,,,0,,,0,0
10937,PENDIENTE,0,20,,,,,,0,,,0,0
10967,PENDIENTE,0,10,,,,,,0,,,0,0
10977,PENDIENTE,0,10,,,,,,0,,,0,0
10987,PENDIENTE,0,10,,,,,,0,,,0,0
11017,PENDIENTE,0,10,,,,,,0,,,0,0
11027,PENDIENTE,0,10,,,,,,0,,,0,0
11037,PENDIENTE,0,10,,,,,,0,,,0,0
11077,PENDIENTE,0,10,,,,,,0,,,0,0
11087,PENDIENTE,0,10,,,,,,0,,,0,0
11107,PENDIENTE,0,10,,,,,,0,,,0,0
11117,PENDIENTE,0,10,,,,,,0,,,0,0
11215,PENDIENTE,0,4,,,,,,0,,,0,0
11226,PENDIENTE,0,4,,,,,,0,,,0,0
11237,PENDIENTE,0,4,,,,,,0,,,0,0
11248,PENDIENTE,0,4,,,,,,0,,,0,0
11259,PENDIENTE,0,4,,,,,,0,,,0,0
11975,PENDIENTE,0,30,,,,,,0,,,0,0
11976,PENDIENTE,0,30,,,,,,0,,,0,0
11977,PENDIENTE,0,30,,,,,,0,,,0,0
12275,PENDIENTE,0,40,,,,,,0,,,0,0
12401,PENDIENTE,0,40,,,,,,0,,,0,0
13027,PENDIENTE,0,40,,,,,,0,,,0,0
13028,PENDIENTE,0,40,,,,,,0,,,0,0
13029,PENDIENTE,0,40,,,,,,0,,,0,0
13313,PENDIENTE,0,5000,,,,,,0,,,0,0
13316,PENDIENTE,0,5000,,,,,,0,,,0,0
13319,PENDIENTE,0,5000,,,,,,0,,,0,0
13325,PENDIENTE,0,5000,,,,,,0,,,0,0
13361,PENDIENTE,0,5000,,,,,,0,,,0,0
13397,PENDIENTE,0,5000,,,,,,0,,,0,0
13587,PENDIENTE,0,460,,,,,,0,,,0,0
13664,PENDIENTE,0,460,,,,,,0,,,0,0
13895,PENDIENTE,0,400,,,,,,0,,,0,0
13972,PENDIENTE,0,400,,,,,,0,,,0,0
14076,PENDIENTE,0,1760,,,,,,0,,,0,0
14080,PENDIENTE,0,1760,,,,,,0,,,0,0
14110,PENDIENTE,0,1760,,,,,,0,,,0,0
14207,PENDIENTE,0,5000,,,,,,0,,,0,0
14230,PENDIENTE,0,5000,,,,,,0,,,0,0
14253,PENDIENTE,0,5000,,,,,,0,,,0,0
14456,PENDIENTE,0,132,,,,,,0,,,0,0
14457,PENDIENTE,0,132,,,,,,0,,,0,0
14458,PENDIENTE,0,132,,,,,,0,,,0,0
14459,PENDIENTE,0,132,,,,,,0,,,0,0
14460,PENDIENTE,0,132,,,,,,0,,,0,0
14462,PENDIENTE,0,66,,,,,,0,,,0,0
14463,PENDIENTE,0,66,,,,,,0,,,0,0
14464,PENDIENTE,0,66,,,,,,0,,,0,0
14465,PENDIENTE,0,132,,,,,,0,,,0,0
14466,PENDIENTE,0,132,,,,,,0,,,0,0
14467,PENDIENTE,0,132,,,,,,0,,,0,0
14468,PENDIENTE,0,66,,,,,,0,,,0,0
14469,PENDIENTE,0,66,,,,,,0,,,0,0
14470,PENDIENTE,0,66,,,,,,0,,,0,0
14471,PENDIENTE,0,66,,,,,,0,,,0,0
14472,PENDIENTE,0,66,,,,,,0,,,0,0
14473,PENDIENTE,0,66,,,,,,0,,,0,0
14474,PENDIENTE,0,132,,,,,,0,,,0,0
14475,PENDIENTE,0,132,,,,,,0,,,0,0
14476,LISTO,50,0,"[""PLACA 1700*1570 12C""]",[3],[3],[0],,2,,Carlos Muller,0,0
14477,PENDIENTE,0,50,,,,,,0,,,0,0
14478,PENDIENTE,0,25,,,,,,0,,,0,0
14479,LISTO,25,0,"[""PLACA 1700*1570 12C""]",[4],[4],[0],,2,,Carlos Muller,0,0
14480,PENDIENTE,0,25,,,,,,0,,,0,0
14481,PENDIENTE,0,50,,,,,,0,,,0,0
14482,LISTO,50,0,"[""PLACA 1700*1570 12C""]",[122],[120],[2],,2,,Carlos Muller,0,0
14483,PENDIENTE,0,50,,,,,,0,,,0,0
14484,PENDIENTE,0,50,,,,,,0,,,0,0
14485,LISTO,50,0,"[""PLACA 2800*1570 12C""]",[123],[120],[3],,2,,Carlos Muller,0,0
14486,PENDIENTE,0,50,,,,,,0,,,0,0
14487,PENDIENTE,0,25,,,,,,0,,,0,0
14488,LISTO,25,0,"[""PLACA 2500*1730 C20""]",[20],[20],[0],,2,,Carlos Muller,0,0
14489,PENDIENTE,0,25,,,,,,0,,,0,0
14490,LISTO,50,0,[],[],[],[],,2,,Carlos Muller,0,0
14491,PENDIENTE,0,50,,,,,,0,,,0,0
14504,PENDIENTE,0,3000,,,,,,0,,,0,0
14514,PENDIENTE,0,3000,,,,,,0,,,0,0
14524,PENDIENTE,0,3000,,,,,,0,,,0,0
14992,PENDIENTE,0,60,,,,,,0,,,0,0
14993,PENDIENTE,0,60,,,,,,0,,,0,0
14994,PENDIENTE,0,120,,,,,,0,,,0,0
14995,PENDIENTE,0,60,,,,,,0,,,0,0
15279,PENDIENTE,0,60,,,,,,0,,,0,0
15563,PENDIENTE,0,600,,,,,,0,,,0,0
15644,PENDIENTE,0,600,,,,,,0,,,0,0
15807,PENDIENTE,0,600,,,,,,0,,,0,0
15970,PENDIENTE,0,600,,,,,,0,,,0,0
16496,PENDIENTE,0,600,,,,,,0,,,0,0
17022,PENDIENTE,0,600,,,,,,0,,,0,0
17548,PENDIENTE,0,20,,,,,,0,,,0,0
17555,PENDIENTE,0,20,,,,,,0,,,0,0
17562,PENDIENTE,0,20,,,,,,0,,,0,0
17569,PENDIENTE,0,20,,,,,,0,,,0,0
17576,PENDIENTE,0,20,,,,,,0,,,0,0
17583,PENDIENTE,0,20,,,,,,0,,,0,0
17590,PENDIENTE,0,200,,,,,,0,,,0,0
17593,PENDIENTE,0,200,,,,,,0,,,0,0
17596,PENDIENTE,0,200,,,,,,0,,,0,0
17599,PENDIENTE,0,200,,,,,,0,,,0,0
17614,PENDIENTE,0,100,,,,,,0,,,0,0
17616,PENDIENTE,0,100,,,,,,0,,,0,0
17618,PENDIENTE,0,100,,,,,,0,,,0,0
17620,PENDIENTE,0,100,,,,,,0,,,0,0
17630,PENDIENTE,0,400,,,,,,0,,,0,0
17632,PENDIENTE,0,1500,,,,,,0,,,0,0
17644,PENDIENTE,0,1500,,,,,,0,,,0,0
17708,PENDIENTE,0,1500,,,,,,0,,,0,0
17836,PENDIENTE,0,4000,,,,,,0,,,0,0
17840,PENDIENTE,0,4000,,,,,,0,,,0,0
17870,PENDIENTE,0,4000,,,,,,0,,,0,0
17930,PENDIENTE,0,12,,,,,,0,,,0,0
18091,PENDIENTE,0,12,,,,,,0,,,0,0
18539,PENDIENTE,0,12,,,,,,0,,,0,0
18700,PENDIENTE,0,12,,,,,,0,,,0,0
18861,PENDIENTE,0,12,,,,,,0,,,0,0
19183,PENDIENTE,0,12,,,,,,0,,,0,0
19184,PENDIENTE,0,12,,,,,,0,,,0,0
19185,PENDIENTE,0,12,,,,,,0,,,0,0
19186,PENDIENTE,0,24,,,,,,0,,,0,0
19187,PENDIENTE,0,12,,,,,,0,,,0,0
19471,PENDIENTE,0,12,,,,,,0,,,0,0
19755,PENDIENTE,0,12,,,,,,0,,,0,0
20039,PENDIENTE,0,3000,,,,,,0,,,0,0
20124,PENDIENTE,0,3000,,,,,,0,,,0,0
20209,PENDIENTE,0,3000,,,,,,0,,,0,0
20294,PENDIENTE,0,600,,,,,,0,,,0,0
20342,PENDIENTE,0,600,,,,,,0,,,0,0
20390,PENDIENTE,0,600,,,,,,0,,,0,0
20438,PENDIENTE,0,3000,,,,,,0,,,0,0
20523,PENDIENTE,0,3000,,,,,,0,,,0,0
20608,PENDIENTE,0,3000,,,,,,0,,,0,0
26810,PENDIENTE,0,4000,,,,,,0,,,0,0
26973,PENDIENTE,0,4000,,,,,,0,,,0,0
27136,PENDIENTE,0,4000,,,,,,0,,,0,0
27299,PENDIENTE,0,2000,,,,,,0,,,0,0
27410,PENDIENTE,0,2000,,,,,,0,,,0,0
27521,PENDIENTE,0,2000,,,,,,0,,,0,0
27632,PENDIENTE,0,4000,,,,,,0,,,0,0
27795,PENDIENTE,0,4000,,,,,,0,,,0,0
27958,PENDIENTE,0,4000,,,,,,0,,,0,0
28121,PENDIENTE,0,2000,,,,,,0,,,0,0
28232,PENDIENTE,0,2000,,,,,,0,,,0,0
28343,PENDIENTE,0,2000,,,,,,0,,,0,0
28454,PENDIENTE,0,2,,,,,,0,,,0,0
28471,PENDIENTE,0,2,,,,,,0,,,0,0
28488,PENDIENTE,0,2,,,,,,0,,,0,0
28505,PENDIENTE,0,2,,,,,,0,,,0,0
28539,PENDIENTE,0,2,,,,,,0,,,0,0
28556,PENDIENTE,0,2,,,,,,0,,,0,0
28590,PENDIENTE,0,2,,,,,,0,,,0,0
28624,PENDIENTE,0,2,,,,,,0,,,0,0
28760,PENDIENTE,0,2,,,,,,0,,,0,0
28794,PENDIENTE,0,2,,,,,,0,,,0,0
28862,PENDIENTE,0,2,,,,,,0,,,0,0
28898,PENDIENTE,0,2,,,,,,0,,,0,0
28934,PENDIENTE,0,2,,,,,,0,,,0,0
29006,PENDIENTE,0,4,,,,,,0,,,0,0
29045,PENDIENTE,0,4,,,,,,0,,,0,0
29084,PENDIENTE,0,4,,,,,,0,,,0,0
29123,PENDIENTE,0,500,,,,,,0,,,0,0
29141,PENDIENTE,0,500,,,,,,0,,,0,0
29159,PENDIENTE,0,500,,,,,,0,,,0,0
29177,PENDIENTE,0,500,,,,,,0,,,0,0
29200,PENDIENTE,0,500,,,,,,0,,,0,0
29223,PENDIENTE,0,500,,,,,,0,,,0,0
29246,PENDIENTE,0,500,,,,,,0,,,0,0
29269,PENDIENTE,0,500,,,,,,0,,,0,0
29292,PENDIENTE,0,500,,,,,,0,,,0,0
29315,PENDIENTE,0,300,,,,,,0,,,0,0
29338,PENDIENTE,0,300,,,,,,0,,,0,0
29361,PENDIENTE,0,300,,,,,,0,,,0,0
29384,PENDIENTE,0,300,,,,,,0,,,0,0
29407,PENDIENTE,0,300,,,,,,0,,,0,0
29430,PENDIENTE,0,300,,,,,,0,,,0,0
29453,PENDIENTE,0,500,,,,,,0,,,0,0
29455,PENDIENTE,0,500,,,,,,0,,,0,0
29475,PENDIENTE,0,500,,,,,,0,,,0,0
29515,PENDIENTE,0,500,,,,,,0,,,0,0
29617,PENDIENTE,0,500,,,,,,0,,,0,0
29719,PENDIENTE,0,500,,,,,,0,,,0,0
29821,PENDIENTE,0,2500,,,,,,0,,,0,0
29825,PENDIENTE,0,2500,,,,,,0,,,0,0
29856,PENDIENTE,0,2500,,,,,,0,,,0,0
29918,PENDIENTE,0,2500,,,,,,0,,,0,0
29941,PENDIENTE,0,2500,,,,,,0,,,0,0
29964,PENDIENTE,0,2500,,,,,,0,,,0,0
29987,LISTO,150,0,"[""PLACA 1100*780 09B""]",[176],[176],[0],,2,,marco ordenes,0,0
30039,PENDIENTE,0,150,,,,,,0,,,0,0
30091,PENDIENTE,0,150,,,,,,0,,,0,0
30143,PENDIENTE,0,500,,,,,,0,,,0,0
30146,LISTO,500,0,[],[],[],[],,2,,Carlos Muller,0,0
30149,PENDIENTE,0,500,,,,,,0,,,0,0
30155,PENDIENTE,0,500,,,,,,0,,,0,0
30159,LISTO,500,0,[],[],[],[],,2,,Carlos Muller,0,0
30163,PENDIENTE,0,500,,,,,,0,,,0,0
30703,PENDIENTE,0,10,,,,,,0,,,0,0
30704,PENDIENTE,0,10,,,,,,0,,,0,0
30705,PENDIENTE,0,10,,,,,,0,,,0,0
30706,PENDIENTE,0,10,,,,,,0,,,0,0
30707,PENDIENTE,0,20,,,,,,0,,,0,0
30708,PENDIENTE,0,20,,,,,,0,,,0,0
30709,PENDIENTE,0,20,,,,,,0,,,0,0
30710,PENDIENTE,0,20,,,,,,0,,,0,0
30711,PENDIENTE,0,10,,,,,,0,,,0,0
30712,PENDIENTE,0,10,,,,,,0,,,0,0
30713,PENDIENTE,0,10,,,,,,0,,,0,0
30714,PENDIENTE,0,10,,,,,,0,,,0,0
30715,PENDIENTE,0,10,,,,,,0,,,0,0
30716,PENDIENTE,0,10,,,,,,0,,,0,0
30717,PENDIENTE,0,10,,,,,,0,,,0,0
30718,PENDIENTE,0,10,,,,,,0,,,0,0
30719,PENDIENTE,0,10,,,,,,0,,,0,0
30720,PENDIENTE,0,10,,,,,,0,,,0,0
30721,PENDIENTE,0,20,,,,,,0,,,0,0
30722,PENDIENTE,0,20,,,,,,0,,,0,0
30723,PENDIENTE,0,20,,,,,,0,,,0,0
30724,PENDIENTE,0,20,,,,,,0,,,0,0
30725,PENDIENTE,0,10,,,,,,0,,,0,0
30726,PENDIENTE,0,10,,,,,,0,,,0,0
30727,PENDIENTE,0,10,,,,,,0,,,0,0
30728,PENDIENTE,0,10,,,,,,0,,,0,0
30729,PENDIENTE,0,10,,,,,,0,,,0,0
30730,PENDIENTE,0,10,,,,,,0,,,0,0
30732,PENDIENTE,0,2,,,,,,0,,,0,0
30733,PENDIENTE,0,60,,,,,,0,,,0,0
30734,PENDIENTE,0,60,,,,,,0,,,0,0
30735,PENDIENTE,0,60,,,,,,0,,,0,0
30736,PENDIENTE,0,60,,,,,,0,,,0,0
30737,PENDIENTE,0,1000,,,,,,0,,,0,0
30738,PENDIENTE,0,300,,,,,,0,,,0,0
30739,PENDIENTE,0,20,,,,,,0,,,0,0
30740,PENDIENTE,0,20,,,,,,0,,,0,0
30741,PENDIENTE,0,4000,,,,,,0,,,0,0
30742,PENDIENTE,0,3000,,,,,,0,,,0,0
30743,PENDIENTE,0,4000,,,,,,0,,,0,0
30744,PENDIENTE,0,2,,,,,,0,,,0,0
30745,PENDIENTE,0,2,,,,,,0,,,0,0
30746,PENDIENTE,0,2,,,,,,0,,,0,0
30747,PENDIENTE,0,2,,,,,,0,,,0,0
30748,PENDIENTE,0,2,,,,,,0,,,0,0
30749,PENDIENTE,0,2,,,,,,0,,,0,0
30750,PENDIENTE,0,500,,,,,,0,,,0,0
30751,PENDIENTE,0,2500,,,,,,0,,,0,0
30752,PENDIENTE,0,500,,,,,,0,,,0,0
30753,PENDIENTE,0,500,,,,,,0,,,0,0
30754,PENDIENTE,0,100,,,,,,0,,,0,0
30755,PENDIENTE,0,100,,,,,,0,,,0,0
30756,PENDIENTE,0,100,,,,,,0,,,0,0
30757,PENDIENTE,0,100,,,,,,0,,,0,0
30758,PENDIENTE,0,100,,,,,,0,,,0,0
30759,PENDIENTE,0,100,,,,,,0,,,0,0
30760,PENDIENTE,0,100,,,,,,0,,,0,0
30761,PENDIENTE,0,100,,,,,,0,,,0,0
30762,PENDIENTE,0,100,,,,,,0,,,0,0
30763,PENDIENTE,0,100,,,,,,0,,,0,0
30764,PENDIENTE,0,100,,,,,,0,,,0,0
30765,PENDIENTE,0,100,,,,,,0,,,0,0
30766,PENDIENTE,0,100,,,,,,0,,,0,0
30767,PENDIENTE,0,100,,,,,,0,,,0,0
30768,PENDIENTE,0,100,,,,,,0,,,0,0
30769,PENDIENTE,0,100,,,,,,0,,,0,0
30770,PENDIENTE,0,100,,,,,,0,,,0,0
30771,PENDIENTE,0,100,,,,,,0,,,0,0
30772,PENDIENTE,0,100,,,,,,0,,,0,0
30773,PENDIENTE,0,100,,,,,,0,,,0,0
30774,PENDIENTE,0,100,,,,,,0,,,0,0
30775,PENDIENTE,0,100,,,,,,0,,,0,0
30776,PENDIENTE,0,100,,,,,,0,,,0,0
30777,PENDIENTE,0,100,,,,,,0,,,0,0
30778,PENDIENTE,0,2000,,,,,,0,,,0,0
30779,PENDIENTE,0,2000,,,,,,0,,,0,0
30780,PENDIENTE,0,2000,,,,,,0,,,0,0
30781,PENDIENTE,0,2000,,,,,,0,,,0,0
30782,PENDIENTE,0,2000,,,,,,0,,,0,0
30783,PENDIENTE,0,2000,,,,,,0,,,0,0
30784,PENDIENTE,0,3000,,,,,,0,,,0,0
30785,PENDIENTE,0,3000,,,,,,0,,,0,0
30786,PENDIENTE,0,3000,,,,,,0,,,0,0
30787,PENDIENTE,0,3000,,,,,,0,,,0,0
30788,PENDIENTE,0,50,,,,,,0,,,0,0
30789,PENDIENTE,0,50,,,,,,0,,,0,0
30790,PENDIENTE,0,50,,,,,,0,,,0,0
30791,PENDIENTE,0,50,,,,,,0,,,0,0
30792,PENDIENTE,0,50,,,,,,0,,,0,0
30793,PENDIENTE,0,50,,,,,,0,,,0,0
30794,PENDIENTE,0,100,,,,,,0,,,0,0
30795,PENDIENTE,0,100,,,,,,0,,,0,0
30796,PENDIENTE,0,100,,,,,,0,,,0,0
30797,PENDIENTE,0,100,,,,,,0,,,0,0
30798,PENDIENTE,0,100,,,,,,0,,,0,0
30799,PENDIENTE,0,100,,,,,,0,,,0,0
30800,PENDIENTE,0,500,,,,,,0,,,0,0
30801,PENDIENTE,0,500,,,,,,0,,,0,0
30802,PENDIENTE,0,500,,,,,,0,,,0,0
30803,PENDIENTE,0,500,,,,,,0,,,0,0
30804,PENDIENTE,0,500,,,,,,0,,,0,0
30805,PENDIENTE,0,500,,,,,,0,,,0,0
30806,PENDIENTE,0,20,,,,,,0,,,0,0
30807,PENDIENTE,0,20,,,,,,0,,,0,0
30808,PENDIENTE,0,20,,,,,,0,,,0,0
30809,PENDIENTE,0,20,,,,,,0,,,0,0
30810,PENDIENTE,0,20,,,,,,0,,,0,0
30811,PENDIENTE,0,20,,,,,,0,,,0,0
30812,PENDIENTE,0,20,,,,,,0,,,0,0
30813,PENDIENTE,0,20,,,,,,0,,,0,0
30814,PENDIENTE,0,20,,,,,,0,,,0,0
30815,PENDIENTE,0,20,,,,,,0,,,0,0
30816,PENDIENTE,0,100,,,,,,0,,,0,0
30817,PENDIENTE,0,100,,,,,,0,,,0,0
30818,PENDIENTE,0,100,,,,,,0,,,0,0
30819,PENDIENTE,0,100,,,,,,0,,,0,0
30820,PENDIENTE,0,100,,,,,,0,,,0,0
30821,PENDIENTE,0,100,,,,,,0,,,0,0
30822,PENDIENTE,0,40,,,,,,0,,,0,0
30823,PENDIENTE,0,40,,,,,,0,,,0,0
30824,PENDIENTE,0,40,,,,,,0,,,0,0
30825,PENDIENTE,0,40,,,,,,0,,,0,0
30826,PENDIENTE,0,45,,,,,,0,,,0,0
30827,PENDIENTE,0,45,,,,,,0,,,0,0
30828,PENDIENTE,0,45,,,,,,0,,,0,0
30829,PENDIENTE,0,45,,,,,,0,,,0,0
30830,PENDIENTE,0,45,,,,,,0,,,0,0
30831,PENDIENTE,0,45,,,,,,0,,,0,0
30832,PENDIENTE,0,45,,,,,,0,,,0,0
30833,PENDIENTE,0,55,,,,,,0,,,0,0
30834,PENDIENTE,0,55,,,,,,0,,,0,0
30835,PENDIENTE,0,17000,,,,,,0,,,0,0
30836,PENDIENTE,0,17000,,,,,,0,,,0,0
30837,PENDIENTE,0,17000,,,,,,0,,,0,0
30838,PENDIENTE,0,8000,,,,,,0,,,0,0
30839,PENDIENTE,0,8000,,,,,,0,,,0,0
30840,PENDIENTE,0,8000,,,,,,0,,,0,0
30841,PENDIENTE,0,300,,,,,,0,,,0,0
30842,PENDIENTE,0,300,,,,,,0,,,0,0
30843,PENDIENTE,0,300,,,,,,0,,,0,0
30844,PENDIENTE,0,300,,,,,,0,,,0,0
30845,PENDIENTE,0,300,,,,,,0,,,0,0
30846,PENDIENTE,0,300,,,,,,0,,,0,0
30847,PENDIENTE,0,300,,,,,,0,,,0,0
30848,PENDIENTE,0,600,,,,,,0,,,0,0
30849,LISTO,600,0,[],[],[],[],,2,,Carlos Muller,0,0
30850,PENDIENTE,0,600,,,,,,0,,,0,0
30851,PENDIENTE,0,25,,,,,,0,,,0,0
30852,PENDIENTE,0,25,,,,,,0,,,0,0
30853,PENDIENTE,0,25,,,,,,0,,,0,0
30854,PENDIENTE,0,25,,,,,,0,,,0,0
30855,PENDIENTE,0,25,,,,,,0,,,0,0
30856,PENDIENTE,0,25,,,,,,0,,,0,0
30857,PENDIENTE,0,25,,,,,,0,,,0,0
30858,PENDIENTE,0,25,,,,,,0,,,0,0
30859,PENDIENTE,0,25,,,,,,0,,,0,0
30860,PENDIENTE,0,25,,,,,,0,,,0,0
30861,PENDIENTE,0,25,,,,,,0,,,0,0
30862,PENDIENTE,0,25,,,,,,0,,,0,0
30863,PENDIENTE,0,25,,,,,,0,,,0,0
30864,PENDIENTE,0,25,,,,,,0,,,0,0
30865,PENDIENTE,0,25,,,,,,0,,,0,0
30866,PENDIENTE,0,25,,,,,,0,,,0,0
30867,PENDIENTE,0,25,,,,,,0,,,0,0
30868,PENDIENTE,0,25,,,,,,0,,,0,0
30869,PENDIENTE,0,25,,,,,,0,,,0,0
30870,PENDIENTE,0,25,,,,,,0,,,0,0
30871,PENDIENTE,0,25,,,,,,0,,,0,0
30872,PENDIENTE,0,25,,,,,,0,,,0,0
30873,PENDIENTE,0,50,,,,,,0,,,0,0
30874,PENDIENTE,0,50,,,,,,0,,,0,0
30875,PENDIENTE,0,50,,,,,,0,,,0,0
30876,PENDIENTE,0,50,,,,,,0,,,0,0
30877,PENDIENTE,0,50,,,,,,0,,,0,0
30878,PENDIENTE,0,50,,,,,,0,,,0,0
30879,PENDIENTE,0,50,,,,,,0,,,0,0
30880,PENDIENTE,0,50,,,,,,0,,,0,0
30881,PENDIENTE,0,50,,,,,,0,,,0,0
30882,PENDIENTE,0,50,,,,,,0,,,0,0
30883,PENDIENTE,0,50,,,,,,0,,,0,0
30884,PENDIENTE,0,150,,,,,,0,,,0,0
30885,PENDIENTE,0,150,,,,,,0,,,0,0
30886,PENDIENTE,0,150,,,,,,0,,,0,0
30887,PENDIENTE,0,150,,,,,,0,,,0,0
30888,PENDIENTE,0,150,,,,,,0,,,0,0
30889,PENDIENTE,0,150,,,,,,0,,,0,0
30890,PENDIENTE,0,1000,,,,,,0,,,0,0
30891,PENDIENTE,0,1000,,,,,,0,,,0,0
30892,PENDIENTE,0,1000,,,,,,0,,,0,0
30893,PENDIENTE,0,100,,,,,,0,,,0,0
30894,PENDIENTE,0,100,,,,,,0,,,0,0
30895,PENDIENTE,0,100,,,,,,0,,,0,0
30896,PENDIENTE,0,100,,,,,,0,,,0,0
30897,PENDIENTE,0,100,,,,,,0,,,0,0
30898,PENDIENTE,0,16,,,,,,0,,,0,0
30899,PENDIENTE,0,16,,,,,,0,,,0,0
30900,PENDIENTE,0,16,,,,,,0,,,0,0
30901,PENDIENTE,0,16,,,,,,0,,,0,0
30902,PENDIENTE,0,16,,,,,,0,,,0,0
30903,PENDIENTE,0,16,,,,,,0,,,0,0
30904,PENDIENTE,0,16,,,,,,0,,,0,0
30905,PENDIENTE,0,16,,,,,,0,,,0,0
30906,PENDIENTE,0,16,,,,,,0,,,0,0
30907,PENDIENTE,0,16,,,,,,0,,,0,0
30908,PENDIENTE,0,16,,,,,,0,,,0,0
30909,PENDIENTE,0,16,,,,,,0,,,0,0
30910,PENDIENTE,0,16,,,,,,0,,,0,0
30911,PENDIENTE,0,16,,,,,,0,,,0,0
30912,PENDIENTE,0,16,,,,,,0,,,0,0
30913,PENDIENTE,0,16,,,,,,0,,,0,0
30914,PENDIENTE,0,16,,,,,,0,,,0,0
30915,PENDIENTE,0,16,,,,,,0,,,0,0
30916,PENDIENTE,0,16,,,,,,0,,,0,0
30917,PENDIENTE,0,16,,,,,,0,,,0,0
30918,PENDIENTE,0,16,,,,,,0,,,0,0
30919,PENDIENTE,0,16,,,,,,0,,,0,0
30920,PENDIENTE,0,16,,,,,,0,,,0,0
30921,PENDIENTE,0,16,,,,,,0,,,0,0
30922,PENDIENTE,0,16,,,,,,0,,,0,0
30923,PENDIENTE,0,16,,,,,,0,,,0,0
30924,PENDIENTE,0,32,,,,,,0,,,0,0
30925,PENDIENTE,0,32,,,,,,0,,,0,0
30926,PENDIENTE,0,32,,,,,,0,,,0,0
30927,PENDIENTE,0,32,,,,,,0,,,0,0
30928,PENDIENTE,0,16,,,,,,0,,,0,0
30929,PENDIENTE,0,16,,,,,,0,,,0,0
30930,PENDIENTE,0,16,,,,,,0,,,0,0
30931,PENDIENTE,0,16,,,,,,0,,,0,0
30932,PENDIENTE,0,16,,,,,,0,,,0,0
30933,PENDIENTE,0,16,,,,,,0,,,0,0
30934,PENDIENTE,0,16,,,,,,0,,,0,0
30935,PENDIENTE,0,16,,,,,,0,,,0,0
30936,PENDIENTE,0,16,,,,,,0,,,0,0
30937,PENDIENTE,0,400,,,,,,0,,,0,0
30938,PENDIENTE,0,400,,,,,,0,,,0,0
30939,PENDIENTE,0,400,,,,,,0,,,0,0
30940,PENDIENTE,0,3500,,,,,,0,,,0,0
30941,LISTO,3500,0,"[""PLACA 1100*780 09B""]",[4667],[4655],[12],,2,,Carlos Muller,0,0
30942,PENDIENTE,0,3500,,,,,,0,,,0,0
30943,PENDIENTE,0,3500,,,,,,0,,,0,0
30944,PENDIENTE,0,3500,,,,,,0,,,0,0
30945,PENDIENTE,0,3500,,,,,,0,,,0,0
30946,PENDIENTE,0,5000,,,,,,0,,,0,0
30947,PENDIENTE,0,5000,,,,,,0,,,0,0
30948,PENDIENTE,0,5000,,,,,,0,,,0,0
30949,PENDIENTE,0,400,,,,,,0,,,0,0
30950,PENDIENTE,0,400,,,,,,0,,,0,0
30951,PENDIENTE,0,400,,,,,,0,,,0,0
30952,PENDIENTE,0,1000,,,,,,0,,,0,0
30953,PENDIENTE,0,1000,,,,,,0,,,0,0
30954,PENDIENTE,0,1000,,,,,,0,,,0,0
30955,PENDIENTE,0,500,,,,,,0,,,0,0
30956,PENDIENTE,0,500,,,,,,0,,,0,0
30957,PENDIENTE,0,500,,,,,,0,,,0,0
30958,PENDIENTE,0,3000,,,,,,0,,,0,0
30959,PENDIENTE,0,3000,,,,,,0,,,0,0
30960,PENDIENTE,0,3000,,,,,,0,,,0,0
30961,PENDIENTE,0,3000,,,,,,0,,,0,0
30962,PENDIENTE,0,60,,,,,,0,,,0,0
30963,PENDIENTE,0,60,,,,,,0,,,0,0
30964,PENDIENTE,0,60,,,,,,0,,,0,0
30965,PENDIENTE,0,60,,,,,,0,,,0,0
30966,PENDIENTE,0,60,,,,,,0,,,0,0
30967,PENDIENTE,0,60,,,,,,0,,,0,0
30968,PENDIENTE,0,60,,,,,,0,,,0,0
30969,PENDIENTE,0,60,,,,,,0,,,0,0
30970,PENDIENTE,0,60,,,,,,0,,,0,0
30971,PENDIENTE,0,60,,,,,,0,,,0,0
30972,PENDIENTE,0,60,,,,,,0,,,0,0
30973,PENDIENTE,0,220,,,,,,0,,,0,0
30974,PENDIENTE,0,220,,,,,,0,,,0,0
30975,PENDIENTE,0,220,,,,,,0,,,0,0
30976,PENDIENTE,0,220,,,,,,0,,,0,0
30977,PENDIENTE,0,220,,,,,,0,,,0,0
30978,PENDIENTE,0,220,,,,,,0,,,0,0
30979,PENDIENTE,0,440,,,,,,0,,,0,0
30980,LISTO,440,0,[],[],[],[],,2,,Carlos Muller,0,0
30981,PENDIENTE,0,440,,,,,,0,,,0,0
30982,PENDIENTE,0,300,,,,,,0,,,0,0
30983,PENDIENTE,0,300,,,,,,0,,,0,0
30984,PENDIENTE,0,300,,,,,,0,,,0,0
30985,PENDIENTE,0,200,,,,,,0,,,0,0
30986,PENDIENTE,0,200,,,,,,0,,,0,0
30987,PENDIENTE,0,200,,,,,,0,,,0,0
30988,PENDIENTE,0,500,,,,,,0,,,0,0
30989,PENDIENTE,0,500,,,,,,0,,,0,0
30990,PENDIENTE,0,500,,,,,,0,,,0,0
30991,PENDIENTE,0,500,,,,,,0,,,0,0
30992,PENDIENTE,0,500,,,,,,0,,,0,0
30993,PENDIENTE,0,1000,,,,,,0,,,0,0
30994,PENDIENTE,0,1000,,,,,,0,,,0,0
30995,PENDIENTE,0,1000,,,,,,0,,,0,0
30996,PENDIENTE,0,50,,,,,,0,,,0,0
30997,PENDIENTE,0,50,,,,,,0,,,0,0
30998,PENDIENTE,0,50,,,,,,0,,,0,0
30999,PENDIENTE,0,50,,,,,,0,,,0,0
31000,PENDIENTE,0,500,,,,,,0,,,0,0
31001,PENDIENTE,0,500,,,,,,0,,,0,0
31002,PENDIENTE,0,500,,,,,,0,,,0,0
31003,PENDIENTE,0,500,,,,,,0,,,0,0
31004,PENDIENTE,0,500,,,,,,0,,,0,0
31005,PENDIENTE,0,3,,,,,,0,,,0,0
31006,PENDIENTE,0,3,,,,,,0,,,0,0
31007,PENDIENTE,0,3,,,,,,0,,,0,0
31008,PENDIENTE,0,3,,,,,,0,,,0,0
31009,PENDIENTE,0,3,,,,,,0,,,0,0
31010,PENDIENTE,0,3,,,,,,0,,,0,0
31011,PENDIENTE,0,3,,,,,,0,,,0,0
31012,PENDIENTE,0,3,,,,,,0,,,0,0
31013,PENDIENTE,0,3,,,,,,0,,,0,0
31014,PENDIENTE,0,3,,,,,,0,,,0,0
31015,PENDIENTE,0,500,,,,,,0,,,0,0
31016,PENDIENTE,0,500,,,,,,0,,,0,0
31017,PENDIENTE,0,500,,,,,,0,,,0,0
31018,PENDIENTE,0,240,,,,,,0,,,0,0
31019,PENDIENTE,0,240,,,,,,0,,,0,0
31020,PENDIENTE,0,240,,,,,,0,,,0,0
31021,PENDIENTE,0,240,,,,,,0,,,0,0
31022,PENDIENTE,0,2500,,,,,,0,,,0,0
31023,PENDIENTE,0,2500,,,,,,0,,,0,0
31024,PENDIENTE,0,2500,,,,,,0,,,0,0
31025,PENDIENTE,0,2500,,,,,,0,,,0,0
31026,PENDIENTE,0,2500,,,,,,0,,,0,0
31027,PENDIENTE,0,2500,,,,,,0,,,0,0
31028,PENDIENTE,0,2500,,,,,,0,,,0,0
31029,PENDIENTE,0,1000,,,,,,0,,,0,0
31030,PENDIENTE,0,1000,,,,,,0,,,0,0
31031,PENDIENTE,0,1000,,,,,,0,,,0,0
31032,LISTO,1000,0,[],[],[],[],,2,,Carlos Muller,0,0
31033,PENDIENTE,0,1000,,,,,,0,,,0,0
31034,PENDIENTE,0,1000,,,,,,0,,,0,0
31035,PENDIENTE,0,400,,,,,,0,,,0,0
31036,PENDIENTE,0,400,,,,,,0,,,0,0
31037,PENDIENTE,0,400,,,,,,0,,,0,0
31038,PENDIENTE,0,700,,,,,,0,,,0,0
31039,PENDIENTE,0,700,,,,,,0,,,0,0
31040,PENDIENTE,0,700,,,,,,0,,,0,0
31041,PENDIENTE,0,700,,,,,,0,,,0,0
31042,PENDIENTE,0,8,,,,,,0,,,0,0
31043,PENDIENTE,0,8,,,,,,0,,,0,0
31044,PENDIENTE,0,8,,,,,,0,,,0,0
31045,PENDIENTE,0,8,,,,,,0,,,0,0
31046,PENDIENTE,0,8,,,,,,0,,,0,0
31047,PENDIENTE,0,150,,,,,,0,,,0,0
31048,PENDIENTE,0,150,,,,,,0,,,0,0
31049,PENDIENTE,0,150,,,,,,0,,,0,0
31050,PENDIENTE,0,150,,,,,,0,,,0,0
31051,PENDIENTE,0,300,,,,,,0,,,0,0
31052,PENDIENTE,0,300,,,,,,0,,,0,0
31053,PENDIENTE,0,300,,,,,,0,,,0,0
31054,PENDIENTE,0,300,,,,,,0,,,0,0
31055,PENDIENTE,0,600,,,,,,0,,,0,0
31056,PENDIENTE,0,600,,,,,,0,,,0,0
31057,PENDIENTE,0,600,,,,,,0,,,0,0
31058,PENDIENTE,0,200,,,,,,0,,,0,0
31059,PENDIENTE,0,200,,,,,,0,,,0,0
31060,PENDIENTE,0,200,,,,,,0,,,0,0
31061,PENDIENTE,0,400,,,,,,0,,,0,0
31062,PENDIENTE,0,400,,,,,,0,,,0,0
31063,PENDIENTE,0,400,,,,,,0,,,0,0
31064,PENDIENTE,0,400,,,,,,0,,,0,0
31065,PENDIENTE,0,400,,,,,,0,,,0,0
31066,PENDIENTE,0,400,,,,,,0,,,0,0
31067,PENDIENTE,0,400,,,,,,0,,,0,0
31068,PENDIENTE,0,400,,,,,,0,,,0,0
31069,PENDIENTE,0,400,,,,,,0,,,0,0
31070,PENDIENTE,0,400,,,,,,0,,,0,0
31071,PENDIENTE,0,400,,,,,,0,,,0,0
31072,PENDIENTE,0,400,,,,,,0,,,0,0
31073,PENDIENTE,0,400,,,,,,0,,,0,0
31074,PENDIENTE,0,400,,,,,,0,,,0,0
31075,PENDIENTE,0,400,,,,,,0,,,0,0
31076,PENDIENTE,0,400,,,,,,0,,,0,0
31077,PENDIENTE,0,400,,,,,,0,,,0,0
31078,PENDIENTE,0,400,,,,,,0,,,0,0
31079,PENDIENTE,0,400,,,,,,0,,,0,0
31080,PENDIENTE,0,400,,,,,,0,,,0,0
31081,PENDIENTE,0,400,,,,,,0,,,0,0
31082,PENDIENTE,0,400,,,,,,0,,,0,0
31083,PENDIENTE,0,400,,,,,,0,,,0,0
31084,PENDIENTE,0,400,,,,,,0,,,0,0
31085,PENDIENTE,0,20,,,,,,0,,,0,0
31086,PENDIENTE,0,20,,,,,,0,,,0,0
31087,PENDIENTE,0,20,,,,,,0,,,0,0
31088,PENDIENTE,0,20,,,,,,0,,,0,0
31089,LISTO,20,0,[],[],[],[],,2,,nicolas tordesilla,0,0
31090,PENDIENTE,0,500,,,,,,0,,,0,0
31091,PENDIENTE,0,500,,,,,,0,,,0,0
31092,PENDIENTE,0,500,,,,,,0,,,0,0
31093,PENDIENTE,0,500,,,,,,0,,,0,0
31094,PENDIENTE,0,500,,,,,,0,,,0,0
31095,PENDIENTE,0,300,,,,,,0,,,0,0
31096,PENDIENTE,0,300,,,,,,0,,,0,0
31097,PENDIENTE,0,300,,,,,,0,,,0,0
31098,PENDIENTE,0,1000,,,,,,0,,,0,0
31099,LISTO,1000,0,[],[],[],[],,2,,Carlos Muller,0,0
31100,PENDIENTE,0,1000,,,,,,0,,,0,0
31101,PENDIENTE,0,1000,,,,,,0,,,0,0
31102,PENDIENTE,0,1000,,,,,,0,,,0,0
31103,PENDIENTE,0,1000,,,,,,0,,,0,0
31104,LISTO,1000,0,[],[],[],[],,2,,Carlos Muller,0,0
31105,PENDIENTE,0,1000,,,,,,0,,,0,0
31106,PENDIENTE,0,1000,,,,,,0,,,0,0
31107,PENDIENTE,0,3000,,,,,,0,,,0,0
31108,LISTO,3000,0,"[""PLACA 1100*780 09B""]",[4333],[4325],[8],,2,,Carlos Muller,0,0
31109,PENDIENTE,0,3000,,,,,,0,,,0,0
31110,PENDIENTE,0,5000,,,,,,0,,,0,0
31111,PENDIENTE,0,5000,,,,,,0,,,0,0
31112,PENDIENTE,0,5000,,,,,,0,,,0,0
31113,PENDIENTE,0,5000,,,,,,0,,,0,0
31114,PENDIENTE,0,5000,,,,,,0,,,0,0
31115,PENDIENTE,0,5000,,,,,,0,,,0,0
31116,PENDIENTE,0,1457,,,,,,0,,,0,0
31117,PENDIENTE,0,1457,,,,,,0,,,0,0
31118,PENDIENTE,0,1457,,,,,,0,,,0,0
31119,PENDIENTE,0,5000,,,,,,0,,,0,0
31120,PENDIENTE,0,5000,,,,,,0,,,0,0
31121,PENDIENTE,0,5000,,,,,,0,,,0,0
31122,PENDIENTE,0,1457,,,,,,0,,,0,0
31123,PENDIENTE,0,1457,,,,,,0,,,0,0
31124,PENDIENTE,0,1457,,,,,,0,,,0,0
31125,PENDIENTE,0,6500,,,,,,0,,,0,0
31126,PENDIENTE,0,6500,,,,,,0,,,0,0
31127,PENDIENTE,0,6500,,,,,,0,,,0,0
31128,PENDIENTE,0,5000,,,,,,0,,,0,0
31129,PENDIENTE,0,5000,,,,,,0,,,0,0
31130,PENDIENTE,0,5000,,,,,,0,,,0,0
31131,PENDIENTE,0,2947,,,,,,0,,,0,0
31132,PENDIENTE,0,2947,,,,,,0,,,0,0
31133,PENDIENTE,0,2947,,,,,,0,,,0,0
31134,LISTO,50000,0,[],[],[],[],,5,,raul espindola,0,0
31135,LISTO,50000,0,[],[],[],[],,2,,Carlos Muller,0,0
31136,PENDIENTE,0,50000,,,,,,0,,,0,0
31137,PENDIENTE,0,50000,,,,,,0,,,0,0
31138,PENDIENTE,0,200,,,,,,0,,,0,0
31139,PENDIENTE,0,200,,,,,,0,,,0,0
31140,PENDIENTE,0,200,,,,,,0,,,0,0
31141,PENDIENTE,0,200,,,,,,0,,,0,0
31142,PENDIENTE,0,400,,,,,,0,,,0,0
31143,PENDIENTE,0,400,,,,,,0,,,0,0
31144,PENDIENTE,0,400,,,,,,0,,,0,0
31145,PENDIENTE,0,400,,,,,,0,,,0,0
31146,PENDIENTE,0,400,,,,,,0,,,0,0
31147,PENDIENTE,0,5000,,,,,,0,,,0,0
31148,PENDIENTE,0,5000,,,,,,0,,,0,0
31149,PENDIENTE,0,5000,,,,,,0,,,0,0
31150,PENDIENTE,0,600,,,,,,0,,,0,0
31151,PENDIENTE,0,600,,,,,,0,,,0,0
31152,PENDIENTE,0,600,,,,,,0,,,0,0
31153,PENDIENTE,0,600,,,,,,0,,,0,0
31154,PENDIENTE,0,200,,,,,,0,,,0,0
31155,PENDIENTE,0,200,,,,,,0,,,0,0
31156,PENDIENTE,0,200,,,,,,0,,,0,0
31157,PENDIENTE,0,5000,,,,,,0,,,0,0
31158,PENDIENTE,0,5000,,,,,,0,,,0,0
31159,PENDIENTE,0,5000,,,,,,0,,,0,0
31160,PENDIENTE,0,15,,,,,,0,,,0,0
31161,PENDIENTE,0,15,,,,,,0,,,0,0
31162,PENDIENTE,0,15,,,,,,0,,,0,0
31163,PENDIENTE,0,15,,,,,,0,,,0,0
31164,PENDIENTE,0,15,,,,,,0,,,0,0
31165,PENDIENTE,0,15,,,,,,0,,,0,0
31166,PENDIENTE,0,15,,,,,,0,,,0,0
31167,PENDIENTE,0,15,,,,,,0,,,0,0
31168,PENDIENTE,0,15,,,,,,0,,,0,0
31169,PENDIENTE,0,15,,,,,,0,,,0,0
31170,PENDIENTE,0,15,,,,,,0,,,0,0
31171,PENDIENTE,0,15,,,,,,0,,,0,0
31172,PENDIENTE,0,50000,,,,,,0,,,0,0
31173,LISTO,50000,0,[],[],[],[],,2,,Carlos Muller,0,0
31174,PENDIENTE,0,50000,,,,,,0,,,0,0
31175,PENDIENTE,0,50000,,,,,,0,,,0,0
31176,PENDIENTE,0,600,,,,,,0,,,0,0
31177,PENDIENTE,0,600,,,,,,0,,,0,0
31178,PENDIENTE,0,600,,,,,,0,,,0,0
31179,PENDIENTE,0,600,,,,,,0,,,0,0
31180,PENDIENTE,0,600,,,,,,0,,,0,0
31181,PENDIENTE,0,1200,,,,,,0,,,0,0
31182,PENDIENTE,0,1200,,,,,,0,,,0,0
31183,PENDIENTE,0,1200,,,,,,0,,,0,0
31184,PENDIENTE,0,500,,,,,,0,,,0,0
31185,PENDIENTE,0,500,,,,,,0,,,0,0
31186,PENDIENTE,0,500,,,,,,0,,,0,0
31187,LISTO,500,0,[],[],[],[],,2,,Carlos Muller,0,0
31188,PENDIENTE,0,500,,,,,,0,,,0,0
31189,PENDIENTE,0,500,,,,,,0,,,0,0
31190,PENDIENTE,0,500,,,,,,0,,,0,0
31191,LISTO,1750,0,[],[],[],[],,2,,Carlos Muller,0,0
31192,PENDIENTE,0,500,,,,,,0,,,0,0
31193,PENDIENTE,0,500,,,,,,0,,,0,0
31194,PENDIENTE,0,100,,,,,,0,,,0,0
31195,PENDIENTE,0,100,,,,,,0,,,0,0
31196,PENDIENTE,0,100,,,,,,0,,,0,0
31197,PENDIENTE,0,100,,,,,,0,,,0,0
31198,PENDIENTE,0,100,,,,,,0,,,0,0
31199,PENDIENTE,0,100,,,,,,0,,,0,0
31200,PENDIENTE,0,100,,,,,,0,,,0,0
31201,PENDIENTE,0,100,,,,,,0,,,0,0
31202,PENDIENTE,0,150,,,,,,0,,,0,0
31203,PENDIENTE,0,150,,,,,,0,,,0,0
31204,PENDIENTE,0,150,,,,,,0,,,0,0
31205,PENDIENTE,0,150,,,,,,0,,,0,0
31206,PENDIENTE,0,150,,,,,,0,,,0,0
31207,PENDIENTE,0,150,,,,,,0,,,0,0
31208,PENDIENTE,0,150,,,,,,0,,,0,0
31209,PENDIENTE,0,150,,,,,,0,,,0,0
31210,PENDIENTE,0,150,,,,,,0,,,0,0
31211,PENDIENTE,0,650,,,,,,0,,,0,0
31212,LISTO,650,0,[],[],[],[],,2,,Carlos Muller,0,0
31213,PENDIENTE,0,100,,,,,,0,,,0,0
31214,PENDIENTE,0,100,,,,,,0,,,0,0
31215,PENDIENTE,0,100,,,,,,0,,,0,0
31216,PENDIENTE,0,100,,,,,,0,,,0,0
31217,PENDIENTE,0,100,,,,,,0,,,0,0
31218,PENDIENTE,0,100,,,,,,0,,,0,0
31219,PENDIENTE,0,100,,,,,,0,,,0,0
31220,LISTO,100,0,[],[],[],[],,2,,Carlos Muller,0,0
31221,LISTO,150,0,"[""PLACA 1890*2145 D94"",""PLACA 2200*2145 D94""]","[152,153]","[150,150]","[2,3]",,2,,Carlos Muller,0,0
31222,LISTO,150,0,[],[],[],[],,2,,Carlos Muller,0,0
31223,PENDIENTE,0,150,,,,,,0,,,0,0
31224,PENDIENTE,0,150,,,,,,0,,,0,0
31225,PENDIENTE,0,150,,,,,,0,,,0,0
31226,PENDIENTE,0,150,,,,,,0,,,0,0
31227,PENDIENTE,0,150,,,,,,0,,,0,0
31228,LISTO,300,0,"[""PLACA 1890*2145 D94"",""PLACA 2200*2145 D94""]","[302,300]","[300,300]","[2,0]",,2,,Carlos Muller,0,0
31229,PENDIENTE,0,150,,,,,,0,,,0,0
31230,PENDIENTE,0,650,,,,,,0,,,0,0
31231,LISTO,650,0,"[""PLACA 2800*2145 D92""]",[331],[325],[6],,2,,Carlos Muller,0,0
31232,PENDIENTE,0,500,,,,,,0,,,0,0
31233,LISTO,500,0,"[""PLACA 2500*2450 C20""]",[17],[15],[2],,2,,Carlos Muller,0,0
31234,LISTO,500,0,[],[],[],[],,2,Remove,"Carlos Muller, Matias Muller, Matias Muller",0,0
31235,LISTO,500,0,[],[],[],[],,2,,Carlos Muller,0,0
31236,PENDIENTE,0,200,,,,,,0,,,0,0
31237,PENDIENTE,0,200,,,,,,0,,,0,0
31238,PENDIENTE,0,200,,,,,,0,,,0,0
31239,PENDIENTE,0,500,,,,,,0,,,0,0
31240,PENDIENTE,0,500,,,,,,0,,,0,0
31241,PENDIENTE,0,500,,,,,,0,,,0,0
31242,LISTO,600,0,[],[],[],[],,4,,raul espindola,0,0
31243,PENDIENTE,0,600,,,,,,0,,,0,0
31244,LISTO,600,0,"[""PLACA 950*780 10E""]",[1152],[1152],[0],,2,,marco ordenes,0,0
31245,LISTO,3000,0,[],[],[],[],,4,,raul espindola,0,0
31246,PENDIENTE,0,3000,,,,,,0,,,0,0
31247,LISTO,3000,0,"[""PLACA 950*780 10E""]",[1003],[1000],[3],,2,,marco ordenes,0,0
31248,LISTO,600,0,[],[],[],[],,4,,raul espindola,0,0
31249,PENDIENTE,0,600,,,,,,0,,,0,0
31250,LISTO,600,0,"[""PLACA 950*780 10E""]",[931],[918],[13],,2,,"Matias Muller, Carlos Muller",0,1
31251,LISTO,3000,0,[],[],[],[],,2,,Carlos Muller,0,0
31252,PENDIENTE,0,3000,,,,,,0,,,0,0
31253,LISTO,3000,0,"[""PLACA 950*780 10E""]",[5405],[5400],[5],,2,,Carlos Muller,0,0
31254,PENDIENTE,0,600,,,,,,0,,,0,0
31255,LISTO,600,0,"[""PLACA 2330*1070 D98""]",[1207],[1200],[7],,2,,Carlos Muller,0,0
31256,PENDIENTE,0,600,,,,,,0,,,0,0
31257,PENDIENTE,0,600,,,,,,0,,,0,0
31258,PENDIENTE,0,300,,,,,,0,,,0,0
31259,PENDIENTE,0,300,,,,,,0,,,0,0
31260,PENDIENTE,0,300,,,,,,0,,,0,0
31261,PENDIENTE,0,300,,,,,,0,,,0,0
31262,PENDIENTE,0,10,,,,,,0,,,0,0
31263,PENDIENTE,0,10000,,,,,,0,,,0,0
31264,PENDIENTE,0,10000,,,,,,0,,,0,0
31265,PENDIENTE,0,10000,,,,,,0,,,0,0
31266,PENDIENTE,0,3000,,,,,,0,,,0,0
31267,PENDIENTE,0,3000,,,,,,0,,,0,0
31268,PENDIENTE,0,3000,,,,,,0,,,0,0
31269,PENDIENTE,0,2000,,,,,,0,,,0,0
31270,PENDIENTE,0,2000,,,,,,0,,,0,0
31271,PENDIENTE,0,2000,,,,,,0,,,0,0
31272,PENDIENTE,0,2000,,,,,,0,,,0,0
31273,PENDIENTE,0,3000,,,,,,0,,,0,0
31274,PENDIENTE,0,3000,,,,,,0,,,0,0
31275,PENDIENTE,0,3000,,,,,,0,,,0,0
31276,PENDIENTE,0,3000,,,,,,0,,,0,0
31277,PENDIENTE,0,15,,,,,,0,,,0,0
31278,PENDIENTE,0,15,,,,,,0,,,0,0
31279,PENDIENTE,0,15,,,,,,0,,,0,0
31280,PENDIENTE,0,15,,,,,,0,,,0,0
31281,PENDIENTE,0,15,,,,,,0,,,0,0
31282,PENDIENTE,0,15,,,,,,0,,,0,0
31283,PENDIENTE,0,15,,,,,,0,,,0,0
31284,PENDIENTE,0,15,,,,,,0,,,0,0
31285,LISTO,30,0,"[""PLACA 2500*2450 C20""]",[16],[15],[1],,2,,Carlos Muller,0,0
31286,LISTO,30,0,"[""PLACA 2500*2450 C20""]",[17],[15],[2],,2,,Carlos Muller,0,0
31287,PENDIENTE,0,30,,,,,,0,,,0,0
31288,PENDIENTE,0,30,,,,,,0,,,0,0
31289,PENDIENTE,0,7000,,,,,,0,,,0,0
31290,PENDIENTE,0,7000,,,,,,0,,,0,0
31291,LISTO,7000,0,[],[],[],[],,4,,raul espindola,0,0
31292,PENDIENTE,0,2000,,,,,,0,,,0,0
31293,LISTO,2000,0,"[""PLACA 1100*780 09B""]",[2510],[2500],[10],,2,,Carlos Muller,0,0
31294,LISTO,2000,0,[],[],[],[],,4,,raul espindola,0,0
31295,PENDIENTE,0,2000,,,,,,0,,,0,0
31296,LISTO,1000,0,"[""PLACA 1100*780 09B""]",[1402],[1400],[2],,2,,Carlos Muller,0,0
31297,LISTO,1000,0,[],[],[],[],,4,,raul espindola,0,0
31298,PENDIENTE,0,1000,,,,,,0,,,0,0
31299,PENDIENTE,0,10,,,,,,0,,,0,0
31300,PENDIENTE,0,10,,,,,,0,,,0,0
31301,PENDIENTE,0,10,,,,,,0,,,0,0
31302,PENDIENTE,0,10,,,,,,0,,,0,0
31303,PENDIENTE,0,10,,,,,,0,,,0,0
31304,PENDIENTE,0,10,,,,,,0,,,0,0
31307,PENDIENTE,0,1000,,,,,,0,,,0,0
31308,PENDIENTE,0,1000,,,,,,0,,,0,0
31309,PENDIENTE,0,30,,,,,,0,,,0,0
31311,PENDIENTE,0,60,,,,,,0,,,0,0
31312,PENDIENTE,0,60,,,,,,0,,,0,0
31313,PENDIENTE,0,60,,,,,,0,,,0,0
31314,PENDIENTE,0,60,,,,,,0,,,0,0
31315,PENDIENTE,0,60,,,,,,0,,,0,0
31316,PENDIENTE,0,60,,,,,,0,,,0,0
31317,LISTO,60,0,[],[],[],[],,2,,Carlos Muller,0,0
31318,PENDIENTE,0,60,,,,,,0,,,0,0
31319,PENDIENTE,0,60,,,,,,0,,,0,0
31320,PENDIENTE,0,60,,,,,,0,,,0,0
31321,LISTO,60,0,[],[],[],[],,1,,leoncio arteaga,0,0
31322,PENDIENTE,0,400,,,,,,0,,,0,0
31323,PENDIENTE,0,400,,,,,,0,,,0,0
31324,PENDIENTE,0,400,,,,,,0,,,0,0
31325,PENDIENTE,0,300,,,,,,0,,,0,0
31326,PENDIENTE,0,300,,,,,,0,,,0,0
31327,PENDIENTE,0,300,,,,,,0,,,0,0
31328,PENDIENTE,0,300,,,,,,0,,,0,0
31329,PENDIENTE,0,300,,,,,,0,,,0,0
31330,PENDIENTE,0,300,,,,,,0,,,0,0
31331,PENDIENTE,0,300,,,,,,0,,,0,0
31332,PENDIENTE,0,44,,,,,,0,,,0,0
31333,PENDIENTE,0,44,,,,,,0,,,0,0
31334,PENDIENTE,0,44,,,,,,0,,,0,0
31335,PENDIENTE,0,44,,,,,,0,,,0,0
31336,PENDIENTE,0,44,,,,,,0,,,0,0
31337,PENDIENTE,0,44,,,,,,0,,,0,0
31338,PENDIENTE,0,44,,,,,,0,,,0,0
31339,PENDIENTE,0,88,,,,,,0,,,0,0
31340,PENDIENTE,0,88,,,,,,0,,,0,0
31341,PENDIENTE,0,500,,,,,,0,,,0,0
31342,PENDIENTE,0,500,,,,,,0,,,0,0
31343,PENDIENTE,0,500,,,,,,0,,,0,0
31344,PENDIENTE,0,5000,,,,,,0,,,0,0
31345,PENDIENTE,0,5000,,,,,,0,,,0,0
31346,LISTO,5000,0,"[""PLACA 950*780 09B""]",[6245],[6245],[0],,2,,marco ordenes,0,0
31347,LISTO,3300,0,[],[],[],[],,4,,raul espindola,0,0
31348,PENDIENTE,0,3300,,,,,,0,,,0,0
31349,PENDIENTE,0,3300,,,,,,0,,,0,0
31350,LISTO,5000,0,[],[],[],[],,4,,raul espindola,0,0
31351,PENDIENTE,0,5000,,,,,,0,,,0,0
31352,LISTO,5000,0,"[""PLACA 950*780 09B""]",[5006],[5000],[6],,2,,marco ordenes,0,0
31353,LISTO,3300,0,[],[],[],[],,4,,raul espindola,0,0
31354,PENDIENTE,0,3300,,,,,,0,,,0,0
31355,LISTO,3300,0,"[""PLACA 1100*780 09B""]",[3305],[3300],[5],,2,,Carlos Muller,0,0
31356,LISTO,5000,0,[],[],[],[],,2,,Carlos Muller,0,0
31357,PENDIENTE,0,5000,,,,,,0,,,0,0
31358,PENDIENTE,0,5000,,,,,,0,,,0,0
31359,PENDIENTE,0,230,,,,,,0,,,0,0
31360,PENDIENTE,0,230,,,,,,0,,,0,0
31361,PENDIENTE,0,230,,,,,,0,,,0,0
31362,PENDIENTE,0,230,,,,,,0,,,0,0
31363,PENDIENTE,0,160,,,,,,0,,,0,0
31364,PENDIENTE,0,160,,,,,,0,,,0,0
31365,PENDIENTE,0,160,,,,,,0,,,0,0
31366,PENDIENTE,0,160,,,,,,0,,,0,0
31367,PENDIENTE,0,160,,,,,,0,,,0,0
31368,PENDIENTE,0,160,,,,,,0,,,0,0
31369,PENDIENTE,0,160,,,,,,0,,,0,0
31370,PENDIENTE,0,160,,,,,,0,,,0,0
31371,PENDIENTE,0,160,,,,,,0,,,0,0
31372,PENDIENTE,0,160,,,,,,0,,,0,0
31373,PENDIENTE,0,200,,,,,,0,,,0,0
31374,PENDIENTE,0,200,,,,,,0,,,0,0
31375,PENDIENTE,0,200,,,,,,0,,,0,0
31376,PENDIENTE,0,200,,,,,,0,,,0,0
31377,PENDIENTE,0,200,,,,,,0,,,0,0
31378,LISTO,200,0,[],[],[],[],,10,,nicolas tordesilla,0,0
31379,PENDIENTE,0,200,,,,,,0,,,0,0
31380,PENDIENTE,0,300,,,,,,0,,,0,0
31381,PENDIENTE,0,300,,,,,,0,,,0,0
31382,PENDIENTE,0,300,,,,,,0,,,0,0
31383,PENDIENTE,0,420,,,,,,0,,,0,0
31384,PENDIENTE,0,420,,,,,,0,,,0,0
31385,PENDIENTE,0,420,,,,,,0,,,0,0
31386,LISTO,100,0,"[""PLACA 1600*1720 C30""]",[100],[100],[0],,2,,nicolas tordesilla,0,0
31387,LISTO,100,0,[],[],[],[],,2,,"cesar lozano, Carlos Muller, Carlos Muller",0,0
31388,PENDIENTE,0,100,,,,,,0,,,0,0
31389,PENDIENTE,0,100,,,,,,0,,,0,0
31390,PENDIENTE,0,100,,,,,,0,,,0,0
31391,LISTO,100,0,"[""PLACA 2800*2450 C30""]",[100],[100],[0],,2,,nicolas tordesilla,0,0
31392,LISTO,100,0,[],[],[],[],,2,,Carlos Muller,0,0
31393,PENDIENTE,0,100,,,,,,0,,,0,0
31394,PENDIENTE,0,100,,,,,,0,,,0,0
31395,PENDIENTE,0,100,,,,,,0,,,0,0
31396,PENDIENTE,0,100,,,,,,0,,,0,0
31397,LISTO,100,0,"[""PLACA 2200*2145 D94""]",[2],[2],[0],,3,,luis alfaro,0,0
31398,PENDIENTE,0,100,,,,,,0,,,0,0
31399,PENDIENTE,0,100,,,,,,0,,,0,0
31400,PENDIENTE,0,100,,,,,,0,,,0,0
31401,PENDIENTE,0,200,,,,,,0,,,0,0
31402,PENDIENTE,0,200,,,,,,0,,,0,0
31403,PENDIENTE,0,200,,,,,,0,,,0,0
31404,PENDIENTE,0,200,,,,,,0,,,0,0
31405,PENDIENTE,0,200,,,,,,0,,,0,0
31406,PENDIENTE,0,100,,,,,,0,,,0,0
31407,PENDIENTE,0,100,,,,,,0,,,0,0
31408,PENDIENTE,0,100,,,,,,0,,,0,0
31409,PENDIENTE,0,100,,,,,,0,,,0,0
31410,PENDIENTE,0,100,,,,,,0,,,0,0
31411,PENDIENTE,0,100,,,,,,0,,,0,0
31412,PENDIENTE,0,100,,,,,,0,,,0,0
31413,PENDIENTE,0,100,,,,,,0,,,0,0
31414,PENDIENTE,0,100,,,,,,0,,,0,0
31415,PENDIENTE,0,100,,,,,,0,,,0,0
31416,PENDIENTE,0,100,,,,,,0,,,0,0
31417,PENDIENTE,0,100,,,,,,0,,,0,0
31418,PENDIENTE,0,100,,,,,,0,,,0,0
31419,PENDIENTE,0,100,,,,,,0,,,0,0
31420,PENDIENTE,0,200,,,,,,0,,,0,0
31421,PENDIENTE,0,200,,,,,,0,,,0,0
31422,PENDIENTE,0,200,,,,,,0,,,0,0
31423,PENDIENTE,0,200,,,,,,0,,,0,0
31424,PENDIENTE,0,200,,,,,,0,,,0,0
31425,PENDIENTE,0,100,,,,,,0,,,0,0
31426,LISTO,100,0,"[""PLACA 2200*2145 D94"",""PLACA 2515*2145 D94""]","[0,0]","[0,0]","[0,0]",,3,,luis alfaro,0,1
31427,PENDIENTE,0,100,,,,,,0,,,0,0
31428,PENDIENTE,0,100,,,,,,0,,,0,0
31429,PENDIENTE,0,100,,,,,,0,,,0,0
31430,PENDIENTE,0,100,,,,,,0,,,0,0
31431,LISTO,100,0,"[""PLACA 2200*2145 D94""]",[11],[10],[1],,3,,luis alfaro,0,0
31432,PENDIENTE,0,100,,,,,,0,,,0,0
31433,PENDIENTE,0,100,,,,,,0,,,0,0
31434,PENDIENTE,0,100,,,,,,0,,,0,0
31435,PENDIENTE,0,100,,,,,,0,,,0,0
31436,LISTO,50,0,[],[],[],[],,2,,Carlos Muller,0,0
31437,PENDIENTE,0,50,,,,,,0,,,0,0
31438,PENDIENTE,0,50,,,,,,0,,,0,0
31439,PENDIENTE,0,50,,,,,,0,,,0,0
31440,LISTO,50,0,[],[],[],[],,2,,nicolas tordesilla,0,0
31441,PENDIENTE,0,50,,,,,,0,,,0,0
31442,LISTO,50,0,[],[],[],[],,1,,cesar lozano,0,0
31443,PENDIENTE,0,50,,,,,,0,,,0,0
31444,LISTO,50,0,[],[],[],[],,2,,Carlos Muller,0,0
31445,PENDIENTE,0,50,,,,,,0,,,0,0
31446,LISTO,50,0,"[""PLACA 2800*2450 C30""]",[50],[50],[0],,2,,nicolas tordesilla,0,0
31447,LISTO,50,0,[],[],[],[],,3,,luis alfaro,0,0
31448,PENDIENTE,0,50,,,,,,0,,,0,0
31449,PENDIENTE,0,50,,,,,,0,,,0,0
31450,PENDIENTE,0,50,,,,,,0,,,0,0
31451,PENDIENTE,0,50,,,,,,0,,,0,0
31452,PENDIENTE,0,50,,,,,,0,,,0,0
31453,PENDIENTE,0,50,,,,,,0,,,0,0
31454,PENDIENTE,0,420,,,,,,0,,,0,0
31455,PENDIENTE,0,420,,,,,,0,,,0,0
31456,PENDIENTE,0,50,,,,,,0,,,0,0
31457,LISTO,50,0,[],[],[],[],,2,,nicolas tordesilla,0,0
31458,PENDIENTE,0,50,,,,,,0,,,0,0
31459,PENDIENTE,0,50,,,,,,0,,,0,0
31460,LISTO,50,0,[],[],[],[],,2,,nicolas tordesilla,0,0
31461,LISTO,50,0,"[""PLACA 2100*1730 C20""]",[50],[50],[0],,2,,nicolas tordesilla,0,0
31462,PENDIENTE,0,50,,,,,,0,,,0,0
31463,PENDIENTE,0,50,,,,,,0,,,0,0
31464,LISTO,50,0,[],[],[],[],,2,,Carlos Muller,0,0
31465,PENDIENTE,0,50,,,,,,0,,,0,0
31466,PENDIENTE,0,50,,,,,,0,,,0,0
31467,LISTO,50,0,[],[],[],[],,3,,luis alfaro,0,0
31468,PENDIENTE,0,50,,,,,,0,,,0,0
31469,PENDIENTE,0,50,,,,,,0,,,0,0
31470,PENDIENTE,0,50,,,,,,0,,,0,0
31471,PENDIENTE,0,50,,,,,,0,,,0,0
31472,LISTO,50,0,[],[],[],[],,5,,nicolas tordesilla,0,0
31473,PENDIENTE,0,50,,,,,,0,,,0,0
31474,PENDIENTE,0,200,,,,,,0,,,0,0
31475,LISTO,200,0,"[""PLACA 1100*780 10E""]",[608],[608],[0],,2,,marco ordenes,0,0
31476,PENDIENTE,0,200,,,,,,0,,,0,0
31477,LISTO,200,0,[],[],[],[],,4,,raul espindola,0,0
31478,PENDIENTE,0,200,,,,,,0,,,0,0
31479,LISTO,200,0,"[""PLACA 1100*780 10E""]",[268],[268],[0],,2,,marco ordenes,0,0
31480,PENDIENTE,150,450,"[""PLACA 2500*2450 C20""]",[5],[0],[5],,3,,nicolas tordesilla,0,0
31481,PENDIENTE,0,600,,,,,,0,,,0,0
31482,LISTO,600,0,[],[],[],[],,1,,cesar lozano,0,0
31483,PENDIENTE,0,600,,,,,,0,,,0,0
31484,PENDIENTE,450,750,"[""PLACA 2100*1730 C20""]",[1],[0],[1],,2,,nicolas tordesilla,0,0
31485,LISTO,1200,0,[],[],[],[],,1,,cesar lozano,0,0
31486,PENDIENTE,0,1200,,,,,,0,,,0,0
31487,LISTO,2000,0,[],[],[],[],,2,,nicolas tordesilla,0,0
31488,LISTO,2000,0,[],[],[],[],,1,,cesar lozano,0,0
31489,LISTO,2000,0,[],[],[],[],,2,,luis alfaro,0,0
31490,PENDIENTE,0,2000,,,,,,0,,,0,0
31491,LISTO,2500,0,[],[],[],[],,3,,nicolas tordesilla,0,0
31492,LISTO,2500,0,[],[],[],[],,1,,cesar lozano,0,0
31493,LISTO,2500,0,[],[],[],[],,2,,luis alfaro,0,0
31494,PENDIENTE,0,2500,,,,,,0,,,0,0
31495,PENDIENTE,0,500,,,,,,0,,,0,0
31496,LISTO,500,0,"[""PLACA 1100*780 09B""]",[630],[630],[0],,2,,marco ordenes,0,0
31497,PENDIENTE,0,500,,,,,,0,,,0,0
31498,PENDIENTE,0,500,,,,,,0,,,0,0
31499,LISTO,400,0,"[""PLACA 1890*2145 D94""]",[402],[400],[2],,2,,nicolas tordesilla,0,0
31500,LISTO,400,0,[],[],[],[],,1,,cesar lozano,0,0
31501,PENDIENTE,0,400,,,,,,0,,,0,0
31502,PENDIENTE,0,400,,,,,,0,,,0,0
31503,LISTO,200,0,[],[],[],[],,3,,nicolas tordesilla,0,0
31504,LISTO,200,0,[],[],[],[],,2,,luis alfaro,0,0
31505,PENDIENTE,0,200,,,,,,0,,,0,0
31506,LISTO,400,0,"[""PLACA 2330*1070 D98""]",[424],[400],[24],,2,,nicolas tordesilla,0,0
31507,PENDIENTE,0,300,,,,,,0,,,0,0
31508,LISTO,300,0,"[""PLACA 1100*780 09B""]",[403],[400],[3],,2,,Carlos Muller,0,0
31509,LISTO,300,0,[],[],[],[],,4,,raul espindola,0,0
31510,PENDIENTE,0,200,,,,,,0,,,0,0
31511,LISTO,200,0,[],[],[],[],,1,,leoncio arteaga,0,0
31512,PENDIENTE,0,200,,,,,,0,,,0,0
31513,PENDIENTE,0,200,,,,,,0,,,0,0
31514,PENDIENTE,0,200,,,,,,0,,,0,0
31515,LISTO,5000,0,[],[],[],[],,4,,raul espindola,0,0
31516,PENDIENTE,0,5000,,,,,,0,,,0,0
31517,LISTO,5000,0,"[""PLACA 950*780 09B""]",[7520],[7506],[14],,2,,marco ordenes,0,0
31518,LISTO,5000,0,[],[],[],[],,4,,raul espindola,0,0
31519,PENDIENTE,0,5000,,,,,,0,,,0,0
31520,LISTO,5000,0,"[""PLACA 1100*780 09B""]",[8866],[8856],[10],,2,,marco ordenes,0,0
31521,PENDIENTE,0,1,,,,,,0,,,0,0
31522,PENDIENTE,0,1,,,,,,0,,,0,0
31523,LISTO,1,0,"[""PLACA 2500*1730 C20"",""PLACA 2515*2145 D94""]","[1,1]","[1,1]","[0,0]",,2,,luis alfaro,0,0
31524,PENDIENTE,0,1,,,,,,0,,,0,0
31525,PENDIENTE,0,1,,,,,,0,,,0,0
31526,PENDIENTE,0,1,,,,,,0,,,0,0
31527,PENDIENTE,0,1,,,,,,0,,,0,0
31528,PENDIENTE,0,1,,,,,,0,,,0,0
31529,PENDIENTE,0,300,,,,,,0,,,0,0
31530,LISTO,500,0,[],[],[],[],,4,,raul espindola,0,0
31531,PENDIENTE,0,500,,,,,,0,,,0,0
31532,PENDIENTE,0,500,,,,,,0,,,0,0
31533,PENDIENTE,0,1000,,,,,,0,,,0,0
31534,LISTO,1000,0,"[""PLACA 1100*780 09B""]",[1250],[1250],[0],,2,,marco ordenes,0,0
31535,LISTO,1000,0,[],[],[],[],,4,,raul espindola,0,0
31536,PENDIENTE,0,1000,,,,,,0,,,0,0
31537,PENDIENTE,0,1000,,,,,,0,,,0,0
31538,PENDIENTE,0,1000,,,,,,0,,,0,0
31539,LISTO,1000,0,"[""PLACA 1100*780 09B""]",[1425],[1425],[0],,2,,marco ordenes,0,0
31540,LISTO,1000,0,[],[],[],[],,4,,raul espindola,0,0
31541,PENDIENTE,0,8,,,,,,0,,,0,0
31542,PENDIENTE,0,8,,,,,,0,,,0,0
31543,PENDIENTE,0,8,,,,,,0,,,0,0
31544,PENDIENTE,0,8,,,,,,0,,,0,0
31545,PENDIENTE,0,8,,,,,,0,,,0,0
31546,PENDIENTE,10,290,"[""PLACA 1100*780 09B""]",[4],[2],[2],,2,,Matias Muller,0,0
31547,PENDIENTE,0,50000,,,,,,0,,,0,0
31548,PENDIENTE,0,50000,,,,,,0,,,0,0
31549,PENDIENTE,0,50000,,,,,,0,,,0,0
31550,LISTO,50000,0,"[""PLACA 1200*780 09B""]",[4010],[4000],[10],,2,,marco ordenes,0,0
31551,LISTO,40000,0,"[""PLACA 950*780 09B""]",[35056],[35028],[28],,2,,marco ordenes,0,0
31552,LISTO,40000,0,[],[],[],[],,6,,raul espindola,0,0
31553,PENDIENTE,0,40000,,,,,,0,,,0,0
31554,LISTO,210,0,[],[],[],[],,5,,luis alfaro,0,0
31555,LISTO,210,0,"[""PLACA 2200*2145 D94""]",[520],[520],[0],,2,,luis alfaro,0,0
31556,PENDIENTE,0,210,,,,,,0,,,0,0
31557,PENDIENTE,0,210,,,,,,0,,,0,0
31558,LISTO,210,0,[],[],[],[],,5,,nicolas tordesilla,0,0
31559,PENDIENTE,0,210,,,,,,0,,,0,0
31560,PENDIENTE,0,420,,,,,,0,,,0,0
31561,LISTO,420,0,[],[],[],[],,1,,leoncio arteaga,0,0
31562,PENDIENTE,0,420,,,,,,0,,,0,0
31563,PENDIENTE,0,350,,,,,,0,,,0,0
31564,PENDIENTE,0,350,,,,,,0,,,0,0
31565,PENDIENTE,0,350,,,,,,0,,,0,0
31566,PENDIENTE,0,350,,,,,,0,,,0,0
31567,LISTO,100,0,"[""PLACA 2200*2145 D94""]",[202],[200],[2],,3,,nicolas tordesilla,0,0
31568,LISTO,200,0,[],[],[],[],,1,,cesar lozano,0,0
31569,PENDIENTE,0,100,,,,,,0,,,0,0
31570,LISTO,100,0,[],[],[],[],,2,,luis alfaro,0,0
31571,PENDIENTE,0,100,,,,,,0,,,0,0
31572,PENDIENTE,0,100,,,,,,0,,,0,0
31573,LISTO,200,0,[],[],[],[],,5,,luis alfaro,0,0
31574,LISTO,200,0,"[""PLACA 1700*1570 12C""]",[211],[200],[11],,2,,luis alfaro,0,0
31575,PENDIENTE,0,200,,,,,,0,,,0,0
31576,PENDIENTE,0,200,,,,,,0,,,0,0
31577,PENDIENTE,0,200,,,,,,0,,,0,0
31578,PENDIENTE,0,200,,,,,,0,,,0,0
31579,LISTO,200,0,[],[],[],[],,7,,luis alfaro,0,0
31580,LISTO,200,0,"[""PLACA 1700*1570 12C""]",[50],[50],[0],,2,,luis alfaro,0,0
31581,PENDIENTE,0,200,,,,,,0,,,0,0
31582,PENDIENTE,0,200,,,,,,0,,,0,0
31583,PENDIENTE,0,200,,,,,,0,,,0,0
31584,PENDIENTE,0,200,,,,,,0,,,0,0
31585,LISTO,200,0,[],[],[],[],,5,,luis alfaro,0,0
31586,LISTO,200,0,"[""PLACA 1700*1570 12C""]",[1],[1],[0],,2,,luis alfaro,0,0
31587,PENDIENTE,0,200,,,,,,0,,,0,0
31588,PENDIENTE,0,200,,,,,,0,,,0,0
31589,LISTO,600,0,"[""PLACA 2700*1570 C20""]",[11],[10],[1],,2,,luis alfaro,0,0
31590,PENDIENTE,200,400,[],[],[],[],,1,,leoncio arteaga,0,0
31591,PENDIENTE,0,600,,,,,,0,,,0,0
31592,PENDIENTE,0,3000,,,,,,0,,,0,0
31593,LISTO,3000,0,"[""PLACA 950*780 09B""]",[2700],[2700],[0],,2,,marco ordenes,0,0
31594,LISTO,3000,0,[],[],[],[],,4,,raul espindola,0,0
31595,PENDIENTE,0,3000,,,,,,0,,,0,0
31596,LISTO,3000,0,"[""PLACA 1100*780 09B""]",[3006],[3000],[6],,2,,marco ordenes,0,0
31597,LISTO,3000,0,[],[],[],[],,4,,raul espindola,0,0
31598,PENDIENTE,0,3000,,,,,,0,,,0,0
31599,PENDIENTE,0,1000,,,,,,0,,,0,0
31600,LISTO,50000,0,[],[],[],[],,6,,raul espindola,0,0
31601,PENDIENTE,0,50000,,,,,,0,,,0,0
31602,PENDIENTE,0,50000,,,,,,0,,,0,0
31603,LISTO,50000,0,"[""PLACA 1200*780 09B""]",[5556],[5556],[0],,2,,marco ordenes,0,0
31604,PENDIENTE,10000,40000,[],[],[],[],,6,,raul espindola,0,0
31605,PENDIENTE,0,50000,,,,,,0,,,0,0
31606,PENDIENTE,0,50000,,,,,,0,,,0,0
31607,PENDIENTE,0,50000,,,,,,0,,,0,0
31608,LISTO,5000,0,[],[],[],[],,7,,luis alfaro,0,0
31609,LISTO,5000,0,[],[],[],[],,3,,luis alfaro,0,0
31610,PENDIENTE,0,5000,,,,,,0,,,0,0
31611,PENDIENTE,0,5000,,,,,,0,,,0,0
31612,PENDIENTE,0,100,,,,,,0,,,0,0
31613,LISTO,100,0,"[""PLACA 1100*780 09B""]",[120],[120],[0],,2,,marco ordenes,0,0
31614,LISTO,100,0,[],[],[],[],,4,,raul espindola,0,0
31615,PENDIENTE,0,100,,,,,,0,,,0,0
31616,PENDIENTE,0,100,,,,,,0,,,0,0
31617,LISTO,100,0,[],[],[],[],,5,,luis alfaro,0,0
31618,LISTO,100,0,"[""PLACA 2200*2145 D94""]",[200],[200],[0],,2,,luis alfaro,0,0
31619,PENDIENTE,0,100,,,,,,0,,,0,0
31620,PENDIENTE,0,100,,,,,,0,,,0,0
31621,LISTO,100,0,[],[],[],[],,5,,luis alfaro,0,0
31622,PENDIENTE,0,100,,,,,,0,,,0,0
31623,LISTO,200,0,"[""PLACA 2700*1570 C20""]",[100],[100],[0],,2,,luis alfaro,0,0
31624,LISTO,200,0,[],[],[],[],,1,,leoncio arteaga,0,0
31625,PENDIENTE,0,200,,,,,,0,,,0,0
31626,PENDIENTE,0,20,,,,,,0,,,0,0
31627,LISTO,20,0,[],[],[],[],,1,,cesar lozano,0,0
31628,PENDIENTE,0,20,,,,,,0,,,0,0
31629,PENDIENTE,0,20,,,,,,0,,,0,0
31630,PENDIENTE,0,20,,,,,,0,,,0,0
31631,PENDIENTE,0,20,,,,,,0,,,0,0
31632,LISTO,960,0,"[""PLACA 950*780 09B""]",[1134],[1134],[0],,2,,marco ordenes,0,0
31633,LISTO,960,0,[],[],[],[],,4,,raul espindola,0,0
31634,PENDIENTE,0,960,,,,,,0,,,0,0
31635,LISTO,2000,0,"[""PLACA 1100*780 09B""]",[2364],[2352],[12],,2,,marco ordenes,0,0
31636,LISTO,2000,0,[],[],[],[],,4,,raul espindola,0,0
31637,PENDIENTE,0,2000,,,,,,0,,,0,0
31638,LISTO,4000,0,"[""PLACA 1100*780 09B""]",[2071],[2071],[0],,2,,marco ordenes,0,0
31639,LISTO,4000,0,[],[],[],[],,4,,raul espindola,0,0
31640,PENDIENTE,0,4000,,,,,,0,,,0,0
31641,PENDIENTE,0,400,,,,,,0,,,0,0
31642,LISTO,400,0,"[""PLACA 1100*780 09B""]",[575],[575],[0],,2,,marco ordenes,0,0
31643,LISTO,400,0,[],[],[],[],,4,,raul espindola,0,0
31644,PENDIENTE,0,400,,,,,,0,,,0,0
31645,PENDIENTE,0,400,,,,,,0,,,0,0
31646,PENDIENTE,0,1000,,,,,,0,,,0,0
31647,LISTO,1000,0,"[""PLACA 1100*780 09B""]",[50],[50],[0],,1,,leoncio arteaga,0,0
31648,PENDIENTE,0,1000,,,,,,0,,,0,0
31649,PENDIENTE,0,180,,,,,,0,,,0,0
31650,PENDIENTE,0,180,,,,,,0,,,0,0
31651,LISTO,180,0,[],[],[],[],,4,,raul espindola,0,0
31652,PENDIENTE,0,180,,,,,,0,,,0,0
31653,PENDIENTE,0,180,,,,,,0,,,0,0
31654,PENDIENTE,0,36,,,,,,0,,,0,0
31655,PENDIENTE,0,36,,,,,,0,,,0,0
31656,LISTO,36,0,[],[],[],[],,4,,raul espindola,0,0
31657,PENDIENTE,0,2000,,,,,,0,,,0,0
31658,LISTO,2000,0,[],[],[],[],,1,,cesar lozano,0,0
31659,PENDIENTE,0,2000,,,,,,0,,,0,0
31660,PENDIENTE,0,200,,,,,,0,,,0,0
31661,PENDIENTE,0,200,,,,,,0,,,0,0
31662,PENDIENTE,0,200,,,,,,0,,,0,0
31663,PENDIENTE,0,200,,,,,,0,,,0,0
31664,LISTO,90,0,"[""PLACA 2800*2145 C20""]",[1],[0],[1],,2,,nicolas tordesilla,0,0
31665,LISTO,90,0,[],[],[],[],,1,,cesar lozano,0,0
31666,PENDIENTE,0,90,,,,,,0,,,0,0
31667,LISTO,41,0,[],[],[],[],,3,,luis alfaro,0,0
31668,LISTO,41,0,"[""PLACA 2200*2145 D94"",""PLACA 2515*2145 D94""]","[123,1]","[123,1]","[0,0]",,2,,luis alfaro,0,0
31669,PENDIENTE,0,41,,,,,,0,,,0,0
31670,PENDIENTE,0,41,,,,,,0,,,0,0
31671,PENDIENTE,0,41,,,,,,0,,,0,0
31672,LISTO,41,0,[],[],[],[],,5,,luis alfaro,0,0
31673,PENDIENTE,0,41,,,,,,0,,,0,0
31674,PENDIENTE,0,90,,,,,,0,,,0,0
31675,PENDIENTE,0,500,,,,,,0,,,0,0
31676,LISTO,500,0,"[""PLACA 1100*780 09B""]",[700],[700],[0],,2,,marco ordenes,0,0
31677,LISTO,500,0,[],[],[],[],,4,,raul espindola,0,0
31678,PENDIENTE,0,500,,,,,,0,,,0,0
31679,LISTO,500,0,[],[],[],[],,4,,raul espindola,0,0
31680,LISTO,1000,0,"[""PLACA 950*780 10E""]",[1440],[1440],[0],,2,,marco ordenes,0,0
31681,PENDIENTE,0,500,,,,,,0,,,0,0
31682,PENDIENTE,0,300,,,,,,0,,,0,0
31683,LISTO,300,0,[],[],[],[],,4,,raul espindola,0,0
31684,LISTO,300,0,"[""PLACA 950*780 10E""]",[5100],[5100],[0],,2,,marco ordenes,0,0
31685,PENDIENTE,0,300,,,,,,0,,,0,0
31686,LISTO,2000,0,[],[],[],[],,4,,raul espindola,0,0
31687,PENDIENTE,0,2000,,,,,,0,,,0,0
31688,PENDIENTE,0,2000,,,,,,0,,,0,0
31689,LISTO,2000,0,"[""PLACA 1100*780 09B""]",[2236],[2230],[6],,2,,"marco ordenes, Matias Muller, Matias Muller, Matias Muller, marco ordenes",0,0
31690,PENDIENTE,0,100,,,,,,0,,,0,0
31691,PENDIENTE,0,100,,,,,,0,,,0,0
31692,PENDIENTE,0,100,,,,,,0,,,0,0
31693,PENDIENTE,0,100,,,,,,0,,,0,0
31694,PENDIENTE,0,100,,,,,,0,,,0,0
31695,PENDIENTE,0,12,,,,,,0,,,0,0
31696,PENDIENTE,0,12,,,,,,0,,,0,0
31697,PENDIENTE,0,12,,,,,,0,,,0,0
31698,PENDIENTE,0,12,,,,,,0,,,0,0
31699,PENDIENTE,0,12,,,,,,0,,,0,0
31700,PENDIENTE,0,12,,,,,,0,,,0,0
31701,PENDIENTE,0,12,,,,,,0,,,0,0
31702,PENDIENTE,0,12,,,,,,0,,,0,0
31703,PENDIENTE,0,18,,,,,,0,,,0,0
31704,PENDIENTE,0,18,,,,,,0,,,0,0
31705,LISTO,18,0,"[""PLACA 1600*1720 C30""]",[18],[18],[0],,1,,leoncio arteaga,0,0
31706,LISTO,15,0,[],[],[],[],,5,,luis alfaro,0,0
31707,LISTO,15,0,"[""PLACA 1890*2145 D94"",""PLACA 2200*2145 D94""]","[15,15]","[15,15]","[0,0]",,2,,luis alfaro,0,0
31708,PENDIENTE,0,15,,,,,,0,,,0,0
31709,PENDIENTE,0,15,,,,,,0,,,0,0
31710,PENDIENTE,0,15,,,,,,0,,,0,0
31711,LISTO,15,0,[],[],[],[],,3,,luis alfaro,0,0
31712,PENDIENTE,0,15,,,,,,0,,,0,0
31713,PENDIENTE,0,15,,,,,,0,,,0,0
31714,PENDIENTE,0,15,,,,,,0,,,0,0
31715,LISTO,30,0,"[""PLACA 2700*1570 C20""]",[15],[15],[0],,2,,luis alfaro,0,0
31716,LISTO,30,0,[],[],[],[],,1,,leoncio arteaga,0,0
31717,LISTO,2000,0,"[""PLACA 950*780 09B""]",[2352],[2352],[0],,2,,marco ordenes,0,0
31718,LISTO,2000,0,[],[],[],[],,4,,raul espindola,0,0
31719,PENDIENTE,0,2000,,,,,,0,,,0,0
31720,LISTO,120,0,"[""PLACA 1100*780 09B""]",[175],[0],[175],,2,,marco ordenes,0,0
31721,LISTO,120,0,[],[],[],[],,4,,raul espindola,0,0
31722,PENDIENTE,0,120,,,,,,0,,,0,0
31723,PENDIENTE,0,4000,,,,,,0,,,0,0
31724,LISTO,4000,0,"[""PLACA 950*780 09B""]",[4683],[4683],[0],,2,,marco ordenes,0,0
31725,LISTO,4000,0,[],[],[],[],,4,,raul espindola,0,0
31726,PENDIENTE,0,4000,,,,,,0,,,0,0
31727,LISTO,5000,0,[],[],[],[],,4,,raul espindola,0,0
31728,PENDIENTE,0,5000,,,,,,0,,,0,0
31729,LISTO,5000,0,"[""PLACA 950*780 09B""]",[5010],[5010],[0],,4,,marco ordenes,0,0
31730,LISTO,5300,0,[],[],[],[],,4,,raul espindola,0,0
31731,PENDIENTE,0,5300,,,,,,0,,,0,0
31732,LISTO,5300,0,"[""PLACA 1100*780 09B""]",[5311],[5311],[0],,2,,marco ordenes,0,0
31733,PENDIENTE,0,6627,,,,,,0,,,0,0
31734,PENDIENTE,0,6627,,,,,,0,,,0,0
31735,LISTO,13254,0,"[""PLACA 950*780 09B""]",[13274],[13274],[0],,4,,marco ordenes,0,0
31736,PENDIENTE,4000,2000,[],[],[],[],,4,,raul espindola,0,0
31737,PENDIENTE,0,6000,,,,,,0,,,0,0
31738,PENDIENTE,2000,4000,"[""PLACA 950*780 09B""]",[2016],[2016],[0],,2,,marco ordenes,0,0
31739,LISTO,250,0,[],[],[],[],,7,,luis alfaro,0,0
31740,LISTO,250,0,[],[],[],[],,5,,luis alfaro,0,0
31741,LISTO,250,0,"[""PLACA 2500*1730 C20"",""PLACA 2515*2145 D94""]","[251,252]","[250,250]","[1,2]",,2,,luis alfaro,0,0
31742,PENDIENTE,0,250,,,,,,0,,,0,0
31743,PENDIENTE,0,250,,,,,,0,,,0,0
31744,PENDIENTE,0,250,,,,,,0,,,0,0
31745,PENDIENTE,0,250,,,,,,0,,,0,0
31746,PENDIENTE,0,250,,,,,,0,,,0,0
31747,LISTO,150,0,[],[],[],[],,7,,luis alfaro,0,0
31748,LISTO,150,0,[],[],[],[],,5,,luis alfaro,0,0
31749,LISTO,150,0,"[""PLACA 2150*1570 C20"",""PLACA 2800*2450 C30""]","[100,0]","[100,0]","[0,0]",,2,,luis alfaro,0,1
31750,PENDIENTE,0,150,,,,,,0,,,0,0
31751,PENDIENTE,0,150,,,,,,0,,,0,0
31752,PENDIENTE,0,150,,,,,,0,,,0,0
31753,PENDIENTE,0,150,,,,,,0,,,0,0
31754,PENDIENTE,0,150,,,,,,0,,,0,0
31755,LISTO,3500,0,"[""PLACA 950*780 09B""]",[4116],[4116],[0],,2,,marco ordenes,0,0
31756,PENDIENTE,0,3500,,,,,,0,,,0,0
31757,PENDIENTE,0,3500,,,,,,0,,,0,0
31758,PENDIENTE,0,1500,,,,,,0,,,0,0
31759,PENDIENTE,0,1500,,,,,,0,,,0,0
31760,PENDIENTE,0,1500,,,,,,0,,,0,0
31761,PENDIENTE,0,600,,,,,,0,,,0,0
31762,PENDIENTE,0,600,,,,,,0,,,0,0
31763,PENDIENTE,0,600,,,,,,0,,,0,0
31764,PENDIENTE,0,600,,,,,,0,,,0,0
31765,PENDIENTE,0,600,,,,,,0,,,0,0
31766,PENDIENTE,0,600,,,,,,0,,,0,0
31767,PENDIENTE,0,4000,,,,,,0,,,0,0
31768,PENDIENTE,0,4000,,,,,,0,,,0,0
31769,PENDIENTE,0,4000,,,,,,0,,,0,0
31770,PENDIENTE,0,4000,,,,,,0,,,0,0
31771,PENDIENTE,0,4000,,,,,,0,,,0,0
31772,PENDIENTE,0,4000,,,,,,0,,,0,0
31773,PENDIENTE,0,4000,,,,,,0,,,0,0
31774,PENDIENTE,0,4000,,,,,,0,,,0,0
31775,PENDIENTE,0,4000,,,,,,0,,,0,0
31776,PENDIENTE,0,4000,,,,,,0,,,0,0
31777,PENDIENTE,0,4000,,,,,,0,,,0,0
31778,PENDIENTE,0,4000,,,,,,0,,,0,0
31779,PENDIENTE,0,4000,,,,,,0,,,0,0
31780,PENDIENTE,0,4000,,,,,,0,,,0,0
31781,PENDIENTE,0,4000,,,,,,0,,,0,0
31782,PENDIENTE,0,4000,,,,,,0,,,0,0
31783,PENDIENTE,0,4000,,,,,,0,,,0,0
31784,PENDIENTE,0,4000,,,,,,0,,,0,0
31785,PENDIENTE,0,4000,,,,,,0,,,0,0
31786,PENDIENTE,0,4000,,,,,,0,,,0,0
31787,PENDIENTE,0,4000,,,,,,0,,,0,0
31788,PENDIENTE,0,4000,,,,,,0,,,0,0
31789,PENDIENTE,0,4000,,,,,,0,,,0,0
31790,PENDIENTE,0,4000,,,,,,0,,,0,0
31791,PENDIENTE,0,4000,,,,,,0,,,0,0
31792,PENDIENTE,0,4000,,,,,,0,,,0,0
31793,PENDIENTE,0,4000,,,,,,0,,,0,0
31794,PENDIENTE,0,4000,,,,,,0,,,0,0
31795,PENDIENTE,0,4000,,,,,,0,,,0,0
31796,PENDIENTE,0,4000,,,,,,0,,,0,0
31797,PENDIENTE,0,4000,,,,,,0,,,0,0
31798,PENDIENTE,0,4000,,,,,,0,,,0,0
31799,PENDIENTE,0,4000,,,,,,0,,,0,0
31800,PENDIENTE,0,4000,,,,,,0,,,0,0
31801,PENDIENTE,0,4000,,,,,,0,,,0,0
31802,PENDIENTE,0,4000,,,,,,0,,,0,0
31803,PENDIENTE,0,4000,,,,,,0,,,0,0
31804,PENDIENTE,0,4000,,,,,,0,,,0,0
31805,PENDIENTE,0,4000,,,,,,0,,,0,0
31806,PENDIENTE,0,4000,,,,,,0,,,0,0
31807,PENDIENTE,0,4000,,,,,,0,,,0,0
31808,PENDIENTE,0,4000,,,,,,0,,,0,0
31809,PENDIENTE,0,4000,,,,,,0,,,0,0
31810,PENDIENTE,0,4000,,,,,,0,,,0,0
31811,PENDIENTE,0,4000,,,,,,0,,,0,0
31812,PENDIENTE,0,4000,,,,,,0,,,0,0
31813,PENDIENTE,0,4000,,,,,,0,,,0,0
31814,PENDIENTE,0,4000,,,,,,0,,,0,0
31815,PENDIENTE,0,4000,,,,,,0,,,0,0
31816,PENDIENTE,0,4000,,,,,,0,,,0,0
31817,PENDIENTE,0,4000,,,,,,0,,,0,0
31818,PENDIENTE,0,4000,,,,,,0,,,0,0
31819,PENDIENTE,0,4000,,,,,,0,,,0,0
31820,PENDIENTE,0,4000,,,,,,0,,,0,0
31821,PENDIENTE,0,4000,,,,,,0,,,0,0
31822,PENDIENTE,0,4000,,,,,,0,,,0,0
31823,PENDIENTE,0,4000,,,,,,0,,,0,0
31824,PENDIENTE,0,4000,,,,,,0,,,0,0
31825,PENDIENTE,0,4000,,,,,,0,,,0,0
31826,PENDIENTE,0,4000,,,,,,0,,,0,0
31827,PENDIENTE,0,4000,,,,,,0,,,0,0
31828,PENDIENTE,0,4000,,,,,,0,,,0,0
31829,PENDIENTE,0,4000,,,,,,0,,,0,0
31830,PENDIENTE,0,4000,,,,,,0,,,0,0
31831,PENDIENTE,0,4000,,,,,,0,,,0,0
31832,PENDIENTE,0,4000,,,,,,0,,,0,0
31833,PENDIENTE,0,4000,,,,,,0,,,0,0
31834,PENDIENTE,0,4000,,,,,,0,,,0,0
31835,PENDIENTE,0,4000,,,,,,0,,,0,0
31836,LISTO,600,0,[],[],[],[],,4,,raul espindola,0,0
31837,PENDIENTE,0,600,,,,,,0,,,0,0
31838,PENDIENTE,0,600,,,,,,0,,,0,0
31839,LISTO,3000,0,[],[],[],[],,4,,raul espindola,0,0
31840,PENDIENTE,0,3000,,,,,,0,,,0,0
31841,PENDIENTE,0,3000,,,,,,0,,,0,0
31842,PENDIENTE,0,4000,,,,,,0,,,0,0
31843,PENDIENTE,0,4000,,,,,,0,,,0,0
31844,PENDIENTE,0,4000,,,,,,0,,,0,0
31845,PENDIENTE,0,3000,,,,,,0,,,0,0
31846,PENDIENTE,0,3000,,,,,,0,,,0,0
31847,PENDIENTE,0,3000,,,,,,0,,,0,0
31848,PENDIENTE,0,4000,,,,,,0,,,0,0
31849,PENDIENTE,0,4000,,,,,,0,,,0,0
31850,PENDIENTE,0,4000,,,,,,0,,,0,0
31851,PENDIENTE,0,4000,,,,,,0,,,0,0
31852,PENDIENTE,0,4000,,,,,,0,,,0,0
31853,PENDIENTE,0,4000,,,,,,0,,,0,0
31854,PENDIENTE,0,4000,,,,,,0,,,0,0
31855,PENDIENTE,0,4000,,,,,,0,,,0,0
31856,PENDIENTE,0,4000,,,,,,0,,,0,0
31857,PENDIENTE,0,4000,,,,,,0,,,0,0
31858,PENDIENTE,0,4000,,,,,,0,,,0,0
31859,PENDIENTE,0,4000,,,,,,0,,,0,0
31860,PENDIENTE,0,4000,,,,,,0,,,0,0
31861,PENDIENTE,0,4000,,,,,,0,,,0,0
31862,PENDIENTE,0,4000,,,,,,0,,,0,0
31863,PENDIENTE,0,4000,,,,,,0,,,0,0
31864,PENDIENTE,0,4000,,,,,,0,,,0,0
31865,PENDIENTE,0,4000,,,,,,0,,,0,0
31866,PENDIENTE,0,4000,,,,,,0,,,0,0
31867,PENDIENTE,0,4000,,,,,,0,,,0,0
31868,PENDIENTE,0,4000,,,,,,0,,,0,0
31869,PENDIENTE,0,4000,,,,,,0,,,0,0
31870,PENDIENTE,0,4000,,,,,,0,,,0,0
31871,PENDIENTE,0,4000,,,,,,0,,,0,0
31872,PENDIENTE,0,4000,,,,,,0,,,0,0
31873,PENDIENTE,0,4000,,,,,,0,,,0,0
31874,PENDIENTE,0,4000,,,,,,0,,,0,0
31875,PENDIENTE,0,4000,,,,,,0,,,0,0
31876,PENDIENTE,0,4000,,,,,,0,,,0,0
31877,PENDIENTE,0,4000,,,,,,0,,,0,0
31878,PENDIENTE,0,4000,,,,,,0,,,0,0
31879,PENDIENTE,0,4000,,,,,,0,,,0,0
31880,PENDIENTE,0,4000,,,,,,0,,,0,0
31881,PENDIENTE,0,4000,,,,,,0,,,0,0
31882,PENDIENTE,0,4000,,,,,,0,,,0,0
31883,PENDIENTE,0,4000,,,,,,0,,,0,0
31884,PENDIENTE,0,4000,,,,,,0,,,0,0
31885,PENDIENTE,0,4000,,,,,,0,,,0,0
31886,PENDIENTE,0,4000,,,,,,0,,,0,0
31887,PENDIENTE,0,4000,,,,,,0,,,0,0
31888,PENDIENTE,0,4000,,,,,,0,,,0,0
31889,PENDIENTE,0,4000,,,,,,0,,,0,0
31890,PENDIENTE,0,4000,,,,,,0,,,0,0
31891,PENDIENTE,0,4000,,,,,,0,,,0,0
31892,PENDIENTE,0,4000,,,,,,0,,,0,0
31893,PENDIENTE,0,4000,,,,,,0,,,0,0
31894,PENDIENTE,0,4000,,,,,,0,,,0,0
31895,PENDIENTE,0,4000,,,,,,0,,,0,0
31896,PENDIENTE,0,4000,,,,,,0,,,0,0
31897,PENDIENTE,0,4000,,,,,,0,,,0,0
31898,PENDIENTE,0,4000,,,,,,0,,,0,0
31899,PENDIENTE,0,4000,,,,,,0,,,0,0
31900,PENDIENTE,0,4000,,,,,,0,,,0,0
31901,PENDIENTE,0,4000,,,,,,0,,,0,0
31902,PENDIENTE,0,4000,,,,,,0,,,0,0
31903,PENDIENTE,0,4000,,,,,,0,,,0,0
31904,PENDIENTE,0,4000,,,,,,0,,,0,0
31905,PENDIENTE,0,4000,,,,,,0,,,0,0
31906,PENDIENTE,0,4000,,,,,,0,,,0,0
31907,PENDIENTE,0,4000,,,,,,0,,,0,0
31908,PENDIENTE,0,4000,,,,,,0,,,0,0
31909,PENDIENTE,0,4000,,,,,,0,,,0,0
31910,PENDIENTE,0,4000,,,,,,0,,,0,0
31911,PENDIENTE,0,4000,,,,,,0,,,0,0
31912,PENDIENTE,0,4000,,,,,,0,,,0,0
31913,PENDIENTE,0,4000,,,,,,0,,,0,0
31914,PENDIENTE,0,4000,,,,,,0,,,0,0
31915,PENDIENTE,0,4000,,,,,,0,,,0,0
31916,PENDIENTE,0,4000,,,,,,0,,,0,0
31917,PENDIENTE,0,4000,,,,,,0,,,0,0
31918,PENDIENTE,0,4000,,,,,,0,,,0,0
31919,PENDIENTE,0,4000,,,,,,0,,,0,0
31920,PENDIENTE,0,4000,,,,,,0,,,0,0
31921,PENDIENTE,0,4000,,,,,,0,,,0,0
31922,PENDIENTE,0,4000,,,,,,0,,,0,0
31923,PENDIENTE,0,4000,,,,,,0,,,0,0
31924,PENDIENTE,0,4000,,,,,,0,,,0,0
31925,PENDIENTE,0,4000,,,,,,0,,,0,0
31926,PENDIENTE,0,4000,,,,,,0,,,0,0
31927,PENDIENTE,0,4000,,,,,,0,,,0,0
31928,PENDIENTE,0,4000,,,,,,0,,,0,0
31929,PENDIENTE,0,4000,,,,,,0,,,0,0
31930,PENDIENTE,0,4000,,,,,,0,,,0,0
31931,PENDIENTE,0,4000,,,,,,0,,,0,0
31932,PENDIENTE,0,4000,,,,,,0,,,0,0
31933,PENDIENTE,0,4000,,,,,,0,,,0,0
31934,PENDIENTE,0,4000,,,,,,0,,,0,0
31935,PENDIENTE,0,4000,,,,,,0,,,0,0
31936,PENDIENTE,0,4000,,,,,,0,,,0,0
31937,PENDIENTE,0,4000,,,,,,0,,,0,0
31938,PENDIENTE,0,4000,,,,,,0,,,0,0
31939,PENDIENTE,0,4000,,,,,,0,,,0,0
31940,PENDIENTE,0,4000,,,,,,0,,,0,0
31941,PENDIENTE,0,4000,,,,,,0,,,0,0
31942,PENDIENTE,0,4000,,,,,,0,,,0,0
31943,PENDIENTE,0,4000,,,,,,0,,,0,0
31944,PENDIENTE,0,4000,,,,,,0,,,0,0
31945,PENDIENTE,0,4000,,,,,,0,,,0,0
31946,PENDIENTE,0,4000,,,,,,0,,,0,0
31947,PENDIENTE,0,4000,,,,,,0,,,0,0
31948,PENDIENTE,0,4000,,,,,,0,,,0,0
31949,PENDIENTE,0,4000,,,,,,0,,,0,0
31950,PENDIENTE,0,4000,,,,,,0,,,0,0
31951,PENDIENTE,0,4000,,,,,,0,,,0,0
31952,PENDIENTE,0,4000,,,,,,0,,,0,0
31953,PENDIENTE,0,4000,,,,,,0,,,0,0
31954,PENDIENTE,0,4000,,,,,,0,,,0,0
31955,PENDIENTE,0,4000,,,,,,0,,,0,0
31956,PENDIENTE,0,4000,,,,,,0,,,0,0
31957,PENDIENTE,0,4000,,,,,,0,,,0,0
31958,PENDIENTE,0,4000,,,,,,0,,,0,0
31959,PENDIENTE,0,4000,,,,,,0,,,0,0
31960,PENDIENTE,0,4000,,,,,,0,,,0,0
31961,PENDIENTE,0,4000,,,,,,0,,,0,0
31962,PENDIENTE,0,4000,,,,,,0,,,0,0
31963,PENDIENTE,0,4000,,,,,,0,,,0,0
31964,PENDIENTE,0,4000,,,,,,0,,,0,0
31965,PENDIENTE,0,4000,,,,,,0,,,0,0
31966,PENDIENTE,0,4000,,,,,,0,,,0,0
31967,PENDIENTE,0,4000,,,,,,0,,,0,0
31968,PENDIENTE,0,4000,,,,,,0,,,0,0
31969,PENDIENTE,0,4000,,,,,,0,,,0,0
31970,PENDIENTE,0,4000,,,,,,0,,,0,0
31971,PENDIENTE,0,4000,,,,,,0,,,0,0
31972,PENDIENTE,0,4000,,,,,,0,,,0,0
31973,PENDIENTE,0,4000,,,,,,0,,,0,0
31974,PENDIENTE,0,4000,,,,,,0,,,0,0
31975,PENDIENTE,0,4000,,,,,,0,,,0,0
31976,PENDIENTE,0,4000,,,,,,0,,,0,0
31977,PENDIENTE,0,4000,,,,,,0,,,0,0
31978,PENDIENTE,0,4000,,,,,,0,,,0,0
31979,PENDIENTE,0,4000,,,,,,0,,,0,0
31980,PENDIENTE,0,4000,,,,,,0,,,0,0
31981,PENDIENTE,0,4000,,,,,,0,,,0,0
31982,PENDIENTE,0,4000,,,,,,0,,,0,0
31983,PENDIENTE,0,4000,,,,,,0,,,0,0
31984,PENDIENTE,0,4000,,,,,,0,,,0,0
31985,PENDIENTE,0,4000,,,,,,0,,,0,0
31986,PENDIENTE,0,4000,,,,,,0,,,0,0
31987,PENDIENTE,0,4000,,,,,,0,,,0,0
31988,PENDIENTE,0,4000,,,,,,0,,,0,0
31989,PENDIENTE,0,4000,,,,,,0,,,0,0
31990,PENDIENTE,0,4000,,,,,,0,,,0,0
31991,PENDIENTE,0,4000,,,,,,0,,,0,0
31992,PENDIENTE,0,4000,,,,,,0,,,0,0
31993,PENDIENTE,0,4000,,,,,,0,,,0,0
31994,PENDIENTE,0,4000,,,,,,0,,,0,0
31995,PENDIENTE,0,4000,,,,,,0,,,0,0
31996,PENDIENTE,0,4000,,,,,,0,,,0,0
31997,PENDIENTE,0,4000,,,,,,0,,,0,0
31998,PENDIENTE,0,4000,,,,,,0,,,0,0
31999,PENDIENTE,0,4000,,,,,,0,,,0,0
32000,PENDIENTE,0,4000,,,,,,0,,,0,0
32001,PENDIENTE,0,4000,,,,,,0,,,0,0
32002,PENDIENTE,0,4000,,,,,,0,,,0,0
32003,PENDIENTE,0,4000,,,,,,0,,,0,0
32004,PENDIENTE,0,4000,,,,,,0,,,0,0
32005,PENDIENTE,0,4000,,,,,,0,,,0,0
32006,PENDIENTE,0,4000,,,,,,0,,,0,0
32007,PENDIENTE,0,4000,,,,,,0,,,0,0
32008,PENDIENTE,0,4000,,,,,,0,,,0,0
32009,PENDIENTE,0,4000,,,,,,0,,,0,0
32010,PENDIENTE,0,4000,,,,,,0,,,0,0
32011,PENDIENTE,0,4000,,,,,,0,,,0,0
32012,PENDIENTE,0,4000,,,,,,0,,,0,0
32013,PENDIENTE,0,4000,,,,,,0,,,0,0
32014,PENDIENTE,0,4000,,,,,,0,,,0,0
32015,PENDIENTE,0,4000,,,,,,0,,,0,0
32016,PENDIENTE,0,4000,,,,,,0,,,0,0
32017,PENDIENTE,0,4000,,,,,,0,,,0,0
32018,PENDIENTE,0,4000,,,,,,0,,,0,0
32019,PENDIENTE,0,4000,,,,,,0,,,0,0
32020,PENDIENTE,0,4000,,,,,,0,,,0,0
32021,PENDIENTE,0,4000,,,,,,0,,,0,0
32022,PENDIENTE,0,4000,,,,,,0,,,0,0
32023,PENDIENTE,0,4000,,,,,,0,,,0,0
32024,PENDIENTE,0,4000,,,,,,0,,,0,0
32025,PENDIENTE,0,4000,,,,,,0,,,0,0
32026,PENDIENTE,0,4000,,,,,,0,,,0,0
32027,PENDIENTE,0,4000,,,,,,0,,,0,0
32028,PENDIENTE,0,4000,,,,,,0,,,0,0
32029,PENDIENTE,0,4000,,,,,,0,,,0,0
32030,PENDIENTE,0,4000,,,,,,0,,,0,0
32031,PENDIENTE,0,4000,,,,,,0,,,0,0
32032,PENDIENTE,0,4000,,,,,,0,,,0,0
32033,PENDIENTE,0,4000,,,,,,0,,,0,0
32034,PENDIENTE,0,4000,,,,,,0,,,0,0
32035,PENDIENTE,0,4000,,,,,,0,,,0,0
32036,PENDIENTE,0,4000,,,,,,0,,,0,0
32037,PENDIENTE,0,4000,,,,,,0,,,0,0
32038,PENDIENTE,0,4000,,,,,,0,,,0,0
32039,PENDIENTE,0,4000,,,,,,0,,,0,0
32040,PENDIENTE,0,4000,,,,,,0,,,0,0
32041,PENDIENTE,0,4000,,,,,,0,,,0,0
32042,PENDIENTE,0,4000,,,,,,0,,,0,0
32043,PENDIENTE,0,4000,,,,,,0,,,0,0
32044,PENDIENTE,0,4000,,,,,,0,,,0,0
32045,PENDIENTE,0,4000,,,,,,0,,,0,0
32046,PENDIENTE,0,4000,,,,,,0,,,0,0
32047,PENDIENTE,0,4000,,,,,,0,,,0,0
32048,PENDIENTE,0,4000,,,,,,0,,,0,0
32049,PENDIENTE,0,4000,,,,,,0,,,0,0
32050,PENDIENTE,0,4000,,,,,,0,,,0,0
32051,PENDIENTE,0,4000,,,,,,0,,,0,0
32052,PENDIENTE,0,4000,,,,,,0,,,0,0
32053,PENDIENTE,0,4000,,,,,,0,,,0,0
32054,PENDIENTE,0,4000,,,,,,0,,,0,0
32055,PENDIENTE,0,4000,,,,,,0,,,0,0
32056,PENDIENTE,0,4000,,,,,,0,,,0,0
32057,PENDIENTE,0,4000,,,,,,0,,,0,0
32058,PENDIENTE,0,4000,,,,,,0,,,0,0
32059,PENDIENTE,0,4000,,,,,,0,,,0,0
32060,PENDIENTE,0,4000,,,,,,0,,,0,0
32061,PENDIENTE,0,4000,,,,,,0,,,0,0
32062,PENDIENTE,0,4000,,,,,,0,,,0,0
32063,PENDIENTE,0,4000,,,,,,0,,,0,0
32064,PENDIENTE,0,4000,,,,,,0,,,0,0
32065,PENDIENTE,0,4000,,,,,,0,,,0,0
32066,PENDIENTE,0,4000,,,,,,0,,,0,0
32067,PENDIENTE,0,4000,,,,,,0,,,0,0
32068,PENDIENTE,0,4000,,,,,,0,,,0,0
32069,PENDIENTE,0,4000,,,,,,0,,,0,0
32070,PENDIENTE,0,4000,,,,,,0,,,0,0
32071,PENDIENTE,0,4000,,,,,,0,,,0,0
32072,PENDIENTE,0,4000,,,,,,0,,,0,0
32073,PENDIENTE,0,4000,,,,,,0,,,0,0
32074,PENDIENTE,0,4000,,,,,,0,,,0,0
32075,PENDIENTE,0,4000,,,,,,0,,,0,0
32076,PENDIENTE,0,4000,,,,,,0,,,0,0
32077,PENDIENTE,0,4000,,,,,,0,,,0,0
32078,PENDIENTE,0,4000,,,,,,0,,,0,0
32079,PENDIENTE,0,4000,,,,,,0,,,0,0
32080,PENDIENTE,0,4000,,,,,,0,,,0,0
32081,PENDIENTE,0,4000,,,,,,0,,,0,0
32082,PENDIENTE,0,4000,,,,,,0,,,0,0
32083,PENDIENTE,0,4000,,,,,,0,,,0,0
32084,PENDIENTE,0,4000,,,,,,0,,,0,0
32085,PENDIENTE,0,4000,,,,,,0,,,0,0
32086,PENDIENTE,0,4000,,,,,,0,,,0,0
32087,PENDIENTE,0,4000,,,,,,0,,,0,0
32088,PENDIENTE,0,4000,,,,,,0,,,0,0
32089,PENDIENTE,0,4000,,,,,,0,,,0,0
32090,PENDIENTE,0,4000,,,,,,0,,,0,0
32091,PENDIENTE,0,4000,,,,,,0,,,0,0
32092,PENDIENTE,0,4000,,,,,,0,,,0,0
32093,PENDIENTE,0,4000,,,,,,0,,,0,0
32094,PENDIENTE,0,4000,,,,,,0,,,0,0
32095,PENDIENTE,0,4000,,,,,,0,,,0,0
32096,PENDIENTE,0,4000,,,,,,0,,,0,0
32097,PENDIENTE,0,4000,,,,,,0,,,0,0
32098,PENDIENTE,0,4000,,,,,,0,,,0,0
32099,PENDIENTE,0,4000,,,,,,0,,,0,0
32100,PENDIENTE,0,4000,,,,,,0,,,0,0
32101,PENDIENTE,0,4000,,,,,,0,,,0,0
32102,PENDIENTE,0,4000,,,,,,0,,,0,0
32103,PENDIENTE,0,4000,,,,,,0,,,0,0
32104,PENDIENTE,0,4000,,,,,,0,,,0,0
32105,PENDIENTE,0,4000,,,,,,0,,,0,0
32106,PENDIENTE,0,4000,,,,,,0,,,0,0
32107,PENDIENTE,0,4000,,,,,,0,,,0,0
32108,PENDIENTE,0,4000,,,,,,0,,,0,0
32109,PENDIENTE,0,4000,,,,,,0,,,0,0
32110,PENDIENTE,0,4000,,,,,,0,,,0,0
32111,PENDIENTE,0,4000,,,,,,0,,,0,0
32112,PENDIENTE,0,4000,,,,,,0,,,0,0
32113,PENDIENTE,0,4000,,,,,,0,,,0,0
32114,PENDIENTE,0,4000,,,,,,0,,,0,0
32115,PENDIENTE,0,4000,,,,,,0,,,0,0
32116,PENDIENTE,0,4000,,,,,,0,,,0,0
32117,PENDIENTE,0,4000,,,,,,0,,,0,0
32118,PENDIENTE,0,4000,,,,,,0,,,0,0
32119,PENDIENTE,0,4000,,,,,,0,,,0,0
32120,PENDIENTE,0,4000,,,,,,0,,,0,0
32121,PENDIENTE,0,4000,,,,,,0,,,0,0
32122,PENDIENTE,0,4000,,,,,,0,,,0,0
32123,PENDIENTE,0,4000,,,,,,0,,,0,0
32124,PENDIENTE,0,4000,,,,,,0,,,0,0
32125,PENDIENTE,0,4000,,,,,,0,,,0,0
32126,PENDIENTE,0,4000,,,,,,0,,,0,0
32127,PENDIENTE,0,4000,,,,,,0,,,0,0
32128,PENDIENTE,0,4000,,,,,,0,,,0,0
32129,PENDIENTE,0,4000,,,,,,0,,,0,0
32130,PENDIENTE,0,4000,,,,,,0,,,0,0
32131,PENDIENTE,0,4000,,,,,,0,,,0,0
32132,PENDIENTE,0,4000,,,,,,0,,,0,0
32133,PENDIENTE,0,4000,,,,,,0,,,0,0
32134,PENDIENTE,0,4000,,,,,,0,,,0,0
32135,PENDIENTE,0,4000,,,,,,0,,,0,0
32136,PENDIENTE,0,4000,,,,,,0,,,0,0
32137,PENDIENTE,0,4000,,,,,,0,,,0,0
32138,PENDIENTE,0,4000,,,,,,0,,,0,0
32139,PENDIENTE,0,4000,,,,,,0,,,0,0
32140,PENDIENTE,0,4000,,,,,,0,,,0,0
32141,PENDIENTE,0,4000,,,,,,0,,,0,0
32142,PENDIENTE,0,4000,,,,,,0,,,0,0
32143,PENDIENTE,0,4000,,,,,,0,,,0,0
32144,PENDIENTE,0,4000,,,,,,0,,,0,0
32145,PENDIENTE,0,4000,,,,,,0,,,0,0
32146,PENDIENTE,0,4000,,,,,,0,,,0,0
32147,PENDIENTE,0,4000,,,,,,0,,,0,0
32148,PENDIENTE,0,4000,,,,,,0,,,0,0
32149,PENDIENTE,0,4000,,,,,,0,,,0,0
32150,PENDIENTE,0,4000,,,,,,0,,,0,0
32151,PENDIENTE,0,4000,,,,,,0,,,0,0
32152,PENDIENTE,0,4000,,,,,,0,,,0,0
32153,PENDIENTE,0,4000,,,,,,0,,,0,0
32154,PENDIENTE,0,4000,,,,,,0,,,0,0
32155,PENDIENTE,0,4000,,,,,,0,,,0,0
32156,PENDIENTE,0,4000,,,,,,0,,,0,0
32157,PENDIENTE,0,4000,,,,,,0,,,0,0
32158,PENDIENTE,0,4000,,,,,,0,,,0,0
32159,PENDIENTE,0,4000,,,,,,0,,,0,0
32160,PENDIENTE,0,4000,,,,,,0,,,0,0
32161,PENDIENTE,0,4000,,,,,,0,,,0,0
32162,PENDIENTE,0,4000,,,,,,0,,,0,0
32163,PENDIENTE,0,4000,,,,,,0,,,0,0
32164,PENDIENTE,0,4000,,,,,,0,,,0,0
32165,PENDIENTE,0,4000,,,,,,0,,,0,0
32166,PENDIENTE,0,4000,,,,,,0,,,0,0
32167,PENDIENTE,0,4000,,,,,,0,,,0,0
32168,PENDIENTE,0,4000,,,,,,0,,,0,0
32169,PENDIENTE,0,4000,,,,,,0,,,0,0
32170,PENDIENTE,0,4000,,,,,,0,,,0,0
32171,PENDIENTE,0,4000,,,,,,0,,,0,0
32172,PENDIENTE,0,4000,,,,,,0,,,0,0
32173,PENDIENTE,0,4000,,,,,,0,,,0,0
32174,PENDIENTE,0,4000,,,,,,0,,,0,0
32175,PENDIENTE,0,4000,,,,,,0,,,0,0
32176,PENDIENTE,0,4000,,,,,,0,,,0,0
32177,PENDIENTE,0,4000,,,,,,0,,,0,0
32178,PENDIENTE,0,4000,,,,,,0,,,0,0
32179,PENDIENTE,0,4000,,,,,,0,,,0,0
32180,PENDIENTE,0,4000,,,,,,0,,,0,0
32181,PENDIENTE,0,4000,,,,,,0,,,0,0
32182,PENDIENTE,0,4000,,,,,,0,,,0,0
32183,PENDIENTE,0,4000,,,,,,0,,,0,0
32184,PENDIENTE,0,4000,,,,,,0,,,0,0
32185,PENDIENTE,0,4000,,,,,,0,,,0,0
32186,PENDIENTE,0,4000,,,,,,0,,,0,0
32187,PENDIENTE,0,4000,,,,,,0,,,0,0
32188,PENDIENTE,0,4000,,,,,,0,,,0,0
32189,PENDIENTE,0,4000,,,,,,0,,,0,0
32190,PENDIENTE,0,4000,,,,,,0,,,0,0
32191,PENDIENTE,0,4000,,,,,,0,,,0,0
32192,PENDIENTE,0,4000,,,,,,0,,,0,0
32193,PENDIENTE,0,4000,,,,,,0,,,0,0
32194,PENDIENTE,0,4000,,,,,,0,,,0,0
32195,PENDIENTE,0,4000,,,,,,0,,,0,0
32196,PENDIENTE,0,4000,,,,,,0,,,0,0
32197,PENDIENTE,0,4000,,,,,,0,,,0,0
32198,PENDIENTE,0,4000,,,,,,0,,,0,0
32199,PENDIENTE,0,4000,,,,,,0,,,0,0
32200,PENDIENTE,0,4000,,,,,,0,,,0,0
32201,PENDIENTE,0,4000,,,,,,0,,,0,0
32202,PENDIENTE,0,4000,,,,,,0,,,0,0
32203,PENDIENTE,0,4000,,,,,,0,,,0,0
32204,PENDIENTE,0,4000,,,,,,0,,,0,0
32205,PENDIENTE,0,4000,,,,,,0,,,0,0
32206,PENDIENTE,0,4000,,,,,,0,,,0,0
32207,PENDIENTE,0,4000,,,,,,0,,,0,0
32208,PENDIENTE,0,4000,,,,,,0,,,0,0
32209,PENDIENTE,0,4000,,,,,,0,,,0,0
32210,PENDIENTE,0,4000,,,,,,0,,,0,0
32211,PENDIENTE,0,4000,,,,,,0,,,0,0
32212,PENDIENTE,0,4000,,,,,,0,,,0,0
32213,PENDIENTE,0,4000,,,,,,0,,,0,0
32214,PENDIENTE,0,4000,,,,,,0,,,0,0
32215,PENDIENTE,0,4000,,,,,,0,,,0,0
32216,PENDIENTE,0,4000,,,,,,0,,,0,0
32217,PENDIENTE,0,4000,,,,,,0,,,0,0
32218,PENDIENTE,0,4000,,,,,,0,,,0,0
32219,PENDIENTE,0,4000,,,,,,0,,,0,0
32220,PENDIENTE,0,4000,,,,,,0,,,0,0
32221,PENDIENTE,0,4000,,,,,,0,,,0,0
32222,PENDIENTE,0,4000,,,,,,0,,,0,0
32223,PENDIENTE,0,4000,,,,,,0,,,0,0
32224,PENDIENTE,0,4000,,,,,,0,,,0,0
32225,PENDIENTE,0,4000,,,,,,0,,,0,0
32226,PENDIENTE,0,4000,,,,,,0,,,0,0
32227,PENDIENTE,0,4000,,,,,,0,,,0,0
32228,PENDIENTE,0,4000,,,,,,0,,,0,0
32229,PENDIENTE,0,4000,,,,,,0,,,0,0
32230,PENDIENTE,0,4000,,,,,,0,,,0,0
32231,PENDIENTE,0,4000,,,,,,0,,,0,0
32232,PENDIENTE,0,4000,,,,,,0,,,0,0
32233,PENDIENTE,0,4000,,,,,,0,,,0,0
32234,PENDIENTE,0,4000,,,,,,0,,,0,0
32235,PENDIENTE,0,4000,,,,,,0,,,0,0
32236,PENDIENTE,0,4000,,,,,,0,,,0,0
32237,PENDIENTE,0,4000,,,,,,0,,,0,0
32238,PENDIENTE,0,4000,,,,,,0,,,0,0
32239,PENDIENTE,0,4000,,,,,,0,,,0,0
32240,PENDIENTE,0,4000,,,,,,0,,,0,0
32241,PENDIENTE,0,4000,,,,,,0,,,0,0
32242,PENDIENTE,0,4000,,,,,,0,,,0,0
32243,PENDIENTE,0,4000,,,,,,0,,,0,0
32244,PENDIENTE,0,4000,,,,,,0,,,0,0
32245,PENDIENTE,0,4000,,,,,,0,,,0,0
32246,PENDIENTE,0,4000,,,,,,0,,,0,0
32247,PENDIENTE,0,4000,,,,,,0,,,0,0
32248,PENDIENTE,0,4000,,,,,,0,,,0,0
32249,PENDIENTE,0,4000,,,,,,0,,,0,0
32250,PENDIENTE,0,4000,,,,,,0,,,0,0
32251,PENDIENTE,0,4000,,,,,,0,,,0,0
32252,PENDIENTE,0,4000,,,,,,0,,,0,0
32253,PENDIENTE,0,4000,,,,,,0,,,0,0
32254,PENDIENTE,0,4000,,,,,,0,,,0,0
32255,PENDIENTE,0,4000,,,,,,0,,,0,0
32256,PENDIENTE,0,4000,,,,,,0,,,0,0
32257,PENDIENTE,0,4000,,,,,,0,,,0,0
32258,PENDIENTE,0,4000,,,,,,0,,,0,0
32259,PENDIENTE,0,4000,,,,,,0,,,0,0
32260,PENDIENTE,0,4000,,,,,,0,,,0,0
32261,PENDIENTE,0,4000,,,,,,0,,,0,0
32262,PENDIENTE,0,4000,,,,,,0,,,0,0
32263,PENDIENTE,0,4000,,,,,,0,,,0,0
32264,PENDIENTE,0,4000,,,,,,0,,,0,0
32265,PENDIENTE,0,4000,,,,,,0,,,0,0
32266,PENDIENTE,0,4000,,,,,,0,,,0,0
32267,PENDIENTE,0,4000,,,,,,0,,,0,0
32268,PENDIENTE,0,4000,,,,,,0,,,0,0
32269,PENDIENTE,0,4000,,,,,,0,,,0,0
32270,PENDIENTE,0,4000,,,,,,0,,,0,0
32271,PENDIENTE,0,4000,,,,,,0,,,0,0
32272,PENDIENTE,0,4000,,,,,,0,,,0,0
32273,PENDIENTE,0,4000,,,,,,0,,,0,0
32274,PENDIENTE,0,4000,,,,,,0,,,0,0
32275,PENDIENTE,0,4000,,,,,,0,,,0,0
32276,PENDIENTE,0,4000,,,,,,0,,,0,0
32277,PENDIENTE,0,4000,,,,,,0,,,0,0
32278,PENDIENTE,0,4000,,,,,,0,,,0,0
32279,PENDIENTE,0,4000,,,,,,0,,,0,0
32280,PENDIENTE,0,4000,,,,,,0,,,0,0
32281,PENDIENTE,0,4000,,,,,,0,,,0,0
32282,PENDIENTE,0,4000,,,,,,0,,,0,0
32283,PENDIENTE,0,4000,,,,,,0,,,0,0
32284,PENDIENTE,0,4000,,,,,,0,,,0,0
32285,PENDIENTE,0,4000,,,,,,0,,,0,0
32286,PENDIENTE,0,4000,,,,,,0,,,0,0
32287,PENDIENTE,0,4000,,,,,,0,,,0,0
32288,PENDIENTE,0,4000,,,,,,0,,,0,0
32289,PENDIENTE,0,4000,,,,,,0,,,0,0
32290,PENDIENTE,0,4000,,,,,,0,,,0,0
32291,PENDIENTE,0,4000,,,,,,0,,,0,0
32292,PENDIENTE,0,4000,,,,,,0,,,0,0
32293,PENDIENTE,0,4000,,,,,,0,,,0,0
32294,PENDIENTE,0,4000,,,,,,0,,,0,0
32295,PENDIENTE,0,4000,,,,,,0,,,0,0
32296,PENDIENTE,0,4000,,,,,,0,,,0,0
32297,PENDIENTE,0,4000,,,,,,0,,,0,0
32298,PENDIENTE,0,4000,,,,,,0,,,0,0
32299,PENDIENTE,0,4000,,,,,,0,,,0,0
32300,PENDIENTE,0,4000,,,,,,0,,,0,0
32301,PENDIENTE,0,4000,,,,,,0,,,0,0
32302,PENDIENTE,0,4000,,,,,,0,,,0,0
32303,PENDIENTE,0,4000,,,,,,0,,,0,0
32304,PENDIENTE,0,4000,,,,,,0,,,0,0
32305,PENDIENTE,0,4000,,,,,,0,,,0,0
32306,PENDIENTE,0,4000,,,,,,0,,,0,0
32307,PENDIENTE,0,4000,,,,,,0,,,0,0
32308,PENDIENTE,0,4000,,,,,,0,,,0,0
32309,PENDIENTE,0,4000,,,,,,0,,,0,0
32310,PENDIENTE,0,4000,,,,,,0,,,0,0
32311,PENDIENTE,0,4000,,,,,,0,,,0,0
32312,PENDIENTE,0,4000,,,,,,0,,,0,0
32313,PENDIENTE,0,4000,,,,,,0,,,0,0
32314,PENDIENTE,0,4000,,,,,,0,,,0,0
32315,PENDIENTE,0,4000,,,,,,0,,,0,0
32316,PENDIENTE,0,4000,,,,,,0,,,0,0
32317,PENDIENTE,0,4000,,,,,,0,,,0,0
32318,PENDIENTE,0,4000,,,,,,0,,,0,0
32319,PENDIENTE,0,4000,,,,,,0,,,0,0
32320,PENDIENTE,0,4000,,,,,,0,,,0,0
32321,PENDIENTE,0,4000,,,,,,0,,,0,0
32322,PENDIENTE,0,4000,,,,,,0,,,0,0
32323,PENDIENTE,0,4000,,,,,,0,,,0,0
32324,PENDIENTE,0,4000,,,,,,0,,,0,0
32325,PENDIENTE,0,4000,,,,,,0,,,0,0
32326,PENDIENTE,0,4000,,,,,,0,,,0,0
32327,PENDIENTE,0,4000,,,,,,0,,,0,0
32328,PENDIENTE,0,4000,,,,,,0,,,0,0
32329,PENDIENTE,0,4000,,,,,,0,,,0,0
32330,PENDIENTE,0,4000,,,,,,0,,,0,0
32331,PENDIENTE,0,4000,,,,,,0,,,0,0
32332,PENDIENTE,0,4000,,,,,,0,,,0,0
32333,PENDIENTE,0,4000,,,,,,0,,,0,0
32334,PENDIENTE,0,4000,,,,,,0,,,0,0
32335,PENDIENTE,0,4000,,,,,,0,,,0,0
32336,PENDIENTE,0,4000,,,,,,0,,,0,0
32337,PENDIENTE,0,4000,,,,,,0,,,0,0
32338,PENDIENTE,0,4000,,,,,,0,,,0,0
32339,PENDIENTE,0,4000,,,,,,0,,,0,0
32340,PENDIENTE,0,4000,,,,,,0,,,0,0
32341,PENDIENTE,0,4000,,,,,,0,,,0,0
32342,PENDIENTE,0,4000,,,,,,0,,,0,0
32343,PENDIENTE,0,4000,,,,,,0,,,0,0
32344,PENDIENTE,0,4000,,,,,,0,,,0,0
32345,PENDIENTE,0,4000,,,,,,0,,,0,0
32346,PENDIENTE,0,4000,,,,,,0,,,0,0
32347,PENDIENTE,0,4000,,,,,,0,,,0,0
32348,PENDIENTE,0,4000,,,,,,0,,,0,0
32349,PENDIENTE,0,4000,,,,,,0,,,0,0
32350,PENDIENTE,0,4000,,,,,,0,,,0,0
32351,PENDIENTE,0,4000,,,,,,0,,,0,0
32352,PENDIENTE,0,4000,,,,,,0,,,0,0
32353,PENDIENTE,0,4000,,,,,,0,,,0,0
32354,PENDIENTE,0,4000,,,,,,0,,,0,0
32355,PENDIENTE,0,4000,,,,,,0,,,0,0
32356,PENDIENTE,0,4000,,,,,,0,,,0,0
32357,PENDIENTE,0,4000,,,,,,0,,,0,0
32358,PENDIENTE,0,4000,,,,,,0,,,0,0
32359,PENDIENTE,0,4000,,,,,,0,,,0,0
32360,PENDIENTE,0,4000,,,,,,0,,,0,0
32361,PENDIENTE,0,4000,,,,,,0,,,0,0
32362,PENDIENTE,0,4000,,,,,,0,,,0,0
32363,PENDIENTE,0,4000,,,,,,0,,,0,0
32364,PENDIENTE,0,4000,,,,,,0,,,0,0
32365,PENDIENTE,0,4000,,,,,,0,,,0,0
32366,PENDIENTE,0,4000,,,,,,0,,,0,0
32367,PENDIENTE,0,4000,,,,,,0,,,0,0
32368,PENDIENTE,0,4000,,,,,,0,,,0,0
32369,PENDIENTE,0,4000,,,,,,0,,,0,0
32370,PENDIENTE,0,4000,,,,,,0,,,0,0
32371,PENDIENTE,0,4000,,,,,,0,,,0,0
32372,PENDIENTE,0,4000,,,,,,0,,,0,0
32373,PENDIENTE,0,4000,,,,,,0,,,0,0
32374,PENDIENTE,0,4000,,,,,,0,,,0,0
32375,PENDIENTE,0,4000,,,,,,0,,,0,0
32376,PENDIENTE,0,4000,,,,,,0,,,0,0
32377,PENDIENTE,0,4000,,,,,,0,,,0,0
32378,PENDIENTE,0,4000,,,,,,0,,,0,0
32379,PENDIENTE,0,4000,,,,,,0,,,0,0
32380,PENDIENTE,0,4000,,,,,,0,,,0,0
32381,PENDIENTE,0,4000,,,,,,0,,,0,0
32382,PENDIENTE,0,4000,,,,,,0,,,0,0
32383,PENDIENTE,0,4000,,,,,,0,,,0,0
32384,PENDIENTE,0,4000,,,,,,0,,,0,0
32385,PENDIENTE,0,4000,,,,,,0,,,0,0
32386,PENDIENTE,0,4000,,,,,,0,,,0,0
32387,PENDIENTE,0,4000,,,,,,0,,,0,0
32388,PENDIENTE,0,4000,,,,,,0,,,0,0
32389,PENDIENTE,0,4000,,,,,,0,,,0,0
32390,PENDIENTE,0,4000,,,,,,0,,,0,0
32391,PENDIENTE,0,4000,,,,,,0,,,0,0
32392,PENDIENTE,0,4000,,,,,,0,,,0,0
32393,PENDIENTE,0,4000,,,,,,0,,,0,0
32394,PENDIENTE,0,4000,,,,,,0,,,0,0
32395,PENDIENTE,0,4000,,,,,,0,,,0,0
32396,PENDIENTE,0,4000,,,,,,0,,,0,0
32397,PENDIENTE,0,4000,,,,,,0,,,0,0
32398,PENDIENTE,0,4000,,,,,,0,,,0,0
32399,PENDIENTE,0,4000,,,,,,0,,,0,0
32400,PENDIENTE,0,4000,,,,,,0,,,0,0
32401,PENDIENTE,0,4000,,,,,,0,,,0,0
32402,PENDIENTE,0,4000,,,,,,0,,,0,0
32403,PENDIENTE,0,4000,,,,,,0,,,0,0
32404,PENDIENTE,0,4000,,,,,,0,,,0,0
32405,PENDIENTE,0,4000,,,,,,0,,,0,0
32406,PENDIENTE,0,4000,,,,,,0,,,0,0
32407,PENDIENTE,0,4000,,,,,,0,,,0,0
32408,PENDIENTE,0,4000,,,,,,0,,,0,0
32409,PENDIENTE,0,4000,,,,,,0,,,0,0
32410,PENDIENTE,0,4000,,,,,,0,,,0,0
32411,PENDIENTE,0,4000,,,,,,0,,,0,0
32412,PENDIENTE,0,4000,,,,,,0,,,0,0
32413,PENDIENTE,0,4000,,,,,,0,,,0,0
32414,PENDIENTE,0,4000,,,,,,0,,,0,0
32415,PENDIENTE,0,4000,,,,,,0,,,0,0
32416,PENDIENTE,0,4000,,,,,,0,,,0,0
32417,PENDIENTE,0,4000,,,,,,0,,,0,0
32418,PENDIENTE,0,4000,,,,,,0,,,0,0
32419,PENDIENTE,0,4000,,,,,,0,,,0,0
32420,PENDIENTE,0,4000,,,,,,0,,,0,0
32421,PENDIENTE,0,4000,,,,,,0,,,0,0
32422,PENDIENTE,0,4000,,,,,,0,,,0,0
32423,PENDIENTE,0,4000,,,,,,0,,,0,0
32424,PENDIENTE,0,4000,,,,,,0,,,0,0
32425,PENDIENTE,0,4000,,,,,,0,,,0,0
32426,PENDIENTE,0,4000,,,,,,0,,,0,0
32427,PENDIENTE,0,4000,,,,,,0,,,0,0
32428,PENDIENTE,0,4000,,,,,,0,,,0,0
32429,PENDIENTE,0,4000,,,,,,0,,,0,0
32430,PENDIENTE,0,4000,,,,,,0,,,0,0
32431,PENDIENTE,0,4000,,,,,,0,,,0,0
32432,PENDIENTE,0,4000,,,,,,0,,,0,0
32433,PENDIENTE,0,4000,,,,,,0,,,0,0
32434,PENDIENTE,0,4000,,,,,,0,,,0,0
32435,PENDIENTE,0,4000,,,,,,0,,,0,0
32436,PENDIENTE,0,4000,,,,,,0,,,0,0
32437,PENDIENTE,0,4000,,,,,,0,,,0,0
32438,PENDIENTE,0,4000,,,,,,0,,,0,0
32439,PENDIENTE,0,4000,,,,,,0,,,0,0
32440,PENDIENTE,0,4000,,,,,,0,,,0,0
32441,PENDIENTE,0,4000,,,,,,0,,,0,0
32442,PENDIENTE,0,4000,,,,,,0,,,0,0
32443,PENDIENTE,0,4000,,,,,,0,,,0,0
32444,PENDIENTE,0,4000,,,,,,0,,,0,0
32445,PENDIENTE,0,4000,,,,,,0,,,0,0
32446,PENDIENTE,0,4000,,,,,,0,,,0,0
32447,PENDIENTE,0,4000,,,,,,0,,,0,0
32448,PENDIENTE,0,4000,,,,,,0,,,0,0
32449,PENDIENTE,0,4000,,,,,,0,,,0,0
32450,PENDIENTE,0,4000,,,,,,0,,,0,0
32451,PENDIENTE,0,4000,,,,,,0,,,0,0
32452,PENDIENTE,0,4000,,,,,,0,,,0,0
32453,PENDIENTE,0,4000,,,,,,0,,,0,0
32454,PENDIENTE,0,4000,,,,,,0,,,0,0
32455,PENDIENTE,0,4000,,,,,,0,,,0,0
32456,PENDIENTE,0,4000,,,,,,0,,,0,0
32457,PENDIENTE,0,4000,,,,,,0,,,0,0
32458,PENDIENTE,0,4000,,,,,,0,,,0,0
32459,PENDIENTE,0,4000,,,,,,0,,,0,0
32460,PENDIENTE,0,4000,,,,,,0,,,0,0
32461,PENDIENTE,0,4000,,,,,,0,,,0,0
32462,PENDIENTE,0,4000,,,,,,0,,,0,0
32463,PENDIENTE,0,4000,,,,,,0,,,0,0
32464,PENDIENTE,0,4000,,,,,,0,,,0,0
32465,PENDIENTE,0,4000,,,,,,0,,,0,0
32466,PENDIENTE,0,4000,,,,,,0,,,0,0
32467,PENDIENTE,0,4000,,,,,,0,,,0,0
32468,PENDIENTE,0,4000,,,,,,0,,,0,0
32469,PENDIENTE,0,4000,,,,,,0,,,0,0
32470,PENDIENTE,0,4000,,,,,,0,,,0,0
32471,PENDIENTE,0,4000,,,,,,0,,,0,0
32472,PENDIENTE,0,4000,,,,,,0,,,0,0
32473,PENDIENTE,0,4000,,,,,,0,,,0,0
32474,PENDIENTE,0,4000,,,,,,0,,,0,0
32475,PENDIENTE,0,4000,,,,,,0,,,0,0
32476,PENDIENTE,0,4000,,,,,,0,,,0,0
32477,PENDIENTE,0,4000,,,,,,0,,,0,0
32478,PENDIENTE,0,4000,,,,,,0,,,0,0
32479,PENDIENTE,0,4000,,,,,,0,,,0,0
32480,PENDIENTE,0,4000,,,,,,0,,,0,0
32481,PENDIENTE,0,4000,,,,,,0,,,0,0
32482,PENDIENTE,0,4000,,,,,,0,,,0,0
32483,PENDIENTE,0,4000,,,,,,0,,,0,0
32484,PENDIENTE,0,4000,,,,,,0,,,0,0
32485,PENDIENTE,0,4000,,,,,,0,,,0,0
32486,PENDIENTE,0,4000,,,,,,0,,,0,0
32487,PENDIENTE,0,4000,,,,,,0,,,0,0
32488,PENDIENTE,0,4000,,,,,,0,,,0,0
32489,PENDIENTE,0,4000,,,,,,0,,,0,0
32490,PENDIENTE,0,4000,,,,,,0,,,0,0
32491,PENDIENTE,0,4000,,,,,,0,,,0,0
32492,PENDIENTE,0,4000,,,,,,0,,,0,0
32493,PENDIENTE,0,4000,,,,,,0,,,0,0
32494,PENDIENTE,0,4000,,,,,,0,,,0,0
32495,PENDIENTE,0,4000,,,,,,0,,,0,0
32496,PENDIENTE,0,4000,,,,,,0,,,0,0
32497,PENDIENTE,0,4000,,,,,,0,,,0,0
32498,PENDIENTE,0,4000,,,,,,0,,,0,0
32499,PENDIENTE,0,4000,,,,,,0,,,0,0
32500,PENDIENTE,0,4000,,,,,,0,,,0,0
32501,PENDIENTE,0,4000,,,,,,0,,,0,0
32502,PENDIENTE,0,4000,,,,,,0,,,0,0
32503,PENDIENTE,0,4000,,,,,,0,,,0,0
32504,PENDIENTE,0,4000,,,,,,0,,,0,0
32505,PENDIENTE,0,4000,,,,,,0,,,0,0
32506,PENDIENTE,0,4000,,,,,,0,,,0,0
32507,PENDIENTE,0,4000,,,,,,0,,,0,0
32508,PENDIENTE,0,4000,,,,,,0,,,0,0
32509,PENDIENTE,0,4000,,,,,,0,,,0,0
32510,PENDIENTE,0,4000,,,,,,0,,,0,0
32511,PENDIENTE,0,4000,,,,,,0,,,0,0
32512,PENDIENTE,0,4000,,,,,,0,,,0,0
32513,PENDIENTE,0,4000,,,,,,0,,,0,0
32514,PENDIENTE,0,4000,,,,,,0,,,0,0
32515,PENDIENTE,0,4000,,,,,,0,,,0,0
32516,PENDIENTE,0,4000,,,,,,0,,,0,0
32517,PENDIENTE,0,4000,,,,,,0,,,0,0
32518,PENDIENTE,0,4000,,,,,,0,,,0,0
32519,PENDIENTE,0,4000,,,,,,0,,,0,0
32520,PENDIENTE,0,4000,,,,,,0,,,0,0
32521,PENDIENTE,0,4000,,,,,,0,,,0,0
32522,PENDIENTE,0,4000,,,,,,0,,,0,0
32523,PENDIENTE,0,4000,,,,,,0,,,0,0
32524,PENDIENTE,0,4000,,,,,,0,,,0,0
32525,PENDIENTE,0,4000,,,,,,0,,,0,0
32526,PENDIENTE,0,4000,,,,,,0,,,0,0
32527,PENDIENTE,0,4000,,,,,,0,,,0,0
32528,PENDIENTE,0,4000,,,,,,0,,,0,0
32529,PENDIENTE,0,4000,,,,,,0,,,0,0
32530,PENDIENTE,0,4000,,,,,,0,,,0,0
32531,PENDIENTE,0,4000,,,,,,0,,,0,0
32532,PENDIENTE,0,4000,,,,,,0,,,0,0
32533,PENDIENTE,0,4000,,,,,,0,,,0,0
32534,PENDIENTE,0,4000,,,,,,0,,,0,0
32535,PENDIENTE,0,4000,,,,,,0,,,0,0
32536,PENDIENTE,0,4000,,,,,,0,,,0,0
32537,PENDIENTE,0,4000,,,,,,0,,,0,0
32538,PENDIENTE,0,4000,,,,,,0,,,0,0
32539,PENDIENTE,0,4000,,,,,,0,,,0,0
32540,PENDIENTE,0,4000,,,,,,0,,,0,0
32541,PENDIENTE,0,4000,,,,,,0,,,0,0
32542,PENDIENTE,0,4000,,,,,,0,,,0,0
32543,PENDIENTE,0,4000,,,,,,0,,,0,0
32544,PENDIENTE,0,4000,,,,,,0,,,0,0
32545,PENDIENTE,0,4000,,,,,,0,,,0,0
32546,PENDIENTE,0,4000,,,,,,0,,,0,0
32547,PENDIENTE,0,4000,,,,,,0,,,0,0
32548,PENDIENTE,0,4000,,,,,,0,,,0,0
32549,PENDIENTE,0,4000,,,,,,0,,,0,0
32550,PENDIENTE,0,4000,,,,,,0,,,0,0
32551,PENDIENTE,0,4000,,,,,,0,,,0,0
32552,PENDIENTE,0,4000,,,,,,0,,,0,0
32553,PENDIENTE,0,4000,,,,,,0,,,0,0
32554,PENDIENTE,0,4000,,,,,,0,,,0,0
32555,PENDIENTE,0,4000,,,,,,0,,,0,0
32556,PENDIENTE,0,4000,,,,,,0,,,0,0
32557,PENDIENTE,0,4000,,,,,,0,,,0,0
32558,PENDIENTE,0,4000,,,,,,0,,,0,0
32559,PENDIENTE,0,4000,,,,,,0,,,0,0
32560,PENDIENTE,0,4000,,,,,,0,,,0,0
32561,PENDIENTE,0,4000,,,,,,0,,,0,0
32562,PENDIENTE,0,4000,,,,,,0,,,0,0
32563,PENDIENTE,0,4000,,,,,,0,,,0,0
32564,PENDIENTE,0,4000,,,,,,0,,,0,0
32565,PENDIENTE,0,4000,,,,,,0,,,0,0
32566,PENDIENTE,0,4000,,,,,,0,,,0,0
32567,PENDIENTE,0,4000,,,,,,0,,,0,0
32568,PENDIENTE,0,4000,,,,,,0,,,0,0
32569,PENDIENTE,0,4000,,,,,,0,,,0,0
32570,PENDIENTE,0,4000,,,,,,0,,,0,0
32571,PENDIENTE,0,4000,,,,,,0,,,0,0
32572,PENDIENTE,0,4000,,,,,,0,,,0,0
32573,PENDIENTE,0,4000,,,,,,0,,,0,0
32574,PENDIENTE,0,4000,,,,,,0,,,0,0
32575,PENDIENTE,0,4000,,,,,,0,,,0,0
32576,PENDIENTE,0,4000,,,,,,0,,,0,0
32577,PENDIENTE,0,4000,,,,,,0,,,0,0
32578,PENDIENTE,0,4000,,,,,,0,,,0,0
32579,PENDIENTE,0,4000,,,,,,0,,,0,0
32580,PENDIENTE,0,4000,,,,,,0,,,0,0
32581,PENDIENTE,0,4000,,,,,,0,,,0,0
32582,PENDIENTE,0,4000,,,,,,0,,,0,0
32583,PENDIENTE,0,4000,,,,,,0,,,0,0
32584,PENDIENTE,0,4000,,,,,,0,,,0,0
32585,PENDIENTE,0,4000,,,,,,0,,,0,0
32586,PENDIENTE,0,4000,,,,,,0,,,0,0
32587,PENDIENTE,0,4000,,,,,,0,,,0,0
32588,PENDIENTE,0,4000,,,,,,0,,,0,0
32589,PENDIENTE,0,4000,,,,,,0,,,0,0
32590,PENDIENTE,0,4000,,,,,,0,,,0,0
32591,PENDIENTE,0,4000,,,,,,0,,,0,0
32592,PENDIENTE,0,4000,,,,,,0,,,0,0
32593,PENDIENTE,0,4000,,,,,,0,,,0,0
32594,PENDIENTE,0,4000,,,,,,0,,,0,0
32595,PENDIENTE,0,4000,,,,,,0,,,0,0
32596,PENDIENTE,0,4000,,,,,,0,,,0,0
32597,PENDIENTE,0,4000,,,,,,0,,,0,0
32598,PENDIENTE,0,4000,,,,,,0,,,0,0
32599,PENDIENTE,0,4000,,,,,,0,,,0,0
32600,PENDIENTE,0,4000,,,,,,0,,,0,0
32601,PENDIENTE,0,4000,,,,,,0,,,0,0
32602,PENDIENTE,0,4000,,,,,,0,,,0,0
32603,PENDIENTE,0,4000,,,,,,0,,,0,0
32604,PENDIENTE,0,4000,,,,,,0,,,0,0
32605,PENDIENTE,0,4000,,,,,,0,,,0,0
32606,PENDIENTE,0,4000,,,,,,0,,,0,0
32607,PENDIENTE,0,4000,,,,,,0,,,0,0
32608,PENDIENTE,0,4000,,,,,,0,,,0,0
32609,PENDIENTE,0,4000,,,,,,0,,,0,0
32610,PENDIENTE,0,4000,,,,,,0,,,0,0
32611,PENDIENTE,0,4000,,,,,,0,,,0,0
32612,PENDIENTE,0,4000,,,,,,0,,,0,0
32613,PENDIENTE,0,4000,,,,,,0,,,0,0
32614,PENDIENTE,0,4000,,,,,,0,,,0,0
32615,PENDIENTE,0,4000,,,,,,0,,,0,0
32616,PENDIENTE,0,4000,,,,,,0,,,0,0
32617,PENDIENTE,0,4000,,,,,,0,,,0,0
32618,PENDIENTE,0,4000,,,,,,0,,,0,0
32619,PENDIENTE,0,4000,,,,,,0,,,0,0
32620,PENDIENTE,0,4000,,,,,,0,,,0,0
32621,PENDIENTE,0,4000,,,,,,0,,,0,0
32622,PENDIENTE,0,4000,,,,,,0,,,0,0
32623,PENDIENTE,0,4000,,,,,,0,,,0,0
32624,PENDIENTE,0,4000,,,,,,0,,,0,0
32625,PENDIENTE,0,4000,,,,,,0,,,0,0
32626,PENDIENTE,0,4000,,,,,,0,,,0,0
32627,PENDIENTE,0,4000,,,,,,0,,,0,0
32628,PENDIENTE,0,4000,,,,,,0,,,0,0
32629,PENDIENTE,0,4000,,,,,,0,,,0,0
32630,PENDIENTE,0,4000,,,,,,0,,,0,0
32631,PENDIENTE,0,4000,,,,,,0,,,0,0
32632,PENDIENTE,0,4000,,,,,,0,,,0,0
32633,PENDIENTE,0,4000,,,,,,0,,,0,0
32634,PENDIENTE,0,4000,,,,,,0,,,0,0
32635,PENDIENTE,0,4000,,,,,,0,,,0,0
32636,PENDIENTE,0,4000,,,,,,0,,,0,0
32637,PENDIENTE,0,4000,,,,,,0,,,0,0
32638,PENDIENTE,0,4000,,,,,,0,,,0,0
32639,PENDIENTE,0,4000,,,,,,0,,,0,0
32640,PENDIENTE,0,4000,,,,,,0,,,0,0
32641,PENDIENTE,0,4000,,,,,,0,,,0,0
32642,PENDIENTE,0,4000,,,,,,0,,,0,0
32643,PENDIENTE,0,4000,,,,,,0,,,0,0
32644,PENDIENTE,0,4000,,,,,,0,,,0,0
32645,PENDIENTE,0,4000,,,,,,0,,,0,0
32646,PENDIENTE,0,4000,,,,,,0,,,0,0
32647,PENDIENTE,0,4000,,,,,,0,,,0,0
32648,PENDIENTE,0,4000,,,,,,0,,,0,0
32649,PENDIENTE,0,4000,,,,,,0,,,0,0
32650,PENDIENTE,0,4000,,,,,,0,,,0,0
32651,PENDIENTE,0,4000,,,,,,0,,,0,0
32652,PENDIENTE,0,4000,,,,,,0,,,0,0
32653,PENDIENTE,0,4000,,,,,,0,,,0,0
32654,PENDIENTE,0,4000,,,,,,0,,,0,0
32655,PENDIENTE,0,4000,,,,,,0,,,0,0
32656,PENDIENTE,0,4000,,,,,,0,,,0,0
32657,PENDIENTE,0,4000,,,,,,0,,,0,0
32658,PENDIENTE,0,4000,,,,,,0,,,0,0
32659,PENDIENTE,0,4000,,,,,,0,,,0,0
32660,PENDIENTE,0,4000,,,,,,0,,,0,0
32661,PENDIENTE,0,4000,,,,,,0,,,0,0
32662,PENDIENTE,0,4000,,,,,,0,,,0,0
32663,PENDIENTE,0,4000,,,,,,0,,,0,0
32664,PENDIENTE,0,4000,,,,,,0,,,0,0
32665,PENDIENTE,0,4000,,,,,,0,,,0,0
32666,PENDIENTE,0,4000,,,,,,0,,,0,0
32667,PENDIENTE,0,4000,,,,,,0,,,0,0
32668,PENDIENTE,0,4000,,,,,,0,,,0,0
32669,PENDIENTE,0,4000,,,,,,0,,,0,0
32670,PENDIENTE,0,500,,,,,,0,,,0,0
32671,PENDIENTE,0,500,,,,,,0,,,0,0
32672,PENDIENTE,0,500,,,,,,0,,,0,0
32673,PENDIENTE,0,4000,,,,,,0,,,0,0
32674,PENDIENTE,0,4000,,,,,,0,,,0,0
32675,PENDIENTE,0,4000,,,,,,0,,,0,0
32676,PENDIENTE,0,4000,,,,,,0,,,0,0
32677,PENDIENTE,0,4000,,,,,,0,,,0,0
32678,PENDIENTE,0,4000,,,,,,0,,,0,0
32679,PENDIENTE,0,4000,,,,,,0,,,0,0
32680,PENDIENTE,0,4000,,,,,,0,,,0,0
32681,PENDIENTE,0,4000,,,,,,0,,,0,0
32682,PENDIENTE,0,4000,,,,,,0,,,0,0
32683,PENDIENTE,0,4000,,,,,,0,,,0,0
32684,PENDIENTE,0,4000,,,,,,0,,,0,0
32685,PENDIENTE,0,4000,,,,,,0,,,0,0
32686,PENDIENTE,0,4000,,,,,,0,,,0,0
32687,PENDIENTE,0,4000,,,,,,0,,,0,0
32688,PENDIENTE,0,4000,,,,,,0,,,0,0
32689,PENDIENTE,0,4000,,,,,,0,,,0,0
32690,PENDIENTE,0,4000,,,,,,0,,,0,0
32691,PENDIENTE,0,4000,,,,,,0,,,0,0
32692,PENDIENTE,0,4000,,,,,,0,,,0,0
32693,PENDIENTE,0,4000,,,,,,0,,,0,0
32694,PENDIENTE,0,4000,,,,,,0,,,0,0
32695,PENDIENTE,0,4000,,,,,,0,,,0,0
32696,PENDIENTE,0,4000,,,,,,0,,,0,0
32697,PENDIENTE,0,4000,,,,,,0,,,0,0
32698,PENDIENTE,0,4000,,,,,,0,,,0,0
32699,PENDIENTE,0,4000,,,,,,0,,,0,0
32700,PENDIENTE,0,4000,,,,,,0,,,0,0
32701,PENDIENTE,0,4000,,,,,,0,,,0,0
32702,PENDIENTE,0,4000,,,,,,0,,,0,0
32703,PENDIENTE,0,4000,,,,,,0,,,0,0
32704,PENDIENTE,0,4000,,,,,,0,,,0,0
32705,PENDIENTE,0,4000,,,,,,0,,,0,0
32706,PENDIENTE,0,4000,,,,,,0,,,0,0
32707,PENDIENTE,0,4000,,,,,,0,,,0,0
32708,PENDIENTE,0,4000,,,,,,0,,,0,0
32709,PENDIENTE,0,4000,,,,,,0,,,0,0
32710,PENDIENTE,0,4000,,,,,,0,,,0,0
32711,PENDIENTE,0,4000,,,,,,0,,,0,0
32712,PENDIENTE,0,4000,,,,,,0,,,0,0
32713,PENDIENTE,0,4000,,,,,,0,,,0,0
32714,PENDIENTE,0,4000,,,,,,0,,,0,0
32715,PENDIENTE,0,4000,,,,,,0,,,0,0
32716,PENDIENTE,0,4000,,,,,,0,,,0,0
32717,PENDIENTE,0,4000,,,,,,0,,,0,0
32718,PENDIENTE,0,4000,,,,,,0,,,0,0
32719,PENDIENTE,0,4000,,,,,,0,,,0,0
32720,PENDIENTE,0,4000,,,,,,0,,,0,0
32721,PENDIENTE,0,4000,,,,,,0,,,0,0
32722,PENDIENTE,0,4000,,,,,,0,,,0,0
32723,PENDIENTE,0,4000,,,,,,0,,,0,0
32724,PENDIENTE,0,4000,,,,,,0,,,0,0
32725,PENDIENTE,0,4000,,,,,,0,,,0,0
32726,PENDIENTE,0,4000,,,,,,0,,,0,0
32727,PENDIENTE,0,4000,,,,,,0,,,0,0
32728,PENDIENTE,0,4000,,,,,,0,,,0,0
32729,PENDIENTE,0,4000,,,,,,0,,,0,0
32730,PENDIENTE,0,4000,,,,,,0,,,0,0
32731,PENDIENTE,0,4000,,,,,,0,,,0,0
32732,PENDIENTE,0,4000,,,,,,0,,,0,0
32733,PENDIENTE,0,4000,,,,,,0,,,0,0
32734,PENDIENTE,0,4000,,,,,,0,,,0,0
32735,PENDIENTE,0,4000,,,,,,0,,,0,0
32736,PENDIENTE,0,4000,,,,,,0,,,0,0
32737,PENDIENTE,0,4000,,,,,,0,,,0,0
32738,PENDIENTE,0,4000,,,,,,0,,,0,0
32739,PENDIENTE,0,4000,,,,,,0,,,0,0
32740,PENDIENTE,0,4000,,,,,,0,,,0,0
32741,PENDIENTE,0,4000,,,,,,0,,,0,0
32742,PENDIENTE,0,4000,,,,,,0,,,0,0
32743,PENDIENTE,0,4000,,,,,,0,,,0,0
32744,PENDIENTE,0,4000,,,,,,0,,,0,0
32745,PENDIENTE,0,4000,,,,,,0,,,0,0
32746,PENDIENTE,0,4000,,,,,,0,,,0,0
32747,PENDIENTE,0,4000,,,,,,0,,,0,0
32748,PENDIENTE,0,4000,,,,,,0,,,0,0
32749,PENDIENTE,0,4000,,,,,,0,,,0,0
32750,PENDIENTE,0,4000,,,,,,0,,,0,0
32751,PENDIENTE,0,4000,,,,,,0,,,0,0
32752,PENDIENTE,0,4000,,,,,,0,,,0,0
32753,PENDIENTE,0,4000,,,,,,0,,,0,0
32754,PENDIENTE,0,4000,,,,,,0,,,0,0
32755,PENDIENTE,0,4000,,,,,,0,,,0,0
32756,PENDIENTE,0,4000,,,,,,0,,,0,0
32757,PENDIENTE,0,4000,,,,,,0,,,0,0
32758,PENDIENTE,0,4000,,,,,,0,,,0,0
32759,PENDIENTE,0,4000,,,,,,0,,,0,0
32760,PENDIENTE,0,4000,,,,,,0,,,0,0
32761,PENDIENTE,0,4000,,,,,,0,,,0,0
32762,PENDIENTE,0,4000,,,,,,0,,,0,0
32763,PENDIENTE,0,4000,,,,,,0,,,0,0
32764,PENDIENTE,0,4000,,,,,,0,,,0,0
32765,PENDIENTE,0,4000,,,,,,0,,,0,0
32766,PENDIENTE,0,4000,,,,,,0,,,0,0
32767,PENDIENTE,0,4000,,,,,,0,,,0,0
32768,PENDIENTE,0,4000,,,,,,0,,,0,0
32769,PENDIENTE,0,4000,,,,,,0,,,0,0
32770,PENDIENTE,0,4000,,,,,,0,,,0,0
32771,PENDIENTE,0,4000,,,,,,0,,,0,0
32772,PENDIENTE,0,4000,,,,,,0,,,0,0
32773,PENDIENTE,0,4000,,,,,,0,,,0,0
32774,PENDIENTE,0,4000,,,,,,0,,,0,0
32775,PENDIENTE,0,4000,,,,,,0,,,0,0
32776,PENDIENTE,0,4000,,,,,,0,,,0,0
32777,PENDIENTE,0,4000,,,,,,0,,,0,0
32778,PENDIENTE,0,4000,,,,,,0,,,0,0
32779,PENDIENTE,0,4000,,,,,,0,,,0,0
32780,PENDIENTE,0,4000,,,,,,0,,,0,0
32781,PENDIENTE,0,4000,,,,,,0,,,0,0
32782,PENDIENTE,0,4000,,,,,,0,,,0,0
32783,PENDIENTE,0,4000,,,,,,0,,,0,0
32784,PENDIENTE,0,4000,,,,,,0,,,0,0
32785,PENDIENTE,0,4000,,,,,,0,,,0,0
32786,PENDIENTE,0,4000,,,,,,0,,,0,0
32787,PENDIENTE,0,4000,,,,,,0,,,0,0
32788,PENDIENTE,0,4000,,,,,,0,,,0,0
32789,PENDIENTE,0,4000,,,,,,0,,,0,0
32790,PENDIENTE,0,4000,,,,,,0,,,0,0
32791,PENDIENTE,0,4000,,,,,,0,,,0,0
32792,PENDIENTE,0,4000,,,,,,0,,,0,0
32793,PENDIENTE,0,4000,,,,,,0,,,0,0
32794,PENDIENTE,0,4000,,,,,,0,,,0,0
32795,PENDIENTE,0,4000,,,,,,0,,,0,0
32796,PENDIENTE,0,4000,,,,,,0,,,0,0
32797,PENDIENTE,0,4000,,,,,,0,,,0,0
32798,PENDIENTE,0,4000,,,,,,0,,,0,0
32799,PENDIENTE,0,4000,,,,,,0,,,0,0
32800,PENDIENTE,0,4000,,,,,,0,,,0,0
32801,PENDIENTE,0,4000,,,,,,0,,,0,0
32802,PENDIENTE,0,4000,,,,,,0,,,0,0
32803,PENDIENTE,0,4000,,,,,,0,,,0,0
32804,PENDIENTE,0,4000,,,,,,0,,,0,0
32805,PENDIENTE,0,4000,,,,,,0,,,0,0
32806,PENDIENTE,0,4000,,,,,,0,,,0,0
32807,PENDIENTE,0,4000,,,,,,0,,,0,0
32808,PENDIENTE,0,4000,,,,,,0,,,0,0
32809,PENDIENTE,0,4000,,,,,,0,,,0,0
32810,PENDIENTE,0,4000,,,,,,0,,,0,0
32811,PENDIENTE,0,4000,,,,,,0,,,0,0
32812,PENDIENTE,0,4000,,,,,,0,,,0,0
32813,PENDIENTE,0,4000,,,,,,0,,,0,0
32814,PENDIENTE,0,10,,,,,,0,,,0,0
32815,PENDIENTE,0,10,,,,,,0,,,0,0
32816,PENDIENTE,0,4000,,,,,,0,,,0,0
32817,PENDIENTE,0,4000,,,,,,0,,,0,0
32818,PENDIENTE,0,4000,,,,,,0,,,0,0
32819,PENDIENTE,0,4000,,,,,,0,,,0,0
32820,PENDIENTE,0,4000,,,,,,0,,,0,0
32821,PENDIENTE,0,4000,,,,,,0,,,0,0
32822,PENDIENTE,0,4000,,,,,,0,,,0,0
32823,PENDIENTE,0,4000,,,,,,0,,,0,0
32824,PENDIENTE,0,4000,,,,,,0,,,0,0
32825,PENDIENTE,0,4000,,,,,,0,,,0,0
32826,PENDIENTE,0,4000,,,,,,0,,,0,0
32827,PENDIENTE,0,4000,,,,,,0,,,0,0
32828,PENDIENTE,0,4000,,,,,,0,,,0,0
32829,PENDIENTE,0,4000,,,,,,0,,,0,0
32830,PENDIENTE,0,4000,,,,,,0,,,0,0
32831,PENDIENTE,0,4000,,,,,,0,,,0,0
32832,PENDIENTE,0,4000,,,,,,0,,,0,0
32833,PENDIENTE,0,4000,,,,,,0,,,0,0
32834,PENDIENTE,0,4000,,,,,,0,,,0,0
32835,PENDIENTE,0,4000,,,,,,0,,,0,0
32836,PENDIENTE,0,4000,,,,,,0,,,0,0
32837,PENDIENTE,0,4000,,,,,,0,,,0,0
32838,PENDIENTE,0,4000,,,,,,0,,,0,0
32839,PENDIENTE,0,4000,,,,,,0,,,0,0
32840,PENDIENTE,0,4000,,,,,,0,,,0,0
32841,PENDIENTE,0,4000,,,,,,0,,,0,0
32842,PENDIENTE,0,4000,,,,,,0,,,0,0
32843,PENDIENTE,0,4000,,,,,,0,,,0,0
32844,PENDIENTE,0,4000,,,,,,0,,,0,0
32845,PENDIENTE,0,4000,,,,,,0,,,0,0
32846,PENDIENTE,0,4000,,,,,,0,,,0,0
32847,PENDIENTE,0,4000,,,,,,0,,,0,0
32848,PENDIENTE,0,4000,,,,,,0,,,0,0
32849,PENDIENTE,0,4000,,,,,,0,,,0,0
32850,PENDIENTE,0,4000,,,,,,0,,,0,0
32851,PENDIENTE,0,4000,,,,,,0,,,0,0
32852,PENDIENTE,0,4000,,,,,,0,,,0,0
32853,PENDIENTE,0,4000,,,,,,0,,,0,0
32854,PENDIENTE,0,4000,,,,,,0,,,0,0
32855,PENDIENTE,0,4000,,,,,,0,,,0,0
32856,PENDIENTE,0,4000,,,,,,0,,,0,0
32857,PENDIENTE,0,4000,,,,,,0,,,0,0
32858,PENDIENTE,0,4000,,,,,,0,,,0,0
32859,PENDIENTE,0,4000,,,,,,0,,,0,0
32860,PENDIENTE,0,4000,,,,,,0,,,0,0
32861,PENDIENTE,0,4000,,,,,,0,,,0,0
32862,PENDIENTE,0,4000,,,,,,0,,,0,0
32863,PENDIENTE,0,4000,,,,,,0,,,0,0
32864,PENDIENTE,0,4000,,,,,,0,,,0,0
32865,PENDIENTE,0,4000,,,,,,0,,,0,0
32866,PENDIENTE,0,4000,,,,,,0,,,0,0
32867,PENDIENTE,0,4000,,,,,,0,,,0,0
32868,PENDIENTE,0,4000,,,,,,0,,,0,0
32869,PENDIENTE,0,4000,,,,,,0,,,0,0
32870,PENDIENTE,0,4000,,,,,,0,,,0,0
32871,PENDIENTE,0,4000,,,,,,0,,,0,0
32872,PENDIENTE,0,4000,,,,,,0,,,0,0
32873,PENDIENTE,0,4000,,,,,,0,,,0,0
32874,PENDIENTE,0,4000,,,,,,0,,,0,0
32875,PENDIENTE,0,4000,,,,,,0,,,0,0
32876,PENDIENTE,0,4000,,,,,,0,,,0,0
32877,PENDIENTE,0,4000,,,,,,0,,,0,0
32878,PENDIENTE,0,4000,,,,,,0,,,0,0
32879,PENDIENTE,0,4000,,,,,,0,,,0,0
32880,PENDIENTE,0,4000,,,,,,0,,,0,0
32881,PENDIENTE,0,4000,,,,,,0,,,0,0
32882,PENDIENTE,0,4000,,,,,,0,,,0,0
32883,PENDIENTE,0,4000,,,,,,0,,,0,0
32884,PENDIENTE,0,4000,,,,,,0,,,0,0
32885,PENDIENTE,0,4000,,,,,,0,,,0,0
32886,PENDIENTE,0,4000,,,,,,0,,,0,0
32887,PENDIENTE,0,4000,,,,,,0,,,0,0
32888,PENDIENTE,0,4000,,,,,,0,,,0,0
32889,PENDIENTE,0,4000,,,,,,0,,,0,0
32890,PENDIENTE,0,4000,,,,,,0,,,0,0
32891,PENDIENTE,0,4000,,,,,,0,,,0,0
32892,PENDIENTE,0,4000,,,,,,0,,,0,0
32893,PENDIENTE,0,4000,,,,,,0,,,0,0
32894,PENDIENTE,0,4000,,,,,,0,,,0,0
32895,PENDIENTE,0,4000,,,,,,0,,,0,0
32896,PENDIENTE,0,4000,,,,,,0,,,0,0
32897,PENDIENTE,0,4000,,,,,,0,,,0,0
32898,PENDIENTE,0,4000,,,,,,0,,,0,0
32899,PENDIENTE,0,4000,,,,,,0,,,0,0
32900,PENDIENTE,0,4000,,,,,,0,,,0,0
32901,PENDIENTE,0,4000,,,,,,0,,,0,0
32902,PENDIENTE,0,4000,,,,,,0,,,0,0
32903,PENDIENTE,0,4000,,,,,,0,,,0,0
32904,PENDIENTE,0,4000,,,,,,0,,,0,0
32905,PENDIENTE,0,4000,,,,,,0,,,0,0
32906,PENDIENTE,0,4000,,,,,,0,,,0,0
32907,PENDIENTE,0,4000,,,,,,0,,,0,0
32908,PENDIENTE,0,4000,,,,,,0,,,0,0
32909,PENDIENTE,0,4000,,,,,,0,,,0,0
32910,PENDIENTE,0,4000,,,,,,0,,,0,0
32911,PENDIENTE,0,4000,,,,,,0,,,0,0
32912,PENDIENTE,0,4000,,,,,,0,,,0,0
32913,PENDIENTE,0,4000,,,,,,0,,,0,0
32914,PENDIENTE,0,4000,,,,,,0,,,0,0
32915,PENDIENTE,0,4000,,,,,,0,,,0,0
32916,PENDIENTE,0,4000,,,,,,0,,,0,0
32917,PENDIENTE,0,4000,,,,,,0,,,0,0
32918,PENDIENTE,0,4000,,,,,,0,,,0,0
32919,PENDIENTE,0,4000,,,,,,0,,,0,0
32920,PENDIENTE,0,4000,,,,,,0,,,0,0
32921,PENDIENTE,0,4000,,,,,,0,,,0,0
32922,PENDIENTE,0,4000,,,,,,0,,,0,0
32923,PENDIENTE,0,4000,,,,,,0,,,0,0
32924,PENDIENTE,0,4000,,,,,,0,,,0,0
32925,PENDIENTE,0,4000,,,,,,0,,,0,0
32926,PENDIENTE,0,4000,,,,,,0,,,0,0
32927,PENDIENTE,0,4000,,,,,,0,,,0,0
32928,PENDIENTE,0,4000,,,,,,0,,,0,0
32929,PENDIENTE,0,4000,,,,,,0,,,0,0
32930,PENDIENTE,0,4000,,,,,,0,,,0,0
32931,PENDIENTE,0,4000,,,,,,0,,,0,0
32932,PENDIENTE,0,4000,,,,,,0,,,0,0
32933,PENDIENTE,0,4000,,,,,,0,,,0,0
32934,PENDIENTE,0,4000,,,,,,0,,,0,0
32935,PENDIENTE,0,4000,,,,,,0,,,0,0
32936,PENDIENTE,0,4000,,,,,,0,,,0,0
32937,PENDIENTE,0,4000,,,,,,0,,,0,0
32938,PENDIENTE,0,4000,,,,,,0,,,0,0
32939,PENDIENTE,0,4000,,,,,,0,,,0,0
32940,PENDIENTE,0,4000,,,,,,0,,,0,0
32941,PENDIENTE,0,4000,,,,,,0,,,0,0
32942,PENDIENTE,0,4000,,,,,,0,,,0,0
32943,PENDIENTE,0,4000,,,,,,0,,,0,0
32944,PENDIENTE,0,4000,,,,,,0,,,0,0
32945,PENDIENTE,0,4000,,,,,,0,,,0,0
32946,PENDIENTE,0,4000,,,,,,0,,,0,0
32947,PENDIENTE,0,4000,,,,,,0,,,0,0
32948,PENDIENTE,0,4000,,,,,,0,,,0,0
32949,PENDIENTE,0,4000,,,,,,0,,,0,0
32950,PENDIENTE,0,4000,,,,,,0,,,0,0
32951,PENDIENTE,0,4000,,,,,,0,,,0,0
32952,PENDIENTE,0,4000,,,,,,0,,,0,0
32953,PENDIENTE,0,4000,,,,,,0,,,0,0
32954,PENDIENTE,0,4000,,,,,,0,,,0,0
32955,PENDIENTE,0,4000,,,,,,0,,,0,0
32956,PENDIENTE,0,4000,,,,,,0,,,0,0
32957,PENDIENTE,0,4000,,,,,,0,,,0,0
32958,PENDIENTE,0,4000,,,,,,0,,,0,0
32959,PENDIENTE,0,4000,,,,,,0,,,0,0
32960,PENDIENTE,0,4000,,,,,,0,,,0,0
32961,PENDIENTE,0,4000,,,,,,0,,,0,0
32962,PENDIENTE,0,4000,,,,,,0,,,0,0
32963,PENDIENTE,0,4000,,,,,,0,,,0,0
32964,PENDIENTE,0,4000,,,,,,0,,,0,0
32965,PENDIENTE,0,4000,,,,,,0,,,0,0
32966,PENDIENTE,0,4000,,,,,,0,,,0,0
32967,PENDIENTE,0,4000,,,,,,0,,,0,0
32968,PENDIENTE,0,4000,,,,,,0,,,0,0
32969,PENDIENTE,0,4000,,,,,,0,,,0,0
32970,PENDIENTE,0,4000,,,,,,0,,,0,0
32971,PENDIENTE,0,4000,,,,,,0,,,0,0
32972,PENDIENTE,0,4000,,,,,,0,,,0,0
32973,PENDIENTE,0,4000,,,,,,0,,,0,0
32974,PENDIENTE,0,4000,,,,,,0,,,0,0
32975,PENDIENTE,0,4000,,,,,,0,,,0,0
32976,PENDIENTE,0,4000,,,,,,0,,,0,0
32977,PENDIENTE,0,4000,,,,,,0,,,0,0
32978,PENDIENTE,0,4000,,,,,,0,,,0,0
32979,PENDIENTE,0,4000,,,,,,0,,,0,0
32980,PENDIENTE,0,4000,,,,,,0,,,0,0
32981,PENDIENTE,0,4000,,,,,,0,,,0,0
32982,PENDIENTE,0,4000,,,,,,0,,,0,0
32983,PENDIENTE,0,4000,,,,,,0,,,0,0
32984,PENDIENTE,0,4000,,,,,,0,,,0,0
32985,PENDIENTE,0,4000,,,,,,0,,,0,0
32986,PENDIENTE,0,4000,,,,,,0,,,0,0
32987,PENDIENTE,0,4000,,,,,,0,,,0,0
32988,PENDIENTE,0,4000,,,,,,0,,,0,0
32989,PENDIENTE,0,4000,,,,,,0,,,0,0
32990,PENDIENTE,0,4000,,,,,,0,,,0,0
32991,PENDIENTE,0,4000,,,,,,0,,,0,0
32992,PENDIENTE,0,4000,,,,,,0,,,0,0
32993,PENDIENTE,0,4000,,,,,,0,,,0,0
32994,PENDIENTE,0,4000,,,,,,0,,,0,0
32995,PENDIENTE,0,4000,,,,,,0,,,0,0
32996,PENDIENTE,0,4000,,,,,,0,,,0,0
32997,PENDIENTE,0,4000,,,,,,0,,,0,0
32998,PENDIENTE,0,4000,,,,,,0,,,0,0
32999,PENDIENTE,0,4000,,,,,,0,,,0,0
33000,PENDIENTE,0,4000,,,,,,0,,,0,0
33001,PENDIENTE,0,4000,,,,,,0,,,0,0
33002,PENDIENTE,0,4000,,,,,,0,,,0,0
33003,PENDIENTE,0,4000,,,,,,0,,,0,0
33004,PENDIENTE,0,4000,,,,,,0,,,0,0
33005,PENDIENTE,0,4000,,,,,,0,,,0,0
33006,PENDIENTE,0,4000,,,,,,0,,,0,0
33007,PENDIENTE,0,4000,,,,,,0,,,0,0
33008,PENDIENTE,0,4000,,,,,,0,,,0,0
33009,PENDIENTE,0,4000,,,,,,0,,,0,0
33010,PENDIENTE,0,4000,,,,,,0,,,0,0
33011,PENDIENTE,0,4000,,,,,,0,,,0,0
33012,PENDIENTE,0,4000,,,,,,0,,,0,0
33013,PENDIENTE,0,4000,,,,,,0,,,0,0
33014,PENDIENTE,0,4000,,,,,,0,,,0,0
33015,PENDIENTE,0,4000,,,,,,0,,,0,0
33016,PENDIENTE,0,4000,,,,,,0,,,0,0
33017,PENDIENTE,0,4000,,,,,,0,,,0,0
33018,PENDIENTE,0,4000,,,,,,0,,,0,0
33019,PENDIENTE,0,4000,,,,,,0,,,0,0
33020,LISTO,4800,0,[],[],[],[],,4,,raul espindola,0,0
33021,PENDIENTE,0,4800,,,,,,0,,,0,0
33022,PENDIENTE,1000,3800,"[""PLACA 950*780 09B""]",[1512],[1512],[0],,2,,marco ordenes,0,0
33023,PENDIENTE,0,4800,,,,,,0,,,0,0
33024,PENDIENTE,0,4000,,,,,,0,,,0,0
33025,PENDIENTE,0,4000,,,,,,0,,,0,0
33026,PENDIENTE,0,4000,,,,,,0,,,0,0
33027,PENDIENTE,0,4000,,,,,,0,,,0,0
33028,PENDIENTE,0,4000,,,,,,0,,,0,0
33029,PENDIENTE,0,4000,,,,,,0,,,0,0
33030,PENDIENTE,0,4000,,,,,,0,,,0,0
33031,PENDIENTE,0,4000,,,,,,0,,,0,0
33032,PENDIENTE,0,4000,,,,,,0,,,0,0
33033,PENDIENTE,0,4000,,,,,,0,,,0,0
33034,PENDIENTE,0,4000,,,,,,0,,,0,0
33035,PENDIENTE,0,4000,,,,,,0,,,0,0
33036,PENDIENTE,0,4000,,,,,,0,,,0,0
33037,PENDIENTE,0,4000,,,,,,0,,,0,0
33038,PENDIENTE,0,4000,,,,,,0,,,0,0
33039,PENDIENTE,0,4000,,,,,,0,,,0,0
33040,PENDIENTE,0,4000,,,,,,0,,,0,0
33041,PENDIENTE,0,4000,,,,,,0,,,0,0
33042,PENDIENTE,0,4000,,,,,,0,,,0,0
33043,PENDIENTE,0,4000,,,,,,0,,,0,0
33044,PENDIENTE,0,4000,,,,,,0,,,0,0
33045,PENDIENTE,0,4000,,,,,,0,,,0,0
33046,PENDIENTE,0,4000,,,,,,0,,,0,0
33047,PENDIENTE,0,4000,,,,,,0,,,0,0
33048,PENDIENTE,0,4000,,,,,,0,,,0,0
33049,PENDIENTE,0,4000,,,,,,0,,,0,0
33050,PENDIENTE,0,4000,,,,,,0,,,0,0
33051,LISTO,3000,0,"[""PLACA 950*780 09B""]",[3515],[3507],[8],,4,,marco ordenes,0,0
33052,LISTO,3000,0,[],[],[],[],,4,,raul espindola,0,0
33053,PENDIENTE,0,3000,,,,,,0,,,0,0
33054,PENDIENTE,0,4000,,,,,,0,,,0,0
33055,PENDIENTE,0,4000,,,,,,0,,,0,0
33056,PENDIENTE,0,4000,,,,,,0,,,0,0
33057,PENDIENTE,0,4000,,,,,,0,,,0,0
33058,PENDIENTE,0,4000,,,,,,0,,,0,0
33059,PENDIENTE,0,4000,,,,,,0,,,0,0
33060,PENDIENTE,0,4000,,,,,,0,,,0,0
33061,PENDIENTE,0,4000,,,,,,0,,,0,0
33062,PENDIENTE,0,4000,,,,,,0,,,0,0
33063,PENDIENTE,0,4000,,,,,,0,,,0,0
33064,PENDIENTE,0,4000,,,,,,0,,,0,0
33065,PENDIENTE,0,4000,,,,,,0,,,0,0
33066,PENDIENTE,0,4000,,,,,,0,,,0,0
33067,PENDIENTE,0,4000,,,,,,0,,,0,0
33068,PENDIENTE,0,4000,,,,,,0,,,0,0
33069,PENDIENTE,0,4000,,,,,,0,,,0,0
33070,PENDIENTE,0,4000,,,,,,0,,,0,0
33071,PENDIENTE,0,4000,,,,,,0,,,0,0
33072,PENDIENTE,0,4000,,,,,,0,,,0,0
33073,PENDIENTE,0,4000,,,,,,0,,,0,0
33074,PENDIENTE,0,4000,,,,,,0,,,0,0
33075,PENDIENTE,0,4000,,,,,,0,,,0,0
33076,PENDIENTE,0,4000,,,,,,0,,,0,0
33077,PENDIENTE,0,4000,,,,,,0,,,0,0
33078,PENDIENTE,0,4000,,,,,,0,,,0,0
33079,PENDIENTE,0,4000,,,,,,0,,,0,0
33080,PENDIENTE,0,4000,,,,,,0,,,0,0
33081,PENDIENTE,0,4000,,,,,,0,,,0,0
33082,PENDIENTE,0,4000,,,,,,0,,,0,0
33083,PENDIENTE,0,4000,,,,,,0,,,0,0
33084,PENDIENTE,0,4000,,,,,,0,,,0,0
33085,PENDIENTE,0,4000,,,,,,0,,,0,0
33086,PENDIENTE,0,4000,,,,,,0,,,0,0
33087,PENDIENTE,0,4000,,,,,,0,,,0,0
33088,PENDIENTE,0,4000,,,,,,0,,,0,0
33089,PENDIENTE,0,4000,,,,,,0,,,0,0
33090,PENDIENTE,0,4000,,,,,,0,,,0,0
33091,PENDIENTE,0,4000,,,,,,0,,,0,0
33092,PENDIENTE,0,4000,,,,,,0,,,0,0
33093,PENDIENTE,0,4000,,,,,,0,,,0,0
33094,PENDIENTE,0,4000,,,,,,0,,,0,0
33095,PENDIENTE,0,4000,,,,,,0,,,0,0
33096,PENDIENTE,0,4000,,,,,,0,,,0,0
33097,PENDIENTE,0,4000,,,,,,0,,,0,0
33098,PENDIENTE,0,4000,,,,,,0,,,0,0
33099,PENDIENTE,0,4000,,,,,,0,,,0,0
33100,PENDIENTE,0,4000,,,,,,0,,,0,0
33101,PENDIENTE,0,4000,,,,,,0,,,0,0
33102,PENDIENTE,0,4000,,,,,,0,,,0,0
33103,PENDIENTE,0,4000,,,,,,0,,,0,0
33104,PENDIENTE,0,4000,,,,,,0,,,0,0
33105,PENDIENTE,0,4000,,,,,,0,,,0,0
33106,PENDIENTE,0,4000,,,,,,0,,,0,0
33107,PENDIENTE,0,4000,,,,,,0,,,0,0
33108,PENDIENTE,0,4000,,,,,,0,,,0,0
33109,PENDIENTE,0,4000,,,,,,0,,,0,0
33110,PENDIENTE,0,4000,,,,,,0,,,0,0
33111,PENDIENTE,0,4000,,,,,,0,,,0,0
33112,PENDIENTE,0,4000,,,,,,0,,,0,0
33113,PENDIENTE,0,4000,,,,,,0,,,0,0
33114,PENDIENTE,0,4000,,,,,,0,,,0,0
33115,PENDIENTE,0,4000,,,,,,0,,,0,0
33116,PENDIENTE,0,4000,,,,,,0,,,0,0
33117,PENDIENTE,0,4000,,,,,,0,,,0,0
33118,PENDIENTE,0,4000,,,,,,0,,,0,0
33119,PENDIENTE,0,4000,,,,,,0,,,0,0
33120,PENDIENTE,0,4000,,,,,,0,,,0,0
33121,PENDIENTE,0,4000,,,,,,0,,,0,0
33122,PENDIENTE,0,4000,,,,,,0,,,0,0
33123,PENDIENTE,0,4000,,,,,,0,,,0,0
33124,PENDIENTE,0,4000,,,,,,0,,,0,0
33125,PENDIENTE,0,4000,,,,,,0,,,0,0
33126,PENDIENTE,0,4000,,,,,,0,,,0,0
33127,PENDIENTE,0,4000,,,,,,0,,,0,0
33128,PENDIENTE,0,4000,,,,,,0,,,0,0
33129,PENDIENTE,0,4000,,,,,,0,,,0,0
33130,PENDIENTE,0,4000,,,,,,0,,,0,0
33131,PENDIENTE,0,4000,,,,,,0,,,0,0
33132,PENDIENTE,0,4000,,,,,,0,,,0,0
33133,PENDIENTE,0,4000,,,,,,0,,,0,0
33134,PENDIENTE,0,4000,,,,,,0,,,0,0
33135,PENDIENTE,0,4000,,,,,,0,,,0,0
33136,PENDIENTE,0,4000,,,,,,0,,,0,0
33137,PENDIENTE,0,4000,,,,,,0,,,0,0
33138,PENDIENTE,0,4000,,,,,,0,,,0,0
33139,PENDIENTE,0,4000,,,,,,0,,,0,0
33140,PENDIENTE,0,4000,,,,,,0,,,0,0
33141,PENDIENTE,0,4000,,,,,,0,,,0,0
33142,PENDIENTE,0,4000,,,,,,0,,,0,0
33143,PENDIENTE,0,4000,,,,,,0,,,0,0
33144,PENDIENTE,0,4000,,,,,,0,,,0,0
33145,PENDIENTE,0,4000,,,,,,0,,,0,0
33146,PENDIENTE,0,4000,,,,,,0,,,0,0
33147,PENDIENTE,0,4000,,,,,,0,,,0,0
33148,PENDIENTE,0,4000,,,,,,0,,,0,0
33149,PENDIENTE,0,4000,,,,,,0,,,0,0
33150,PENDIENTE,0,4000,,,,,,0,,,0,0
33151,PENDIENTE,0,4000,,,,,,0,,,0,0
33152,PENDIENTE,0,4000,,,,,,0,,,0,0
33153,PENDIENTE,0,4000,,,,,,0,,,0,0
33154,PENDIENTE,0,4000,,,,,,0,,,0,0
33155,PENDIENTE,0,4000,,,,,,0,,,0,0
33156,PENDIENTE,0,4000,,,,,,0,,,0,0
33157,PENDIENTE,0,4000,,,,,,0,,,0,0
33158,PENDIENTE,0,4000,,,,,,0,,,0,0
33159,PENDIENTE,0,4000,,,,,,0,,,0,0
33160,PENDIENTE,0,4000,,,,,,0,,,0,0
33161,PENDIENTE,0,4000,,,,,,0,,,0,0
33162,PENDIENTE,0,4000,,,,,,0,,,0,0
33163,PENDIENTE,0,4000,,,,,,0,,,0,0
33164,PENDIENTE,0,4000,,,,,,0,,,0,0
33165,PENDIENTE,0,4000,,,,,,0,,,0,0
33166,PENDIENTE,0,4000,,,,,,0,,,0,0
33167,PENDIENTE,0,4000,,,,,,0,,,0,0
33168,PENDIENTE,0,4000,,,,,,0,,,0,0
33169,PENDIENTE,0,4000,,,,,,0,,,0,0
33170,PENDIENTE,0,4000,,,,,,0,,,0,0
33171,PENDIENTE,0,4000,,,,,,0,,,0,0
33172,PENDIENTE,0,4000,,,,,,0,,,0,0
33173,PENDIENTE,0,4000,,,,,,0,,,0,0
33174,PENDIENTE,0,4000,,,,,,0,,,0,0
33175,PENDIENTE,0,4000,,,,,,0,,,0,0
33176,PENDIENTE,0,4000,,,,,,0,,,0,0
33177,PENDIENTE,0,4000,,,,,,0,,,0,0
33178,PENDIENTE,0,4000,,,,,,0,,,0,0
33179,PENDIENTE,0,4000,,,,,,0,,,0,0
33180,PENDIENTE,0,4000,,,,,,0,,,0,0
33181,PENDIENTE,0,4000,,,,,,0,,,0,0
33182,PENDIENTE,0,4000,,,,,,0,,,0,0
33183,PENDIENTE,0,4000,,,,,,0,,,0,0
33184,PENDIENTE,0,4000,,,,,,0,,,0,0
33185,PENDIENTE,0,4000,,,,,,0,,,0,0
33186,PENDIENTE,0,4000,,,,,,0,,,0,0
33187,PENDIENTE,0,4000,,,,,,0,,,0,0
33188,PENDIENTE,0,4000,,,,,,0,,,0,0
33189,PENDIENTE,0,4000,,,,,,0,,,0,0
33190,PENDIENTE,0,4000,,,,,,0,,,0,0
33191,PENDIENTE,0,4000,,,,,,0,,,0,0
33192,PENDIENTE,0,4000,,,,,,0,,,0,0
33193,PENDIENTE,0,4000,,,,,,0,,,0,0
33194,PENDIENTE,0,4000,,,,,,0,,,0,0
33195,PENDIENTE,0,4000,,,,,,0,,,0,0
33196,PENDIENTE,0,4000,,,,,,0,,,0,0
33197,PENDIENTE,0,4000,,,,,,0,,,0,0
33198,PENDIENTE,0,4000,,,,,,0,,,0,0
33199,PENDIENTE,0,4000,,,,,,0,,,0,0
33200,PENDIENTE,0,4000,,,,,,0,,,0,0
33201,PENDIENTE,0,4000,,,,,,0,,,0,0
33202,PENDIENTE,0,4000,,,,,,0,,,0,0
33203,PENDIENTE,0,4000,,,,,,0,,,0,0
33204,PENDIENTE,0,4000,,,,,,0,,,0,0
33205,PENDIENTE,0,4000,,,,,,0,,,0,0
33206,PENDIENTE,0,4000,,,,,,0,,,0,0
33207,PENDIENTE,0,4000,,,,,,0,,,0,0
33208,PENDIENTE,0,4000,,,,,,0,,,0,0
33209,PENDIENTE,0,4000,,,,,,0,,,0,0
33210,PENDIENTE,0,4000,,,,,,0,,,0,0
33211,PENDIENTE,0,4000,,,,,,0,,,0,0
33212,PENDIENTE,0,4000,,,,,,0,,,0,0
33213,PENDIENTE,0,4000,,,,,,0,,,0,0
33214,PENDIENTE,0,4000,,,,,,0,,,0,0
33215,PENDIENTE,0,4000,,,,,,0,,,0,0
33216,PENDIENTE,0,4000,,,,,,0,,,0,0
33217,PENDIENTE,0,4000,,,,,,0,,,0,0
33218,PENDIENTE,0,4000,,,,,,0,,,0,0
33219,PENDIENTE,0,4000,,,,,,0,,,0,0
33220,PENDIENTE,0,4000,,,,,,0,,,0,0
33221,PENDIENTE,0,4000,,,,,,0,,,0,0
33222,PENDIENTE,0,4000,,,,,,0,,,0,0
33223,PENDIENTE,0,4000,,,,,,0,,,0,0
33224,PENDIENTE,0,4000,,,,,,0,,,0,0
33225,PENDIENTE,0,4000,,,,,,0,,,0,0
33226,PENDIENTE,0,4000,,,,,,0,,,0,0
33227,PENDIENTE,0,4000,,,,,,0,,,0,0
33228,PENDIENTE,0,4000,,,,,,0,,,0,0
33229,PENDIENTE,0,4000,,,,,,0,,,0,0
33230,PENDIENTE,0,4000,,,,,,0,,,0,0
33231,PENDIENTE,0,4000,,,,,,0,,,0,0
33232,PENDIENTE,0,4000,,,,,,0,,,0,0
33233,PENDIENTE,0,4000,,,,,,0,,,0,0
33234,PENDIENTE,0,4000,,,,,,0,,,0,0
33235,PENDIENTE,0,4000,,,,,,0,,,0,0
33236,PENDIENTE,0,4000,,,,,,0,,,0,0
33237,PENDIENTE,0,4000,,,,,,0,,,0,0
33238,PENDIENTE,0,4000,,,,,,0,,,0,0
33239,PENDIENTE,0,4000,,,,,,0,,,0,0
33240,PENDIENTE,0,4000,,,,,,0,,,0,0
33241,PENDIENTE,0,4000,,,,,,0,,,0,0
33242,PENDIENTE,0,4000,,,,,,0,,,0,0
33243,PENDIENTE,0,4000,,,,,,0,,,0,0
33244,PENDIENTE,0,4000,,,,,,0,,,0,0
33245,PENDIENTE,0,4000,,,,,,0,,,0,0
33246,PENDIENTE,0,4000,,,,,,0,,,0,0
33247,PENDIENTE,0,4000,,,,,,0,,,0,0
33248,PENDIENTE,0,4000,,,,,,0,,,0,0
33249,PENDIENTE,0,4000,,,,,,0,,,0,0
33250,PENDIENTE,0,4000,,,,,,0,,,0,0
33251,PENDIENTE,0,4000,,,,,,0,,,0,0
33252,PENDIENTE,0,4000,,,,,,0,,,0,0
33253,PENDIENTE,0,4000,,,,,,0,,,0,0
33254,PENDIENTE,0,4000,,,,,,0,,,0,0
33255,PENDIENTE,0,4000,,,,,,0,,,0,0
33256,PENDIENTE,0,4000,,,,,,0,,,0,0
33257,PENDIENTE,0,4000,,,,,,0,,,0,0
33258,PENDIENTE,0,4000,,,,,,0,,,0,0
33259,PENDIENTE,0,4000,,,,,,0,,,0,0
33260,PENDIENTE,0,4000,,,,,,0,,,0,0
33261,PENDIENTE,0,4000,,,,,,0,,,0,0
33262,PENDIENTE,0,4000,,,,,,0,,,0,0
33263,PENDIENTE,0,4000,,,,,,0,,,0,0
33264,PENDIENTE,0,4000,,,,,,0,,,0,0
33265,PENDIENTE,0,4000,,,,,,0,,,0,0
33266,PENDIENTE,0,4000,,,,,,0,,,0,0
33267,PENDIENTE,0,4000,,,,,,0,,,0,0
33268,PENDIENTE,0,4000,,,,,,0,,,0,0
33269,PENDIENTE,0,4000,,,,,,0,,,0,0
33270,PENDIENTE,0,4000,,,,,,0,,,0,0
33271,PENDIENTE,0,4000,,,,,,0,,,0,0
33272,PENDIENTE,0,4000,,,,,,0,,,0,0
33273,PENDIENTE,0,4000,,,,,,0,,,0,0
33274,PENDIENTE,0,4000,,,,,,0,,,0,0
33275,PENDIENTE,0,4000,,,,,,0,,,0,0
33276,PENDIENTE,0,4000,,,,,,0,,,0,0
33277,PENDIENTE,0,4000,,,,,,0,,,0,0
33278,PENDIENTE,0,4000,,,,,,0,,,0,0
33279,PENDIENTE,0,4000,,,,,,0,,,0,0
33280,PENDIENTE,0,4000,,,,,,0,,,0,0
33281,PENDIENTE,0,4000,,,,,,0,,,0,0
33282,PENDIENTE,0,4000,,,,,,0,,,0,0
33283,PENDIENTE,0,4000,,,,,,0,,,0,0
33284,PENDIENTE,0,4000,,,,,,0,,,0,0
33285,PENDIENTE,0,4000,,,,,,0,,,0,0
33286,PENDIENTE,0,4000,,,,,,0,,,0,0
33287,PENDIENTE,0,4000,,,,,,0,,,0,0
33288,PENDIENTE,0,4000,,,,,,0,,,0,0
33289,PENDIENTE,0,4000,,,,,,0,,,0,0
33290,PENDIENTE,0,4000,,,,,,0,,,0,0
33291,PENDIENTE,0,4000,,,,,,0,,,0,0
33292,PENDIENTE,0,4000,,,,,,0,,,0,0
33293,PENDIENTE,0,4000,,,,,,0,,,0,0
33294,PENDIENTE,0,4000,,,,,,0,,,0,0
33295,PENDIENTE,0,4000,,,,,,0,,,0,0
33296,PENDIENTE,0,4000,,,,,,0,,,0,0
33297,PENDIENTE,0,4000,,,,,,0,,,0,0
33298,PENDIENTE,0,4000,,,,,,0,,,0,0
33299,PENDIENTE,0,4000,,,,,,0,,,0,0
33300,PENDIENTE,0,4000,,,,,,0,,,0,0
33301,PENDIENTE,0,4000,,,,,,0,,,0,0
33302,PENDIENTE,0,4000,,,,,,0,,,0,0
33303,PENDIENTE,0,4000,,,,,,0,,,0,0
33304,PENDIENTE,0,4000,,,,,,0,,,0,0
33305,PENDIENTE,0,4000,,,,,,0,,,0,0
33306,PENDIENTE,0,4000,,,,,,0,,,0,0
33307,PENDIENTE,0,4000,,,,,,0,,,0,0
33308,PENDIENTE,0,4000,,,,,,0,,,0,0
33309,PENDIENTE,0,4000,,,,,,0,,,0,0
33310,PENDIENTE,0,4000,,,,,,0,,,0,0
33311,PENDIENTE,0,4000,,,,,,0,,,0,0
33312,PENDIENTE,0,4000,,,,,,0,,,0,0
33313,PENDIENTE,0,4000,,,,,,0,,,0,0
33314,PENDIENTE,0,4000,,,,,,0,,,0,0
33315,PENDIENTE,0,4000,,,,,,0,,,0,0
33316,PENDIENTE,0,4000,,,,,,0,,,0,0
33317,PENDIENTE,0,4000,,,,,,0,,,0,0
33318,PENDIENTE,0,4000,,,,,,0,,,0,0
33319,PENDIENTE,0,4000,,,,,,0,,,0,0
33320,PENDIENTE,0,4000,,,,,,0,,,0,0
33321,PENDIENTE,0,4000,,,,,,0,,,0,0
33322,PENDIENTE,0,4000,,,,,,0,,,0,0
33323,PENDIENTE,0,4000,,,,,,0,,,0,0
33324,PENDIENTE,0,4000,,,,,,0,,,0,0
33325,PENDIENTE,0,4000,,,,,,0,,,0,0
33326,PENDIENTE,0,4000,,,,,,0,,,0,0
33327,PENDIENTE,0,4000,,,,,,0,,,0,0
33328,PENDIENTE,0,4000,,,,,,0,,,0,0
33329,PENDIENTE,0,4000,,,,,,0,,,0,0
33330,PENDIENTE,0,4000,,,,,,0,,,0,0
33331,PENDIENTE,0,4000,,,,,,0,,,0,0
33332,PENDIENTE,0,4000,,,,,,0,,,0,0
33333,PENDIENTE,0,4000,,,,,,0,,,0,0
33334,PENDIENTE,0,4000,,,,,,0,,,0,0
33335,PENDIENTE,0,4000,,,,,,0,,,0,0
33336,PENDIENTE,0,4000,,,,,,0,,,0,0
33337,PENDIENTE,0,4000,,,,,,0,,,0,0
33338,PENDIENTE,0,4000,,,,,,0,,,0,0
33339,PENDIENTE,0,4000,,,,,,0,,,0,0
33340,PENDIENTE,0,4000,,,,,,0,,,0,0
33341,PENDIENTE,0,4000,,,,,,0,,,0,0
33342,PENDIENTE,0,4000,,,,,,0,,,0,0
33343,PENDIENTE,0,4000,,,,,,0,,,0,0
33344,PENDIENTE,0,4000,,,,,,0,,,0,0
33345,PENDIENTE,0,4000,,,,,,0,,,0,0
33346,PENDIENTE,0,4000,,,,,,0,,,0,0
33347,PENDIENTE,0,4000,,,,,,0,,,0,0
33348,PENDIENTE,0,4000,,,,,,0,,,0,0
33349,PENDIENTE,0,4000,,,,,,0,,,0,0
33350,PENDIENTE,0,4000,,,,,,0,,,0,0
33351,PENDIENTE,0,4000,,,,,,0,,,0,0
33352,PENDIENTE,0,4000,,,,,,0,,,0,0
33353,PENDIENTE,0,4000,,,,,,0,,,0,0
33354,PENDIENTE,0,4000,,,,,,0,,,0,0
33355,PENDIENTE,0,4000,,,,,,0,,,0,0
33356,PENDIENTE,0,4000,,,,,,0,,,0,0
33357,PENDIENTE,0,4000,,,,,,0,,,0,0
33358,PENDIENTE,0,4000,,,,,,0,,,0,0
33359,PENDIENTE,0,4000,,,,,,0,,,0,0
33360,PENDIENTE,0,4000,,,,,,0,,,0,0
33361,PENDIENTE,0,4000,,,,,,0,,,0,0
33362,PENDIENTE,0,4000,,,,,,0,,,0,0
33363,PENDIENTE,0,4000,,,,,,0,,,0,0
33364,PENDIENTE,0,4000,,,,,,0,,,0,0
33365,PENDIENTE,0,4000,,,,,,0,,,0,0
33366,PENDIENTE,0,4000,,,,,,0,,,0,0
33367,PENDIENTE,0,4000,,,,,,0,,,0,0
33368,PENDIENTE,0,4000,,,,,,0,,,0,0
33369,PENDIENTE,0,4000,,,,,,0,,,0,0
33370,PENDIENTE,0,4000,,,,,,0,,,0,0
33371,PENDIENTE,0,4000,,,,,,0,,,0,0
33372,PENDIENTE,0,4000,,,,,,0,,,0,0
33373,PENDIENTE,0,4000,,,,,,0,,,0,0
33374,PENDIENTE,0,4000,,,,,,0,,,0,0
33375,PENDIENTE,0,4000,,,,,,0,,,0,0
33376,PENDIENTE,0,4000,,,,,,0,,,0,0
33377,PENDIENTE,0,4000,,,,,,0,,,0,0
33378,PENDIENTE,0,4000,,,,,,0,,,0,0
33379,PENDIENTE,0,4000,,,,,,0,,,0,0
33380,PENDIENTE,0,4000,,,,,,0,,,0,0
33381,PENDIENTE,0,4000,,,,,,0,,,0,0
33382,PENDIENTE,0,4000,,,,,,0,,,0,0
33383,PENDIENTE,0,4000,,,,,,0,,,0,0
33384,PENDIENTE,0,4000,,,,,,0,,,0,0
33385,PENDIENTE,0,4000,,,,,,0,,,0,0
33386,PENDIENTE,0,4000,,,,,,0,,,0,0
33387,PENDIENTE,0,4000,,,,,,0,,,0,0
33388,PENDIENTE,0,4000,,,,,,0,,,0,0
33389,PENDIENTE,0,4000,,,,,,0,,,0,0
33390,PENDIENTE,0,4000,,,,,,0,,,0,0
33391,PENDIENTE,0,4000,,,,,,0,,,0,0
33392,PENDIENTE,0,4000,,,,,,0,,,0,0
33393,PENDIENTE,0,4000,,,,,,0,,,0,0
33394,PENDIENTE,0,4000,,,,,,0,,,0,0
33395,PENDIENTE,0,4000,,,,,,0,,,0,0
33396,PENDIENTE,0,4000,,,,,,0,,,0,0
33397,PENDIENTE,0,4000,,,,,,0,,,0,0
33398,PENDIENTE,0,4000,,,,,,0,,,0,0
33399,PENDIENTE,0,4000,,,,,,0,,,0,0
33400,PENDIENTE,0,4000,,,,,,0,,,0,0
33401,PENDIENTE,0,4000,,,,,,0,,,0,0
33402,PENDIENTE,0,4000,,,,,,0,,,0,0
33403,PENDIENTE,0,4000,,,,,,0,,,0,0
33404,PENDIENTE,0,4000,,,,,,0,,,0,0
33405,PENDIENTE,0,4000,,,,,,0,,,0,0
33406,PENDIENTE,0,4000,,,,,,0,,,0,0
33407,PENDIENTE,0,4000,,,,,,0,,,0,0
33408,PENDIENTE,0,4000,,,,,,0,,,0,0
33409,PENDIENTE,0,4000,,,,,,0,,,0,0
33410,PENDIENTE,0,4000,,,,,,0,,,0,0
33411,PENDIENTE,0,4000,,,,,,0,,,0,0
33412,PENDIENTE,0,4000,,,,,,0,,,0,0
33413,PENDIENTE,0,4000,,,,,,0,,,0,0
33414,PENDIENTE,0,4000,,,,,,0,,,0,0
33415,PENDIENTE,0,4000,,,,,,0,,,0,0
33416,PENDIENTE,0,4000,,,,,,0,,,0,0
33417,PENDIENTE,0,4000,,,,,,0,,,0,0
33418,PENDIENTE,0,4000,,,,,,0,,,0,0
33419,PENDIENTE,0,4000,,,,,,0,,,0,0
33420,PENDIENTE,0,4000,,,,,,0,,,0,0
33421,PENDIENTE,0,4000,,,,,,0,,,0,0
33422,PENDIENTE,0,4000,,,,,,0,,,0,0
33423,PENDIENTE,0,4000,,,,,,0,,,0,0
33424,PENDIENTE,0,4000,,,,,,0,,,0,0
33425,PENDIENTE,0,4000,,,,,,0,,,0,0
33426,PENDIENTE,0,4000,,,,,,0,,,0,0
33427,PENDIENTE,0,4000,,,,,,0,,,0,0
33428,PENDIENTE,0,4000,,,,,,0,,,0,0
33429,PENDIENTE,0,4000,,,,,,0,,,0,0
33430,PENDIENTE,0,4000,,,,,,0,,,0,0
33431,PENDIENTE,0,4000,,,,,,0,,,0,0
33432,PENDIENTE,0,4000,,,,,,0,,,0,0
33433,PENDIENTE,0,4000,,,,,,0,,,0,0
33434,PENDIENTE,0,4000,,,,,,0,,,0,0
33435,PENDIENTE,0,4000,,,,,,0,,,0,0
33436,PENDIENTE,0,4000,,,,,,0,,,0,0
33437,PENDIENTE,0,4000,,,,,,0,,,0,0
33438,PENDIENTE,0,4000,,,,,,0,,,0,0
33439,PENDIENTE,0,4000,,,,,,0,,,0,0
33440,PENDIENTE,0,4000,,,,,,0,,,0,0
33441,PENDIENTE,0,4000,,,,,,0,,,0,0
33442,PENDIENTE,0,4000,,,,,,0,,,0,0
33443,PENDIENTE,0,4000,,,,,,0,,,0,0
33444,PENDIENTE,0,4000,,,,,,0,,,0,0
33445,PENDIENTE,0,4000,,,,,,0,,,0,0
33446,PENDIENTE,0,4000,,,,,,0,,,0,0
33447,PENDIENTE,0,4000,,,,,,0,,,0,0
33448,PENDIENTE,0,4000,,,,,,0,,,0,0
33449,PENDIENTE,0,4000,,,,,,0,,,0,0
33450,PENDIENTE,0,4000,,,,,,0,,,0,0
33451,PENDIENTE,0,4000,,,,,,0,,,0,0
33452,PENDIENTE,0,4000,,,,,,0,,,0,0
33453,PENDIENTE,0,4000,,,,,,0,,,0,0
33454,PENDIENTE,0,4000,,,,,,0,,,0,0
33455,PENDIENTE,0,4000,,,,,,0,,,0,0
33456,PENDIENTE,0,4000,,,,,,0,,,0,0
33457,PENDIENTE,0,4000,,,,,,0,,,0,0
33458,PENDIENTE,0,4000,,,,,,0,,,0,0
33459,PENDIENTE,0,4000,,,,,,0,,,0,0
33460,PENDIENTE,0,4000,,,,,,0,,,0,0
33461,PENDIENTE,0,4000,,,,,,0,,,0,0
33462,PENDIENTE,0,4000,,,,,,0,,,0,0
33463,PENDIENTE,0,4000,,,,,,0,,,0,0
33464,PENDIENTE,0,4000,,,,,,0,,,0,0
33465,PENDIENTE,0,4000,,,,,,0,,,0,0
33466,PENDIENTE,0,4000,,,,,,0,,,0,0
33467,PENDIENTE,0,4000,,,,,,0,,,0,0
33468,PENDIENTE,0,4000,,,,,,0,,,0,0
33469,PENDIENTE,0,4000,,,,,,0,,,0,0
33470,PENDIENTE,0,4000,,,,,,0,,,0,0
33471,PENDIENTE,0,4000,,,,,,0,,,0,0
33472,PENDIENTE,0,4000,,,,,,0,,,0,0
33473,PENDIENTE,0,4000,,,,,,0,,,0,0
33474,PENDIENTE,0,4000,,,,,,0,,,0,0
33475,PENDIENTE,0,4000,,,,,,0,,,0,0
33476,PENDIENTE,0,4000,,,,,,0,,,0,0
33477,PENDIENTE,0,4000,,,,,,0,,,0,0
33478,PENDIENTE,0,4000,,,,,,0,,,0,0
33479,PENDIENTE,0,4000,,,,,,0,,,0,0
33480,PENDIENTE,0,4000,,,,,,0,,,0,0
33481,PENDIENTE,0,4000,,,,,,0,,,0,0
33482,PENDIENTE,0,4000,,,,,,0,,,0,0
33483,PENDIENTE,0,4000,,,,,,0,,,0,0
33484,PENDIENTE,0,4000,,,,,,0,,,0,0
33485,PENDIENTE,0,4000,,,,,,0,,,0,0
33486,PENDIENTE,0,4000,,,,,,0,,,0,0
33487,PENDIENTE,0,4000,,,,,,0,,,0,0
33488,PENDIENTE,0,4000,,,,,,0,,,0,0
33489,PENDIENTE,0,4000,,,,,,0,,,0,0
33490,PENDIENTE,0,4000,,,,,,0,,,0,0
33491,PENDIENTE,0,4000,,,,,,0,,,0,0
33492,PENDIENTE,0,4000,,,,,,0,,,0,0
33493,PENDIENTE,0,4000,,,,,,0,,,0,0
33494,PENDIENTE,0,4000,,,,,,0,,,0,0
33495,PENDIENTE,0,4000,,,,,,0,,,0,0
33496,PENDIENTE,0,4000,,,,,,0,,,0,0
33497,PENDIENTE,0,4000,,,,,,0,,,0,0
33498,PENDIENTE,0,4000,,,,,,0,,,0,0
33499,PENDIENTE,0,4000,,,,,,0,,,0,0
33500,PENDIENTE,0,4000,,,,,,0,,,0,0
33501,PENDIENTE,0,4000,,,,,,0,,,0,0
33502,PENDIENTE,0,4000,,,,,,0,,,0,0
33503,PENDIENTE,0,4000,,,,,,0,,,0,0
33504,PENDIENTE,0,4000,,,,,,0,,,0,0
33505,PENDIENTE,0,4000,,,,,,0,,,0,0
33506,PENDIENTE,0,4000,,,,,,0,,,0,0
33507,PENDIENTE,0,4000,,,,,,0,,,0,0
33508,PENDIENTE,0,4000,,,,,,0,,,0,0
33509,PENDIENTE,0,4000,,,,,,0,,,0,0
33510,PENDIENTE,0,4000,,,,,,0,,,0,0
33511,PENDIENTE,0,4000,,,,,,0,,,0,0
33512,PENDIENTE,0,4000,,,,,,0,,,0,0
33513,PENDIENTE,0,4000,,,,,,0,,,0,0
33514,PENDIENTE,0,4000,,,,,,0,,,0,0
33515,PENDIENTE,0,4000,,,,,,0,,,0,0
33516,PENDIENTE,0,4000,,,,,,0,,,0,0
33517,PENDIENTE,0,4000,,,,,,0,,,0,0
33518,PENDIENTE,0,4000,,,,,,0,,,0,0
33519,PENDIENTE,0,4000,,,,,,0,,,0,0
33520,PENDIENTE,0,4000,,,,,,0,,,0,0
33521,PENDIENTE,0,4000,,,,,,0,,,0,0
33522,PENDIENTE,0,4000,,,,,,0,,,0,0
33523,PENDIENTE,0,4000,,,,,,0,,,0,0
33524,PENDIENTE,0,4000,,,,,,0,,,0,0
33525,PENDIENTE,0,4000,,,,,,0,,,0,0
33526,PENDIENTE,0,4000,,,,,,0,,,0,0
33527,PENDIENTE,0,4000,,,,,,0,,,0,0
33528,PENDIENTE,0,4000,,,,,,0,,,0,0
33529,PENDIENTE,0,4000,,,,,,0,,,0,0
33530,PENDIENTE,0,4000,,,,,,0,,,0,0
33531,PENDIENTE,0,4000,,,,,,0,,,0,0
33532,PENDIENTE,0,4000,,,,,,0,,,0,0
33533,PENDIENTE,0,4000,,,,,,0,,,0,0
33534,PENDIENTE,0,4000,,,,,,0,,,0,0
33535,PENDIENTE,0,4000,,,,,,0,,,0,0
33536,PENDIENTE,0,4000,,,,,,0,,,0,0
33537,PENDIENTE,0,4000,,,,,,0,,,0,0
33538,PENDIENTE,0,4000,,,,,,0,,,0,0
33539,PENDIENTE,0,4000,,,,,,0,,,0,0
33540,PENDIENTE,0,4000,,,,,,0,,,0,0
33541,PENDIENTE,0,4000,,,,,,0,,,0,0
33542,PENDIENTE,0,4000,,,,,,0,,,0,0
33543,PENDIENTE,0,4000,,,,,,0,,,0,0
33544,PENDIENTE,0,4000,,,,,,0,,,0,0
33545,PENDIENTE,0,4000,,,,,,0,,,0,0
33546,PENDIENTE,0,4000,,,,,,0,,,0,0
33547,PENDIENTE,0,4000,,,,,,0,,,0,0
33548,PENDIENTE,0,4000,,,,,,0,,,0,0
33549,PENDIENTE,0,4000,,,,,,0,,,0,0
33550,PENDIENTE,0,4000,,,,,,0,,,0,0
33551,PENDIENTE,0,4000,,,,,,0,,,0,0
33552,PENDIENTE,0,4000,,,,,,0,,,0,0
33553,PENDIENTE,0,4000,,,,,,0,,,0,0
33554,PENDIENTE,0,4000,,,,,,0,,,0,0
33555,PENDIENTE,0,4000,,,,,,0,,,0,0
33556,PENDIENTE,0,4000,,,,,,0,,,0,0
33557,PENDIENTE,0,4000,,,,,,0,,,0,0
33558,PENDIENTE,0,4000,,,,,,0,,,0,0
33559,PENDIENTE,0,4000,,,,,,0,,,0,0
33560,PENDIENTE,0,4000,,,,,,0,,,0,0
33561,PENDIENTE,0,4000,,,,,,0,,,0,0
33562,PENDIENTE,0,4000,,,,,,0,,,0,0
33563,PENDIENTE,0,4000,,,,,,0,,,0,0
33564,PENDIENTE,0,4000,,,,,,0,,,0,0
33565,PENDIENTE,0,4000,,,,,,0,,,0,0
33566,PENDIENTE,0,4000,,,,,,0,,,0,0
33567,PENDIENTE,0,4000,,,,,,0,,,0,0
33568,PENDIENTE,0,4000,,,,,,0,,,0,0
33569,PENDIENTE,0,4000,,,,,,0,,,0,0
33570,PENDIENTE,0,4000,,,,,,0,,,0,0
33571,PENDIENTE,0,4000,,,,,,0,,,0,0
33572,PENDIENTE,0,4000,,,,,,0,,,0,0
33573,PENDIENTE,0,4000,,,,,,0,,,0,0
33574,PENDIENTE,0,4000,,,,,,0,,,0,0
33575,PENDIENTE,0,4000,,,,,,0,,,0,0
33576,PENDIENTE,0,4000,,,,,,0,,,0,0
33577,PENDIENTE,0,4000,,,,,,0,,,0,0
33578,PENDIENTE,0,4000,,,,,,0,,,0,0
33579,PENDIENTE,0,4000,,,,,,0,,,0,0
33580,PENDIENTE,0,4000,,,,,,0,,,0,0
33581,PENDIENTE,0,4000,,,,,,0,,,0,0
33582,PENDIENTE,0,4000,,,,,,0,,,0,0
33583,PENDIENTE,0,4000,,,,,,0,,,0,0
33584,PENDIENTE,0,4000,,,,,,0,,,0,0
33585,PENDIENTE,0,4000,,,,,,0,,,0,0
33586,PENDIENTE,0,4000,,,,,,0,,,0,0
33587,PENDIENTE,0,4000,,,,,,0,,,0,0
33588,PENDIENTE,0,4000,,,,,,0,,,0,0
33589,PENDIENTE,0,4000,,,,,,0,,,0,0
33590,PENDIENTE,0,4000,,,,,,0,,,0,0
33591,PENDIENTE,0,4000,,,,,,0,,,0,0
33592,PENDIENTE,0,4000,,,,,,0,,,0,0
33593,PENDIENTE,0,4000,,,,,,0,,,0,0
33594,PENDIENTE,0,4000,,,,,,0,,,0,0
33595,PENDIENTE,0,4000,,,,,,0,,,0,0
33596,PENDIENTE,0,4000,,,,,,0,,,0,0
33597,PENDIENTE,0,4000,,,,,,0,,,0,0
33598,PENDIENTE,0,4000,,,,,,0,,,0,0
33599,PENDIENTE,0,4000,,,,,,0,,,0,0
33600,PENDIENTE,0,4000,,,,,,0,,,0,0
33601,PENDIENTE,0,4000,,,,,,0,,,0,0
33602,PENDIENTE,0,4000,,,,,,0,,,0,0
33603,PENDIENTE,0,4000,,,,,,0,,,0,0
33604,PENDIENTE,0,4000,,,,,,0,,,0,0
33605,PENDIENTE,0,4000,,,,,,0,,,0,0
33606,PENDIENTE,0,4000,,,,,,0,,,0,0
33607,PENDIENTE,0,4000,,,,,,0,,,0,0
33608,PENDIENTE,0,4000,,,,,,0,,,0,0
33609,PENDIENTE,0,4000,,,,,,0,,,0,0
33610,PENDIENTE,0,4000,,,,,,0,,,0,0
33611,PENDIENTE,0,4000,,,,,,0,,,0,0
33612,PENDIENTE,0,4000,,,,,,0,,,0,0
33613,PENDIENTE,0,4000,,,,,,0,,,0,0
33614,PENDIENTE,0,4000,,,,,,0,,,0,0
33615,PENDIENTE,0,4000,,,,,,0,,,0,0
33616,PENDIENTE,0,4000,,,,,,0,,,0,0
33617,PENDIENTE,0,4000,,,,,,0,,,0,0
33618,PENDIENTE,0,4000,,,,,,0,,,0,0
33619,PENDIENTE,0,4000,,,,,,0,,,0,0
33620,PENDIENTE,0,4000,,,,,,0,,,0,0
33621,PENDIENTE,0,4000,,,,,,0,,,0,0
33622,PENDIENTE,0,4000,,,,,,0,,,0,0
33623,PENDIENTE,0,4000,,,,,,0,,,0,0
33624,PENDIENTE,0,4000,,,,,,0,,,0,0
33625,PENDIENTE,0,4000,,,,,,0,,,0,0
33626,PENDIENTE,0,4000,,,,,,0,,,0,0
33627,PENDIENTE,0,4000,,,,,,0,,,0,0
33628,PENDIENTE,0,4000,,,,,,0,,,0,0
33629,PENDIENTE,0,4000,,,,,,0,,,0,0
33630,PENDIENTE,0,4000,,,,,,0,,,0,0
33631,PENDIENTE,0,4000,,,,,,0,,,0,0
33632,PENDIENTE,0,4000,,,,,,0,,,0,0
33633,PENDIENTE,0,4000,,,,,,0,,,0,0
33634,PENDIENTE,0,4000,,,,,,0,,,0,0
33635,PENDIENTE,0,4000,,,,,,0,,,0,0
33636,PENDIENTE,0,4000,,,,,,0,,,0,0
33637,PENDIENTE,0,4000,,,,,,0,,,0,0
33638,PENDIENTE,0,4000,,,,,,0,,,0,0
33639,PENDIENTE,0,4000,,,,,,0,,,0,0
33640,PENDIENTE,0,4000,,,,,,0,,,0,0
33641,PENDIENTE,0,4000,,,,,,0,,,0,0
33642,PENDIENTE,0,4000,,,,,,0,,,0,0
33643,PENDIENTE,0,4000,,,,,,0,,,0,0
33644,PENDIENTE,0,4000,,,,,,0,,,0,0
33645,PENDIENTE,0,4000,,,,,,0,,,0,0
33646,PENDIENTE,0,4000,,,,,,0,,,0,0
33647,PENDIENTE,0,4000,,,,,,0,,,0,0
33648,PENDIENTE,0,4000,,,,,,0,,,0,0
33649,PENDIENTE,0,4000,,,,,,0,,,0,0
33650,PENDIENTE,0,4000,,,,,,0,,,0,0
33651,PENDIENTE,0,4000,,,,,,0,,,0,0
33652,PENDIENTE,0,4000,,,,,,0,,,0,0
33653,PENDIENTE,0,4000,,,,,,0,,,0,0
33654,PENDIENTE,0,4000,,,,,,0,,,0,0
33655,PENDIENTE,0,4000,,,,,,0,,,0,0
33656,PENDIENTE,0,4000,,,,,,0,,,0,0
33657,PENDIENTE,0,4000,,,,,,0,,,0,0
33658,PENDIENTE,0,4000,,,,,,0,,,0,0
33659,PENDIENTE,0,4000,,,,,,0,,,0,0
33660,PENDIENTE,0,4000,,,,,,0,,,0,0
33661,PENDIENTE,0,4000,,,,,,0,,,0,0
33662,PENDIENTE,0,4000,,,,,,0,,,0,0
33663,PENDIENTE,0,4000,,,,,,0,,,0,0
33664,PENDIENTE,0,4000,,,,,,0,,,0,0
33665,PENDIENTE,0,4000,,,,,,0,,,0,0
33666,PENDIENTE,0,4000,,,,,,0,,,0,0
33667,PENDIENTE,0,4000,,,,,,0,,,0,0
33668,PENDIENTE,0,4000,,,,,,0,,,0,0
33669,PENDIENTE,0,4000,,,,,,0,,,0,0
33670,PENDIENTE,0,4000,,,,,,0,,,0,0
33671,PENDIENTE,0,4000,,,,,,0,,,0,0
33672,PENDIENTE,0,4000,,,,,,0,,,0,0
33673,PENDIENTE,0,4000,,,,,,0,,,0,0
33674,PENDIENTE,0,4000,,,,,,0,,,0,0
33675,PENDIENTE,0,4000,,,,,,0,,,0,0
33676,PENDIENTE,0,4000,,,,,,0,,,0,0
33677,PENDIENTE,0,4000,,,,,,0,,,0,0
33678,PENDIENTE,0,4000,,,,,,0,,,0,0
33679,PENDIENTE,0,4000,,,,,,0,,,0,0
33680,PENDIENTE,0,4000,,,,,,0,,,0,0
33681,PENDIENTE,0,4000,,,,,,0,,,0,0
33682,PENDIENTE,0,4000,,,,,,0,,,0,0
33683,PENDIENTE,0,4000,,,,,,0,,,0,0
33684,PENDIENTE,0,4000,,,,,,0,,,0,0
33685,PENDIENTE,0,4000,,,,,,0,,,0,0
33686,PENDIENTE,0,4000,,,,,,0,,,0,0
33687,PENDIENTE,0,4000,,,,,,0,,,0,0
33688,PENDIENTE,0,4000,,,,,,0,,,0,0
33689,PENDIENTE,0,4000,,,,,,0,,,0,0
33690,PENDIENTE,0,4000,,,,,,0,,,0,0
33691,PENDIENTE,0,4000,,,,,,0,,,0,0
33692,PENDIENTE,0,4000,,,,,,0,,,0,0
33693,PENDIENTE,0,4000,,,,,,0,,,0,0
33694,PENDIENTE,0,4000,,,,,,0,,,0,0
33695,PENDIENTE,0,4000,,,,,,0,,,0,0
33696,PENDIENTE,0,4000,,,,,,0,,,0,0
33697,PENDIENTE,0,4000,,,,,,0,,,0,0
33698,PENDIENTE,0,4000,,,,,,0,,,0,0
33699,PENDIENTE,0,4000,,,,,,0,,,0,0
33700,PENDIENTE,0,4000,,,,,,0,,,0,0
33701,PENDIENTE,0,4000,,,,,,0,,,0,0
33702,PENDIENTE,0,4000,,,,,,0,,,0,0
33703,PENDIENTE,0,4000,,,,,,0,,,0,0
33704,PENDIENTE,0,4000,,,,,,0,,,0,0
33705,PENDIENTE,0,4000,,,,,,0,,,0,0
33706,PENDIENTE,0,4000,,,,,,0,,,0,0
33707,PENDIENTE,0,4000,,,,,,0,,,0,0
33708,PENDIENTE,0,4000,,,,,,0,,,0,0
33709,PENDIENTE,0,4000,,,,,,0,,,0,0
33710,PENDIENTE,0,4000,,,,,,0,,,0,0
33711,PENDIENTE,0,4000,,,,,,0,,,0,0
33712,PENDIENTE,0,4000,,,,,,0,,,0,0
33713,PENDIENTE,0,4000,,,,,,0,,,0,0
33714,PENDIENTE,0,4000,,,,,,0,,,0,0
33715,PENDIENTE,0,4000,,,,,,0,,,0,0
33716,PENDIENTE,0,4000,,,,,,0,,,0,0
33717,PENDIENTE,0,4000,,,,,,0,,,0,0
33718,PENDIENTE,0,4000,,,,,,0,,,0,0
33719,PENDIENTE,0,4000,,,,,,0,,,0,0
33720,PENDIENTE,0,4000,,,,,,0,,,0,0
33721,PENDIENTE,0,4000,,,,,,0,,,0,0
33722,PENDIENTE,0,4000,,,,,,0,,,0,0
33723,PENDIENTE,0,4000,,,,,,0,,,0,0
33724,PENDIENTE,0,4000,,,,,,0,,,0,0
33725,PENDIENTE,0,4000,,,,,,0,,,0,0
33726,PENDIENTE,0,4000,,,,,,0,,,0,0
33727,PENDIENTE,0,4000,,,,,,0,,,0,0
33728,PENDIENTE,0,4000,,,,,,0,,,0,0
33729,PENDIENTE,0,4000,,,,,,0,,,0,0
33730,PENDIENTE,0,4000,,,,,,0,,,0,0
33731,PENDIENTE,0,4000,,,,,,0,,,0,0
33732,PENDIENTE,0,4000,,,,,,0,,,0,0
33733,PENDIENTE,0,4000,,,,,,0,,,0,0
33734,PENDIENTE,0,4000,,,,,,0,,,0,0
33735,PENDIENTE,0,4000,,,,,,0,,,0,0
33736,PENDIENTE,0,4000,,,,,,0,,,0,0
33737,PENDIENTE,0,4000,,,,,,0,,,0,0
33738,PENDIENTE,0,4000,,,,,,0,,,0,0
33739,PENDIENTE,0,4000,,,,,,0,,,0,0
33740,PENDIENTE,0,4000,,,,,,0,,,0,0
33741,PENDIENTE,0,4000,,,,,,0,,,0,0
33742,PENDIENTE,0,4000,,,,,,0,,,0,0
33743,PENDIENTE,0,4000,,,,,,0,,,0,0
33744,PENDIENTE,0,4000,,,,,,0,,,0,0
33745,PENDIENTE,0,4000,,,,,,0,,,0,0
33746,PENDIENTE,0,4000,,,,,,0,,,0,0
33747,PENDIENTE,0,4000,,,,,,0,,,0,0
33748,PENDIENTE,0,4000,,,,,,0,,,0,0
33749,PENDIENTE,0,4000,,,,,,0,,,0,0
33750,PENDIENTE,0,4000,,,,,,0,,,0,0
33751,PENDIENTE,0,4000,,,,,,0,,,0,0
33752,PENDIENTE,0,4000,,,,,,0,,,0,0
33753,PENDIENTE,0,4000,,,,,,0,,,0,0
33754,PENDIENTE,0,4000,,,,,,0,,,0,0
33755,PENDIENTE,0,4000,,,,,,0,,,0,0
33756,PENDIENTE,0,4000,,,,,,0,,,0,0
33757,PENDIENTE,0,4000,,,,,,0,,,0,0
33758,PENDIENTE,0,4000,,,,,,0,,,0,0
33759,PENDIENTE,0,4000,,,,,,0,,,0,0
33760,PENDIENTE,0,4000,,,,,,0,,,0,0
33761,PENDIENTE,0,4000,,,,,,0,,,0,0
33762,PENDIENTE,0,4000,,,,,,0,,,0,0
33763,PENDIENTE,0,4000,,,,,,0,,,0,0
33764,PENDIENTE,0,4000,,,,,,0,,,0,0
33765,PENDIENTE,0,4000,,,,,,0,,,0,0
33766,PENDIENTE,0,4000,,,,,,0,,,0,0
33767,PENDIENTE,0,4000,,,,,,0,,,0,0
33768,PENDIENTE,0,4000,,,,,,0,,,0,0
33769,PENDIENTE,0,4000,,,,,,0,,,0,0
33770,PENDIENTE,0,4000,,,,,,0,,,0,0
33771,PENDIENTE,0,4000,,,,,,0,,,0,0
33772,PENDIENTE,0,4000,,,,,,0,,,0,0
33773,PENDIENTE,0,4000,,,,,,0,,,0,0
33774,PENDIENTE,0,4000,,,,,,0,,,0,0
33775,PENDIENTE,0,4000,,,,,,0,,,0,0
33776,PENDIENTE,0,4000,,,,,,0,,,0,0
33777,PENDIENTE,0,4000,,,,,,0,,,0,0
33778,PENDIENTE,0,4000,,,,,,0,,,0,0
33779,PENDIENTE,0,4000,,,,,,0,,,0,0
33780,PENDIENTE,0,4000,,,,,,0,,,0,0
33781,PENDIENTE,0,4000,,,,,,0,,,0,0
33782,PENDIENTE,0,4000,,,,,,0,,,0,0
33783,PENDIENTE,0,4000,,,,,,0,,,0,0
33784,PENDIENTE,0,4000,,,,,,0,,,0,0
33785,PENDIENTE,0,4000,,,,,,0,,,0,0
33786,PENDIENTE,0,4000,,,,,,0,,,0,0
33787,PENDIENTE,0,4000,,,,,,0,,,0,0
33788,PENDIENTE,0,4000,,,,,,0,,,0,0
33789,PENDIENTE,0,4000,,,,,,0,,,0,0
33790,PENDIENTE,0,4000,,,,,,0,,,0,0
33791,PENDIENTE,0,4000,,,,,,0,,,0,0
33792,PENDIENTE,0,4000,,,,,,0,,,0,0
33793,PENDIENTE,0,4000,,,,,,0,,,0,0
33794,PENDIENTE,0,4000,,,,,,0,,,0,0
33795,PENDIENTE,0,4000,,,,,,0,,,0,0
33796,PENDIENTE,0,4000,,,,,,0,,,0,0
33797,PENDIENTE,0,4000,,,,,,0,,,0,0
33798,PENDIENTE,0,4000,,,,,,0,,,0,0
33799,PENDIENTE,0,4000,,,,,,0,,,0,0
33800,PENDIENTE,0,4000,,,,,,0,,,0,0
33801,PENDIENTE,0,4000,,,,,,0,,,0,0
33802,PENDIENTE,0,4000,,,,,,0,,,0,0
33803,PENDIENTE,0,4000,,,,,,0,,,0,0
33804,PENDIENTE,0,4000,,,,,,0,,,0,0
33805,PENDIENTE,0,4000,,,,,,0,,,0,0
33806,PENDIENTE,0,4000,,,,,,0,,,0,0
33807,PENDIENTE,0,4000,,,,,,0,,,0,0
33808,PENDIENTE,0,4000,,,,,,0,,,0,0
33809,PENDIENTE,0,4000,,,,,,0,,,0,0
33810,PENDIENTE,0,4000,,,,,,0,,,0,0
33811,PENDIENTE,0,4000,,,,,,0,,,0,0
33812,PENDIENTE,0,4000,,,,,,0,,,0,0
33813,PENDIENTE,0,4000,,,,,,0,,,0,0
33814,PENDIENTE,0,4000,,,,,,0,,,0,0
33815,PENDIENTE,0,4000,,,,,,0,,,0,0
33816,PENDIENTE,0,4000,,,,,,0,,,0,0
33817,PENDIENTE,0,4000,,,,,,0,,,0,0
33818,PENDIENTE,0,4000,,,,,,0,,,0,0
33819,PENDIENTE,0,4000,,,,,,0,,,0,0
33820,PENDIENTE,0,4000,,,,,,0,,,0,0
33821,PENDIENTE,0,4000,,,,,,0,,,0,0
33822,PENDIENTE,0,4000,,,,,,0,,,0,0
33823,PENDIENTE,0,4000,,,,,,0,,,0,0
33824,PENDIENTE,0,4000,,,,,,0,,,0,0
33825,PENDIENTE,0,4000,,,,,,0,,,0,0
33826,PENDIENTE,0,4000,,,,,,0,,,0,0
33827,PENDIENTE,0,4000,,,,,,0,,,0,0
33828,PENDIENTE,0,4000,,,,,,0,,,0,0
33829,PENDIENTE,0,4000,,,,,,0,,,0,0
33830,PENDIENTE,0,4000,,,,,,0,,,0,0
33831,PENDIENTE,0,4000,,,,,,0,,,0,0
33832,PENDIENTE,0,4000,,,,,,0,,,0,0
33833,PENDIENTE,0,4000,,,,,,0,,,0,0
33834,PENDIENTE,0,4000,,,,,,0,,,0,0
33835,PENDIENTE,0,4000,,,,,,0,,,0,0
33836,PENDIENTE,0,4000,,,,,,0,,,0,0
33837,PENDIENTE,0,4000,,,,,,0,,,0,0
33838,PENDIENTE,0,4000,,,,,,0,,,0,0
33839,PENDIENTE,0,4000,,,,,,0,,,0,0
33840,PENDIENTE,0,4000,,,,,,0,,,0,0
33841,PENDIENTE,0,4000,,,,,,0,,,0,0
33842,PENDIENTE,0,4000,,,,,,0,,,0,0
33843,PENDIENTE,0,4000,,,,,,0,,,0,0
33844,PENDIENTE,0,4000,,,,,,0,,,0,0
33845,PENDIENTE,0,4000,,,,,,0,,,0,0
33846,PENDIENTE,0,4000,,,,,,0,,,0,0
33847,PENDIENTE,0,4000,,,,,,0,,,0,0
33848,PENDIENTE,0,4000,,,,,,0,,,0,0
33849,PENDIENTE,0,4000,,,,,,0,,,0,0
33850,PENDIENTE,0,4000,,,,,,0,,,0,0
33851,PENDIENTE,0,4000,,,,,,0,,,0,0
33852,PENDIENTE,0,4000,,,,,,0,,,0,0
33853,PENDIENTE,0,4000,,,,,,0,,,0,0
33854,PENDIENTE,0,4000,,,,,,0,,,0,0
33855,PENDIENTE,0,4000,,,,,,0,,,0,0
33856,PENDIENTE,0,4000,,,,,,0,,,0,0
33857,PENDIENTE,0,4000,,,,,,0,,,0,0
33858,PENDIENTE,0,4000,,,,,,0,,,0,0
33859,PENDIENTE,0,4000,,,,,,0,,,0,0
33860,PENDIENTE,0,4000,,,,,,0,,,0,0
33861,PENDIENTE,0,4000,,,,,,0,,,0,0
33862,PENDIENTE,0,4000,,,,,,0,,,0,0
33863,PENDIENTE,0,4000,,,,,,0,,,0,0
33864,PENDIENTE,0,4000,,,,,,0,,,0,0
33865,PENDIENTE,0,4000,,,,,,0,,,0,0
33866,PENDIENTE,0,4000,,,,,,0,,,0,0
33867,PENDIENTE,0,4000,,,,,,0,,,0,0
33868,PENDIENTE,0,4000,,,,,,0,,,0,0
33869,PENDIENTE,0,4000,,,,,,0,,,0,0
33870,PENDIENTE,0,4000,,,,,,0,,,0,0
33871,PENDIENTE,0,4000,,,,,,0,,,0,0
33872,PENDIENTE,0,4000,,,,,,0,,,0,0
33873,PENDIENTE,0,4000,,,,,,0,,,0,0
33874,PENDIENTE,0,4000,,,,,,0,,,0,0
33875,PENDIENTE,0,4000,,,,,,0,,,0,0
33876,PENDIENTE,0,4000,,,,,,0,,,0,0
33877,PENDIENTE,0,4000,,,,,,0,,,0,0
33878,PENDIENTE,0,4000,,,,,,0,,,0,0
33879,PENDIENTE,0,4000,,,,,,0,,,0,0
33880,PENDIENTE,0,4000,,,,,,0,,,0,0
33881,PENDIENTE,0,4000,,,,,,0,,,0,0
33882,PENDIENTE,0,4000,,,,,,0,,,0,0
33883,PENDIENTE,0,4000,,,,,,0,,,0,0
33884,PENDIENTE,0,4000,,,,,,0,,,0,0
33885,PENDIENTE,0,4000,,,,,,0,,,0,0
33886,PENDIENTE,0,4000,,,,,,0,,,0,0
33887,PENDIENTE,0,4000,,,,,,0,,,0,0
33888,PENDIENTE,0,4000,,,,,,0,,,0,0
33889,PENDIENTE,0,4000,,,,,,0,,,0,0
33890,PENDIENTE,0,4000,,,,,,0,,,0,0
33891,PENDIENTE,0,4000,,,,,,0,,,0,0
33892,PENDIENTE,0,4000,,,,,,0,,,0,0
33893,PENDIENTE,0,4000,,,,,,0,,,0,0
33894,PENDIENTE,0,4000,,,,,,0,,,0,0
33895,PENDIENTE,0,4000,,,,,,0,,,0,0
33896,PENDIENTE,0,4000,,,,,,0,,,0,0
33897,PENDIENTE,0,4000,,,,,,0,,,0,0
33898,PENDIENTE,0,4000,,,,,,0,,,0,0
33899,PENDIENTE,0,4000,,,,,,0,,,0,0
33900,PENDIENTE,0,4000,,,,,,0,,,0,0
33901,PENDIENTE,0,4000,,,,,,0,,,0,0
33902,PENDIENTE,0,4000,,,,,,0,,,0,0
33903,PENDIENTE,0,4000,,,,,,0,,,0,0
33904,PENDIENTE,0,4000,,,,,,0,,,0,0
33905,PENDIENTE,0,4000,,,,,,0,,,0,0
33906,PENDIENTE,0,4000,,,,,,0,,,0,0
33907,PENDIENTE,0,4000,,,,,,0,,,0,0
33908,PENDIENTE,0,4000,,,,,,0,,,0,0
33909,PENDIENTE,0,4000,,,,,,0,,,0,0
33910,PENDIENTE,0,4000,,,,,,0,,,0,0
33911,PENDIENTE,0,4000,,,,,,0,,,0,0
33912,PENDIENTE,0,4000,,,,,,0,,,0,0
33913,PENDIENTE,0,4000,,,,,,0,,,0,0
33914,PENDIENTE,0,4000,,,,,,0,,,0,0
33915,PENDIENTE,0,4000,,,,,,0,,,0,0
33916,PENDIENTE,0,4000,,,,,,0,,,0,0
33917,PENDIENTE,0,4000,,,,,,0,,,0,0
33918,PENDIENTE,0,4000,,,,,,0,,,0,0
33919,PENDIENTE,0,4000,,,,,,0,,,0,0
33920,PENDIENTE,0,4000,,,,,,0,,,0,0
33921,PENDIENTE,0,4000,,,,,,0,,,0,0
33922,PENDIENTE,0,4000,,,,,,0,,,0,0
33923,PENDIENTE,0,4000,,,,,,0,,,0,0
33924,PENDIENTE,0,4000,,,,,,0,,,0,0
33925,PENDIENTE,0,4000,,,,,,0,,,0,0
33926,PENDIENTE,0,4000,,,,,,0,,,0,0
33927,PENDIENTE,0,4000,,,,,,0,,,0,0
33928,PENDIENTE,0,4000,,,,,,0,,,0,0
33929,PENDIENTE,0,4000,,,,,,0,,,0,0
33930,PENDIENTE,0,4000,,,,,,0,,,0,0
33931,PENDIENTE,0,4000,,,,,,0,,,0,0
33932,PENDIENTE,0,4000,,,,,,0,,,0,0
33933,PENDIENTE,0,4000,,,,,,0,,,0,0
33934,PENDIENTE,0,4000,,,,,,0,,,0,0
33935,PENDIENTE,0,4000,,,,,,0,,,0,0
33936,PENDIENTE,0,4000,,,,,,0,,,0,0
33937,PENDIENTE,0,4000,,,,,,0,,,0,0
33938,PENDIENTE,0,4000,,,,,,0,,,0,0
33939,PENDIENTE,0,4000,,,,,,0,,,0,0
33940,PENDIENTE,0,4000,,,,,,0,,,0,0
33941,PENDIENTE,0,4000,,,,,,0,,,0,0
33942,PENDIENTE,0,4000,,,,,,0,,,0,0
33943,PENDIENTE,0,4000,,,,,,0,,,0,0
33944,PENDIENTE,0,4000,,,,,,0,,,0,0
33945,PENDIENTE,0,4000,,,,,,0,,,0,0
33946,PENDIENTE,0,4000,,,,,,0,,,0,0
33947,PENDIENTE,0,4000,,,,,,0,,,0,0
33948,PENDIENTE,0,4000,,,,,,0,,,0,0
33949,PENDIENTE,0,4000,,,,,,0,,,0,0
33950,PENDIENTE,0,4000,,,,,,0,,,0,0
33951,PENDIENTE,0,4000,,,,,,0,,,0,0
33952,PENDIENTE,0,4000,,,,,,0,,,0,0
33953,PENDIENTE,0,4000,,,,,,0,,,0,0
33954,PENDIENTE,0,4000,,,,,,0,,,0,0
33955,PENDIENTE,0,4000,,,,,,0,,,0,0
33956,PENDIENTE,0,4000,,,,,,0,,,0,0
33957,PENDIENTE,0,4000,,,,,,0,,,0,0
33958,PENDIENTE,0,4000,,,,,,0,,,0,0
33959,PENDIENTE,0,4000,,,,,,0,,,0,0
33960,PENDIENTE,0,4000,,,,,,0,,,0,0
33961,PENDIENTE,0,4000,,,,,,0,,,0,0
33962,PENDIENTE,0,4000,,,,,,0,,,0,0
33963,PENDIENTE,0,4000,,,,,,0,,,0,0
33964,PENDIENTE,0,4000,,,,,,0,,,0,0
33965,PENDIENTE,0,4000,,,,,,0,,,0,0
33966,PENDIENTE,0,4000,,,,,,0,,,0,0
33967,PENDIENTE,0,4000,,,,,,0,,,0,0
33968,PENDIENTE,0,4000,,,,,,0,,,0,0
33969,PENDIENTE,0,4000,,,,,,0,,,0,0
33970,PENDIENTE,0,4000,,,,,,0,,,0,0
33971,PENDIENTE,0,4000,,,,,,0,,,0,0
33972,PENDIENTE,0,4000,,,,,,0,,,0,0
33973,PENDIENTE,0,4000,,,,,,0,,,0,0
33974,PENDIENTE,0,4000,,,,,,0,,,0,0
33975,PENDIENTE,0,4000,,,,,,0,,,0,0
33976,PENDIENTE,0,4000,,,,,,0,,,0,0
33977,PENDIENTE,0,4000,,,,,,0,,,0,0
33978,PENDIENTE,0,4000,,,,,,0,,,0,0
33979,PENDIENTE,0,4000,,,,,,0,,,0,0
33980,PENDIENTE,0,4000,,,,,,0,,,0,0
33981,PENDIENTE,0,4000,,,,,,0,,,0,0
33982,PENDIENTE,0,4000,,,,,,0,,,0,0
33983,PENDIENTE,0,4000,,,,,,0,,,0,0
33984,PENDIENTE,0,4000,,,,,,0,,,0,0
33985,PENDIENTE,0,4000,,,,,,0,,,0,0
33986,PENDIENTE,0,4000,,,,,,0,,,0,0
33987,PENDIENTE,0,4000,,,,,,0,,,0,0
33988,PENDIENTE,0,4000,,,,,,0,,,0,0
33989,PENDIENTE,0,4000,,,,,,0,,,0,0
33990,PENDIENTE,0,4000,,,,,,0,,,0,0
33991,PENDIENTE,0,4000,,,,,,0,,,0,0
33992,PENDIENTE,0,4000,,,,,,0,,,0,0
33993,PENDIENTE,0,4000,,,,,,0,,,0,0
33994,PENDIENTE,0,4000,,,,,,0,,,0,0
33995,PENDIENTE,0,4000,,,,,,0,,,0,0
33996,PENDIENTE,0,4000,,,,,,0,,,0,0
33997,PENDIENTE,0,4000,,,,,,0,,,0,0
33998,PENDIENTE,0,4000,,,,,,0,,,0,0
33999,PENDIENTE,0,4000,,,,,,0,,,0,0
34000,PENDIENTE,0,4000,,,,,,0,,,0,0
34001,PENDIENTE,0,4000,,,,,,0,,,0,0
34002,PENDIENTE,0,4000,,,,,,0,,,0,0
34003,PENDIENTE,0,4000,,,,,,0,,,0,0
34004,PENDIENTE,0,4000,,,,,,0,,,0,0
34005,PENDIENTE,0,4000,,,,,,0,,,0,0
34006,PENDIENTE,0,4000,,,,,,0,,,0,0
34007,PENDIENTE,0,4000,,,,,,0,,,0,0
34008,PENDIENTE,0,4000,,,,,,0,,,0,0
34009,PENDIENTE,0,4000,,,,,,0,,,0,0
34010,PENDIENTE,0,4000,,,,,,0,,,0,0
34011,PENDIENTE,0,4000,,,,,,0,,,0,0
34012,PENDIENTE,0,4000,,,,,,0,,,0,0
34013,PENDIENTE,0,4000,,,,,,0,,,0,0
34014,PENDIENTE,0,4000,,,,,,0,,,0,0
34015,PENDIENTE,0,4000,,,,,,0,,,0,0
34016,PENDIENTE,0,4000,,,,,,0,,,0,0
34017,PENDIENTE,0,4000,,,,,,0,,,0,0
34018,PENDIENTE,0,4000,,,,,,0,,,0,0
34019,PENDIENTE,0,4000,,,,,,0,,,0,0
34020,PENDIENTE,0,4000,,,,,,0,,,0,0
34021,PENDIENTE,0,4000,,,,,,0,,,0,0
34022,PENDIENTE,0,4000,,,,,,0,,,0,0
34023,PENDIENTE,0,4000,,,,,,0,,,0,0
34024,PENDIENTE,0,4000,,,,,,0,,,0,0
34025,PENDIENTE,0,4000,,,,,,0,,,0,0
34026,PENDIENTE,0,4000,,,,,,0,,,0,0
34027,PENDIENTE,0,4000,,,,,,0,,,0,0
34028,PENDIENTE,0,4000,,,,,,0,,,0,0
34029,PENDIENTE,0,4000,,,,,,0,,,0,0
34030,PENDIENTE,0,4000,,,,,,0,,,0,0
34031,PENDIENTE,0,4000,,,,,,0,,,0,0
34032,PENDIENTE,0,4000,,,,,,0,,,0,0
34033,PENDIENTE,0,4000,,,,,,0,,,0,0
34034,PENDIENTE,0,4000,,,,,,0,,,0,0
34035,PENDIENTE,0,4000,,,,,,0,,,0,0
34036,PENDIENTE,0,4000,,,,,,0,,,0,0
34037,PENDIENTE,0,4000,,,,,,0,,,0,0
34038,PENDIENTE,0,4000,,,,,,0,,,0,0
34039,PENDIENTE,0,4000,,,,,,0,,,0,0
34040,PENDIENTE,0,4000,,,,,,0,,,0,0
34041,PENDIENTE,0,4000,,,,,,0,,,0,0
34042,PENDIENTE,0,4000,,,,,,0,,,0,0
34043,PENDIENTE,0,4000,,,,,,0,,,0,0
34044,PENDIENTE,0,4000,,,,,,0,,,0,0
34045,PENDIENTE,0,4000,,,,,,0,,,0,0
34046,PENDIENTE,0,4000,,,,,,0,,,0,0
34047,PENDIENTE,0,4000,,,,,,0,,,0,0
34048,PENDIENTE,0,4000,,,,,,0,,,0,0
34049,PENDIENTE,0,4000,,,,,,0,,,0,0
34050,PENDIENTE,0,4000,,,,,,0,,,0,0
34051,PENDIENTE,0,4000,,,,,,0,,,0,0
34052,PENDIENTE,0,4000,,,,,,0,,,0,0
34053,PENDIENTE,0,4000,,,,,,0,,,0,0
34054,PENDIENTE,0,4000,,,,,,0,,,0,0
34055,PENDIENTE,0,4000,,,,,,0,,,0,0
34056,PENDIENTE,0,4000,,,,,,0,,,0,0
34057,PENDIENTE,0,4000,,,,,,0,,,0,0
34058,PENDIENTE,0,4000,,,,,,0,,,0,0
34059,PENDIENTE,0,4000,,,,,,0,,,0,0
34060,PENDIENTE,0,4000,,,,,,0,,,0,0
34061,PENDIENTE,0,4000,,,,,,0,,,0,0
34062,PENDIENTE,0,4000,,,,,,0,,,0,0
34063,PENDIENTE,0,4000,,,,,,0,,,0,0
34064,PENDIENTE,0,4000,,,,,,0,,,0,0
34065,PENDIENTE,0,4000,,,,,,0,,,0,0
34066,PENDIENTE,0,4000,,,,,,0,,,0,0
34067,PENDIENTE,0,4000,,,,,,0,,,0,0
34068,PENDIENTE,0,4000,,,,,,0,,,0,0
34069,PENDIENTE,0,4000,,,,,,0,,,0,0
34070,PENDIENTE,0,4000,,,,,,0,,,0,0
34071,PENDIENTE,0,4000,,,,,,0,,,0,0
34072,PENDIENTE,0,4000,,,,,,0,,,0,0
34073,PENDIENTE,0,4000,,,,,,0,,,0,0
34074,PENDIENTE,0,4000,,,,,,0,,,0,0
34075,PENDIENTE,0,4000,,,,,,0,,,0,0
34076,PENDIENTE,0,4000,,,,,,0,,,0,0
34077,PENDIENTE,0,4000,,,,,,0,,,0,0
34078,PENDIENTE,0,4000,,,,,,0,,,0,0
34079,PENDIENTE,0,4000,,,,,,0,,,0,0
34080,PENDIENTE,0,4000,,,,,,0,,,0,0
34081,PENDIENTE,0,4000,,,,,,0,,,0,0
34082,PENDIENTE,0,4000,,,,,,0,,,0,0
34083,PENDIENTE,0,4000,,,,,,0,,,0,0
34084,PENDIENTE,0,4000,,,,,,0,,,0,0
34085,PENDIENTE,0,4000,,,,,,0,,,0,0
34086,PENDIENTE,0,4000,,,,,,0,,,0,0
34087,PENDIENTE,0,4000,,,,,,0,,,0,0
34088,PENDIENTE,0,4000,,,,,,0,,,0,0
34089,PENDIENTE,0,4000,,,,,,0,,,0,0
34090,PENDIENTE,0,4000,,,,,,0,,,0,0
34091,PENDIENTE,0,4000,,,,,,0,,,0,0
34092,PENDIENTE,0,4000,,,,,,0,,,0,0
34093,PENDIENTE,0,4000,,,,,,0,,,0,0
34094,PENDIENTE,0,4000,,,,,,0,,,0,0
34095,PENDIENTE,0,4000,,,,,,0,,,0,0
34096,PENDIENTE,0,4000,,,,,,0,,,0,0
34097,PENDIENTE,0,4000,,,,,,0,,,0,0
34098,PENDIENTE,0,4000,,,,,,0,,,0,0
34099,PENDIENTE,0,4000,,,,,,0,,,0,0
34100,PENDIENTE,0,4000,,,,,,0,,,0,0
34101,PENDIENTE,0,4000,,,,,,0,,,0,0
34102,PENDIENTE,0,4000,,,,,,0,,,0,0
34103,PENDIENTE,0,4000,,,,,,0,,,0,0
34104,PENDIENTE,0,4000,,,,,,0,,,0,0
34105,PENDIENTE,0,4000,,,,,,0,,,0,0
34106,PENDIENTE,0,4000,,,,,,0,,,0,0
34107,PENDIENTE,0,4000,,,,,,0,,,0,0
34108,PENDIENTE,0,4000,,,,,,0,,,0,0
34109,PENDIENTE,0,4000,,,,,,0,,,0,0
34110,PENDIENTE,0,4000,,,,,,0,,,0,0
34111,PENDIENTE,0,4000,,,,,,0,,,0,0
34112,PENDIENTE,0,4000,,,,,,0,,,0,0
34113,PENDIENTE,0,4000,,,,,,0,,,0,0
34114,PENDIENTE,0,4000,,,,,,0,,,0,0
34115,PENDIENTE,0,4000,,,,,,0,,,0,0
34116,PENDIENTE,0,4000,,,,,,0,,,0,0
34117,PENDIENTE,0,4000,,,,,,0,,,0,0
34118,PENDIENTE,0,4000,,,,,,0,,,0,0
34119,PENDIENTE,0,4000,,,,,,0,,,0,0
34120,PENDIENTE,0,4000,,,,,,0,,,0,0
34121,PENDIENTE,0,4000,,,,,,0,,,0,0
34122,PENDIENTE,0,4000,,,,,,0,,,0,0
34123,PENDIENTE,0,4000,,,,,,0,,,0,0
34124,PENDIENTE,0,4000,,,,,,0,,,0,0
34125,PENDIENTE,0,4000,,,,,,0,,,0,0
34126,PENDIENTE,0,4000,,,,,,0,,,0,0
34127,PENDIENTE,0,4000,,,,,,0,,,0,0
34128,PENDIENTE,0,4000,,,,,,0,,,0,0
34129,PENDIENTE,0,4000,,,,,,0,,,0,0
34130,PENDIENTE,0,4000,,,,,,0,,,0,0
34131,PENDIENTE,0,4000,,,,,,0,,,0,0
34132,PENDIENTE,0,4000,,,,,,0,,,0,0
34133,PENDIENTE,0,4000,,,,,,0,,,0,0
34134,PENDIENTE,0,4000,,,,,,0,,,0,0
34135,PENDIENTE,0,4000,,,,,,0,,,0,0
34136,PENDIENTE,0,4000,,,,,,0,,,0,0
34137,PENDIENTE,0,4000,,,,,,0,,,0,0
34138,PENDIENTE,0,4000,,,,,,0,,,0,0
34139,PENDIENTE,0,4000,,,,,,0,,,0,0
34140,PENDIENTE,0,4000,,,,,,0,,,0,0
34141,PENDIENTE,0,4000,,,,,,0,,,0,0
34142,PENDIENTE,0,4000,,,,,,0,,,0,0
34143,PENDIENTE,0,4000,,,,,,0,,,0,0
34144,PENDIENTE,0,4000,,,,,,0,,,0,0
34145,PENDIENTE,0,4000,,,,,,0,,,0,0
34146,PENDIENTE,0,4000,,,,,,0,,,0,0
34147,PENDIENTE,0,4000,,,,,,0,,,0,0
34148,PENDIENTE,0,4000,,,,,,0,,,0,0
34149,PENDIENTE,0,4000,,,,,,0,,,0,0
34150,PENDIENTE,0,4000,,,,,,0,,,0,0
34151,PENDIENTE,0,4000,,,,,,0,,,0,0
34152,PENDIENTE,0,4000,,,,,,0,,,0,0
34153,PENDIENTE,0,4000,,,,,,0,,,0,0
34154,PENDIENTE,0,4000,,,,,,0,,,0,0
34155,PENDIENTE,0,4000,,,,,,0,,,0,0
34156,PENDIENTE,0,4000,,,,,,0,,,0,0
34157,PENDIENTE,0,4000,,,,,,0,,,0,0
34158,PENDIENTE,0,4000,,,,,,0,,,0,0
34159,PENDIENTE,0,4000,,,,,,0,,,0,0
34160,PENDIENTE,0,4000,,,,,,0,,,0,0
34161,PENDIENTE,0,4000,,,,,,0,,,0,0
34162,PENDIENTE,0,4000,,,,,,0,,,0,0
34163,PENDIENTE,0,4000,,,,,,0,,,0,0
34164,PENDIENTE,0,4000,,,,,,0,,,0,0
34165,PENDIENTE,0,4000,,,,,,0,,,0,0
34166,PENDIENTE,0,4000,,,,,,0,,,0,0
34167,PENDIENTE,0,4000,,,,,,0,,,0,0
34168,PENDIENTE,0,4000,,,,,,0,,,0,0
34169,PENDIENTE,0,4000,,,,,,0,,,0,0
34170,PENDIENTE,0,4000,,,,,,0,,,0,0
34171,PENDIENTE,0,4000,,,,,,0,,,0,0
34172,PENDIENTE,0,4000,,,,,,0,,,0,0
34173,PENDIENTE,0,4000,,,,,,0,,,0,0
34174,PENDIENTE,0,4000,,,,,,0,,,0,0
34175,PENDIENTE,0,4000,,,,,,0,,,0,0
34176,PENDIENTE,0,4000,,,,,,0,,,0,0
34177,PENDIENTE,0,4000,,,,,,0,,,0,0
34178,PENDIENTE,0,4000,,,,,,0,,,0,0
34179,PENDIENTE,0,4000,,,,,,0,,,0,0
34180,PENDIENTE,0,4000,,,,,,0,,,0,0
34181,PENDIENTE,0,4000,,,,,,0,,,0,0
34182,PENDIENTE,0,4000,,,,,,0,,,0,0
34183,PENDIENTE,0,4000,,,,,,0,,,0,0
34184,PENDIENTE,0,4000,,,,,,0,,,0,0
34185,PENDIENTE,0,4000,,,,,,0,,,0,0
34186,PENDIENTE,0,4000,,,,,,0,,,0,0
34187,PENDIENTE,0,4000,,,,,,0,,,0,0
34188,PENDIENTE,0,4000,,,,,,0,,,0,0
34189,PENDIENTE,0,4000,,,,,,0,,,0,0
34190,PENDIENTE,0,4000,,,,,,0,,,0,0
34191,PENDIENTE,0,4000,,,,,,0,,,0,0
34192,PENDIENTE,0,4000,,,,,,0,,,0,0
34193,PENDIENTE,0,4000,,,,,,0,,,0,0
34194,PENDIENTE,0,4000,,,,,,0,,,0,0
34195,PENDIENTE,0,4000,,,,,,0,,,0,0
34196,PENDIENTE,0,4000,,,,,,0,,,0,0
34197,PENDIENTE,0,4000,,,,,,0,,,0,0
34198,PENDIENTE,0,4000,,,,,,0,,,0,0
34199,PENDIENTE,0,4000,,,,,,0,,,0,0
34200,PENDIENTE,0,4000,,,,,,0,,,0,0
34201,PENDIENTE,0,4000,,,,,,0,,,0,0
34202,PENDIENTE,0,4000,,,,,,0,,,0,0
34203,PENDIENTE,0,4000,,,,,,0,,,0,0
34204,PENDIENTE,0,4000,,,,,,0,,,0,0
34205,PENDIENTE,0,4000,,,,,,0,,,0,0
34206,PENDIENTE,0,4000,,,,,,0,,,0,0
34207,PENDIENTE,0,4000,,,,,,0,,,0,0
34208,PENDIENTE,0,4000,,,,,,0,,,0,0
34209,PENDIENTE,0,4000,,,,,,0,,,0,0
34210,PENDIENTE,0,4000,,,,,,0,,,0,0
34211,PENDIENTE,0,4000,,,,,,0,,,0,0
34212,PENDIENTE,0,4000,,,,,,0,,,0,0
34213,PENDIENTE,0,4000,,,,,,0,,,0,0
34214,PENDIENTE,0,4000,,,,,,0,,,0,0
34215,PENDIENTE,0,4000,,,,,,0,,,0,0
34216,PENDIENTE,0,4000,,,,,,0,,,0,0
34217,PENDIENTE,0,4000,,,,,,0,,,0,0
34218,PENDIENTE,0,4000,,,,,,0,,,0,0
34219,PENDIENTE,0,4000,,,,,,0,,,0,0
34220,PENDIENTE,0,4000,,,,,,0,,,0,0
34221,PENDIENTE,0,4000,,,,,,0,,,0,0
34222,PENDIENTE,0,4000,,,,,,0,,,0,0
34223,PENDIENTE,0,4000,,,,,,0,,,0,0
34224,PENDIENTE,0,4000,,,,,,0,,,0,0
34225,PENDIENTE,0,4000,,,,,,0,,,0,0
34226,PENDIENTE,0,4000,,,,,,0,,,0,0
34227,PENDIENTE,0,4000,,,,,,0,,,0,0
34228,PENDIENTE,0,4000,,,,,,0,,,0,0
34229,PENDIENTE,0,4000,,,,,,0,,,0,0
34230,PENDIENTE,0,4000,,,,,,0,,,0,0
34231,PENDIENTE,0,4000,,,,,,0,,,0,0
34232,PENDIENTE,0,4000,,,,,,0,,,0,0
34233,PENDIENTE,0,4000,,,,,,0,,,0,0
34234,PENDIENTE,0,4000,,,,,,0,,,0,0
34235,PENDIENTE,0,4000,,,,,,0,,,0,0
34236,PENDIENTE,0,4000,,,,,,0,,,0,0
34237,PENDIENTE,0,4000,,,,,,0,,,0,0
34238,PENDIENTE,0,4000,,,,,,0,,,0,0
34239,PENDIENTE,0,4000,,,,,,0,,,0,0
34240,PENDIENTE,0,4000,,,,,,0,,,0,0
34241,PENDIENTE,0,4000,,,,,,0,,,0,0
34242,PENDIENTE,0,4000,,,,,,0,,,0,0
34243,PENDIENTE,0,4000,,,,,,0,,,0,0
34244,PENDIENTE,0,4000,,,,,,0,,,0,0
34245,PENDIENTE,0,4000,,,,,,0,,,0,0
34246,PENDIENTE,0,4000,,,,,,0,,,0,0
34247,PENDIENTE,0,4000,,,,,,0,,,0,0
34248,PENDIENTE,0,4000,,,,,,0,,,0,0
34249,PENDIENTE,0,4000,,,,,,0,,,0,0
34250,PENDIENTE,0,4000,,,,,,0,,,0,0
34251,PENDIENTE,0,4000,,,,,,0,,,0,0
34252,PENDIENTE,0,4000,,,,,,0,,,0,0
34253,PENDIENTE,0,4000,,,,,,0,,,0,0
34254,PENDIENTE,0,4000,,,,,,0,,,0,0
34255,PENDIENTE,0,4000,,,,,,0,,,0,0
34256,PENDIENTE,0,4000,,,,,,0,,,0,0
34257,PENDIENTE,0,4000,,,,,,0,,,0,0
34258,PENDIENTE,0,4000,,,,,,0,,,0,0
34259,PENDIENTE,0,4000,,,,,,0,,,0,0
34260,PENDIENTE,0,4000,,,,,,0,,,0,0
34261,PENDIENTE,0,4000,,,,,,0,,,0,0
34262,PENDIENTE,0,4000,,,,,,0,,,0,0
34263,PENDIENTE,0,4000,,,,,,0,,,0,0
34264,PENDIENTE,0,4000,,,,,,0,,,0,0
34265,PENDIENTE,0,4000,,,,,,0,,,0,0
34266,PENDIENTE,0,4000,,,,,,0,,,0,0
34267,PENDIENTE,0,4000,,,,,,0,,,0,0
34268,PENDIENTE,0,4000,,,,,,0,,,0,0
34269,PENDIENTE,0,4000,,,,,,0,,,0,0
34270,PENDIENTE,0,4000,,,,,,0,,,0,0
34271,PENDIENTE,0,4000,,,,,,0,,,0,0
34272,PENDIENTE,0,4000,,,,,,0,,,0,0
34273,PENDIENTE,0,4000,,,,,,0,,,0,0
34274,PENDIENTE,0,4000,,,,,,0,,,0,0
34275,PENDIENTE,0,4000,,,,,,0,,,0,0
34276,PENDIENTE,0,4000,,,,,,0,,,0,0
34277,PENDIENTE,0,4000,,,,,,0,,,0,0
34278,PENDIENTE,0,4000,,,,,,0,,,0,0
34279,PENDIENTE,0,4000,,,,,,0,,,0,0
34280,PENDIENTE,0,4000,,,,,,0,,,0,0
34281,PENDIENTE,0,4000,,,,,,0,,,0,0
34282,PENDIENTE,0,4000,,,,,,0,,,0,0
34283,PENDIENTE,0,4000,,,,,,0,,,0,0
34284,PENDIENTE,0,4000,,,,,,0,,,0,0
34285,PENDIENTE,0,4000,,,,,,0,,,0,0
34286,PENDIENTE,0,4000,,,,,,0,,,0,0
34287,PENDIENTE,0,4000,,,,,,0,,,0,0
34288,PENDIENTE,0,4000,,,,,,0,,,0,0
34289,PENDIENTE,0,4000,,,,,,0,,,0,0
34290,PENDIENTE,0,4000,,,,,,0,,,0,0
34291,PENDIENTE,0,4000,,,,,,0,,,0,0
34292,PENDIENTE,0,4000,,,,,,0,,,0,0
34293,PENDIENTE,0,4000,,,,,,0,,,0,0
34294,PENDIENTE,0,4000,,,,,,0,,,0,0
34295,PENDIENTE,0,4000,,,,,,0,,,0,0
34296,PENDIENTE,0,4000,,,,,,0,,,0,0
34297,PENDIENTE,0,4000,,,,,,0,,,0,0
34298,PENDIENTE,0,4000,,,,,,0,,,0,0
34299,PENDIENTE,0,4000,,,,,,0,,,0,0
34300,PENDIENTE,0,4000,,,,,,0,,,0,0
34301,PENDIENTE,0,4000,,,,,,0,,,0,0
34302,PENDIENTE,0,4000,,,,,,0,,,0,0
34303,PENDIENTE,0,4000,,,,,,0,,,0,0
34304,PENDIENTE,0,4000,,,,,,0,,,0,0
34305,PENDIENTE,0,4000,,,,,,0,,,0,0
34306,PENDIENTE,0,4000,,,,,,0,,,0,0
34307,PENDIENTE,0,4000,,,,,,0,,,0,0
34308,PENDIENTE,0,4000,,,,,,0,,,0,0
34309,PENDIENTE,0,4000,,,,,,0,,,0,0
34310,PENDIENTE,0,4000,,,,,,0,,,0,0
34311,PENDIENTE,0,4000,,,,,,0,,,0,0
34312,PENDIENTE,0,4000,,,,,,0,,,0,0
34313,PENDIENTE,0,4000,,,,,,0,,,0,0
34314,PENDIENTE,0,4000,,,,,,0,,,0,0
34315,PENDIENTE,0,4000,,,,,,0,,,0,0
34316,PENDIENTE,0,4000,,,,,,0,,,0,0
34317,PENDIENTE,0,4000,,,,,,0,,,0,0
34318,PENDIENTE,0,4000,,,,,,0,,,0,0
34319,PENDIENTE,0,4000,,,,,,0,,,0,0
34320,PENDIENTE,0,4000,,,,,,0,,,0,0
34321,PENDIENTE,0,4000,,,,,,0,,,0,0
34322,PENDIENTE,0,4000,,,,,,0,,,0,0
34323,PENDIENTE,0,4000,,,,,,0,,,0,0
34324,PENDIENTE,0,4000,,,,,,0,,,0,0
34325,PENDIENTE,0,4000,,,,,,0,,,0,0
34326,PENDIENTE,0,4000,,,,,,0,,,0,0
34327,PENDIENTE,0,4000,,,,,,0,,,0,0
34328,PENDIENTE,0,4000,,,,,,0,,,0,0
34329,PENDIENTE,0,4000,,,,,,0,,,0,0
34330,PENDIENTE,0,4000,,,,,,0,,,0,0
34331,PENDIENTE,0,4000,,,,,,0,,,0,0
34332,PENDIENTE,0,4000,,,,,,0,,,0,0
34333,PENDIENTE,0,4000,,,,,,0,,,0,0
34334,PENDIENTE,0,4000,,,,,,0,,,0,0
34335,PENDIENTE,0,4000,,,,,,0,,,0,0
34336,PENDIENTE,0,4000,,,,,,0,,,0,0
34337,PENDIENTE,0,4000,,,,,,0,,,0,0
34338,PENDIENTE,0,4000,,,,,,0,,,0,0
34339,PENDIENTE,0,4000,,,,,,0,,,0,0
34340,PENDIENTE,0,4000,,,,,,0,,,0,0
34341,PENDIENTE,0,4000,,,,,,0,,,0,0
34342,PENDIENTE,0,4000,,,,,,0,,,0,0
34343,PENDIENTE,0,4000,,,,,,0,,,0,0
34344,PENDIENTE,0,4000,,,,,,0,,,0,0
34345,PENDIENTE,0,4000,,,,,,0,,,0,0
34346,PENDIENTE,0,4000,,,,,,0,,,0,0
34347,PENDIENTE,0,4000,,,,,,0,,,0,0
34348,PENDIENTE,0,4000,,,,,,0,,,0,0
34349,PENDIENTE,0,4000,,,,,,0,,,0,0
34350,PENDIENTE,0,4000,,,,,,0,,,0,0
34351,PENDIENTE,0,4000,,,,,,0,,,0,0
34352,PENDIENTE,0,4000,,,,,,0,,,0,0
34353,PENDIENTE,0,4000,,,,,,0,,,0,0
34354,PENDIENTE,0,4000,,,,,,0,,,0,0
34355,PENDIENTE,0,4000,,,,,,0,,,0,0
34356,PENDIENTE,0,4000,,,,,,0,,,0,0
34357,PENDIENTE,0,4000,,,,,,0,,,0,0
34358,PENDIENTE,0,4000,,,,,,0,,,0,0
34359,PENDIENTE,0,4000,,,,,,0,,,0,0
34360,PENDIENTE,0,4000,,,,,,0,,,0,0
34361,PENDIENTE,0,4000,,,,,,0,,,0,0
34362,PENDIENTE,0,4000,,,,,,0,,,0,0
34363,PENDIENTE,0,4000,,,,,,0,,,0,0
34364,PENDIENTE,0,4000,,,,,,0,,,0,0
34365,PENDIENTE,0,4000,,,,,,0,,,0,0
34366,PENDIENTE,0,4000,,,,,,0,,,0,0
34367,PENDIENTE,0,4000,,,,,,0,,,0,0
34368,PENDIENTE,0,4000,,,,,,0,,,0,0
34369,PENDIENTE,0,4000,,,,,,0,,,0,0
34370,PENDIENTE,0,4000,,,,,,0,,,0,0
34371,PENDIENTE,0,4000,,,,,,0,,,0,0
34372,PENDIENTE,0,4000,,,,,,0,,,0,0
34373,PENDIENTE,0,4000,,,,,,0,,,0,0
34374,PENDIENTE,0,4000,,,,,,0,,,0,0
34375,PENDIENTE,0,4000,,,,,,0,,,0,0
34376,PENDIENTE,0,4000,,,,,,0,,,0,0
34377,PENDIENTE,0,4000,,,,,,0,,,0,0
34378,PENDIENTE,0,4000,,,,,,0,,,0,0
34379,PENDIENTE,0,4000,,,,,,0,,,0,0
34380,PENDIENTE,0,4000,,,,,,0,,,0,0
34381,PENDIENTE,0,4000,,,,,,0,,,0,0
34382,PENDIENTE,0,4000,,,,,,0,,,0,0
34383,PENDIENTE,0,4000,,,,,,0,,,0,0
34384,PENDIENTE,0,4000,,,,,,0,,,0,0
34385,PENDIENTE,0,4000,,,,,,0,,,0,0
34386,PENDIENTE,0,4000,,,,,,0,,,0,0
34387,PENDIENTE,0,4000,,,,,,0,,,0,0
34388,PENDIENTE,0,4000,,,,,,0,,,0,0
34389,PENDIENTE,0,4000,,,,,,0,,,0,0
34390,PENDIENTE,0,4000,,,,,,0,,,0,0
34391,PENDIENTE,0,4000,,,,,,0,,,0,0
34392,PENDIENTE,0,4000,,,,,,0,,,0,0
34393,PENDIENTE,0,4000,,,,,,0,,,0,0
34394,PENDIENTE,0,4000,,,,,,0,,,0,0
34395,PENDIENTE,0,4000,,,,,,0,,,0,0
34396,PENDIENTE,0,4000,,,,,,0,,,0,0
34397,PENDIENTE,0,4000,,,,,,0,,,0,0
34398,PENDIENTE,0,4000,,,,,,0,,,0,0
34399,PENDIENTE,0,4000,,,,,,0,,,0,0
34400,PENDIENTE,0,4000,,,,,,0,,,0,0
34401,PENDIENTE,0,4000,,,,,,0,,,0,0
34402,PENDIENTE,0,4000,,,,,,0,,,0,0
34403,PENDIENTE,0,4000,,,,,,0,,,0,0
34404,PENDIENTE,0,4000,,,,,,0,,,0,0
34405,PENDIENTE,0,4000,,,,,,0,,,0,0
34406,PENDIENTE,0,4000,,,,,,0,,,0,0
34407,PENDIENTE,0,4000,,,,,,0,,,0,0
34408,PENDIENTE,0,4000,,,,,,0,,,0,0
34409,PENDIENTE,0,4000,,,,,,0,,,0,0
34410,PENDIENTE,0,4000,,,,,,0,,,0,0
34411,PENDIENTE,0,4000,,,,,,0,,,0,0
34412,PENDIENTE,0,4000,,,,,,0,,,0,0
34413,PENDIENTE,0,4000,,,,,,0,,,0,0
34414,PENDIENTE,0,4000,,,,,,0,,,0,0
34415,PENDIENTE,0,4000,,,,,,0,,,0,0
34416,PENDIENTE,0,4000,,,,,,0,,,0,0
34417,PENDIENTE,0,4000,,,,,,0,,,0,0
34418,PENDIENTE,0,4000,,,,,,0,,,0,0
34419,PENDIENTE,0,4000,,,,,,0,,,0,0
34420,PENDIENTE,0,4000,,,,,,0,,,0,0
34421,PENDIENTE,0,4000,,,,,,0,,,0,0
34422,PENDIENTE,0,4000,,,,,,0,,,0,0
34423,PENDIENTE,0,4000,,,,,,0,,,0,0
34424,PENDIENTE,0,4000,,,,,,0,,,0,0
34425,PENDIENTE,0,4000,,,,,,0,,,0,0
34426,PENDIENTE,0,4000,,,,,,0,,,0,0
34427,PENDIENTE,0,4000,,,,,,0,,,0,0
34428,PENDIENTE,0,4000,,,,,,0,,,0,0
34429,PENDIENTE,0,4000,,,,,,0,,,0,0
34430,PENDIENTE,0,4000,,,,,,0,,,0,0
34431,PENDIENTE,0,4000,,,,,,0,,,0,0
34432,PENDIENTE,0,4000,,,,,,0,,,0,0
34433,PENDIENTE,0,4000,,,,,,0,,,0,0
34434,PENDIENTE,0,4000,,,,,,0,,,0,0
34435,PENDIENTE,0,4000,,,,,,0,,,0,0
34436,PENDIENTE,0,4000,,,,,,0,,,0,0
34437,PENDIENTE,0,4000,,,,,,0,,,0,0
34438,PENDIENTE,0,4000,,,,,,0,,,0,0
34439,PENDIENTE,0,4000,,,,,,0,,,0,0
34440,PENDIENTE,0,4000,,,,,,0,,,0,0
34441,PENDIENTE,0,4000,,,,,,0,,,0,0
34442,PENDIENTE,0,4000,,,,,,0,,,0,0
34443,PENDIENTE,0,4000,,,,,,0,,,0,0
34444,PENDIENTE,0,4000,,,,,,0,,,0,0
34445,PENDIENTE,0,4000,,,,,,0,,,0,0
34446,PENDIENTE,0,4000,,,,,,0,,,0,0
34447,PENDIENTE,0,4000,,,,,,0,,,0,0
34448,PENDIENTE,0,4000,,,,,,0,,,0,0
34449,PENDIENTE,0,4000,,,,,,0,,,0,0
34450,PENDIENTE,0,4000,,,,,,0,,,0,0
34451,PENDIENTE,0,4000,,,,,,0,,,0,0
34452,PENDIENTE,0,4000,,,,,,0,,,0,0
34453,PENDIENTE,0,4000,,,,,,0,,,0,0
34454,PENDIENTE,0,4000,,,,,,0,,,0,0
34455,PENDIENTE,0,4000,,,,,,0,,,0,0
34456,PENDIENTE,0,4000,,,,,,0,,,0,0
34457,PENDIENTE,0,4000,,,,,,0,,,0,0
34458,PENDIENTE,0,4000,,,,,,0,,,0,0
34459,PENDIENTE,0,4000,,,,,,0,,,0,0
34460,PENDIENTE,0,4000,,,,,,0,,,0,0
34461,PENDIENTE,0,4000,,,,,,0,,,0,0
34462,PENDIENTE,0,4000,,,,,,0,,,0,0
34463,PENDIENTE,0,4000,,,,,,0,,,0,0
34464,PENDIENTE,0,4000,,,,,,0,,,0,0
34465,PENDIENTE,0,4000,,,,,,0,,,0,0
34466,PENDIENTE,0,4000,,,,,,0,,,0,0
34467,PENDIENTE,0,4000,,,,,,0,,,0,0
34468,PENDIENTE,0,4000,,,,,,0,,,0,0
34469,PENDIENTE,0,4000,,,,,,0,,,0,0
34470,PENDIENTE,0,4000,,,,,,0,,,0,0
34471,PENDIENTE,0,4000,,,,,,0,,,0,0
34472,PENDIENTE,0,4000,,,,,,0,,,0,0
34473,PENDIENTE,0,4000,,,,,,0,,,0,0
34474,PENDIENTE,0,4000,,,,,,0,,,0,0
34475,PENDIENTE,0,4000,,,,,,0,,,0,0
34476,PENDIENTE,0,4000,,,,,,0,,,0,0
34477,PENDIENTE,0,4000,,,,,,0,,,0,0
34478,PENDIENTE,0,4000,,,,,,0,,,0,0
34479,PENDIENTE,0,4000,,,,,,0,,,0,0
34480,PENDIENTE,0,4000,,,,,,0,,,0,0
34481,PENDIENTE,0,4000,,,,,,0,,,0,0
34482,PENDIENTE,0,4000,,,,,,0,,,0,0
34483,PENDIENTE,0,4000,,,,,,0,,,0,0
34484,PENDIENTE,0,4000,,,,,,0,,,0,0
34485,PENDIENTE,0,4000,,,,,,0,,,0,0
34486,PENDIENTE,0,4000,,,,,,0,,,0,0
34487,PENDIENTE,0,4000,,,,,,0,,,0,0
34488,PENDIENTE,0,4000,,,,,,0,,,0,0
34489,PENDIENTE,0,4000,,,,,,0,,,0,0
34490,PENDIENTE,0,4000,,,,,,0,,,0,0
34491,PENDIENTE,0,4000,,,,,,0,,,0,0
34492,PENDIENTE,0,4000,,,,,,0,,,0,0
34493,PENDIENTE,0,4000,,,,,,0,,,0,0
34494,PENDIENTE,0,4000,,,,,,0,,,0,0
34495,PENDIENTE,0,4000,,,,,,0,,,0,0
34496,PENDIENTE,0,4000,,,,,,0,,,0,0
34497,PENDIENTE,0,4000,,,,,,0,,,0,0
34498,PENDIENTE,0,4000,,,,,,0,,,0,0
34499,PENDIENTE,0,4000,,,,,,0,,,0,0
34500,PENDIENTE,0,4000,,,,,,0,,,0,0
34501,PENDIENTE,0,4000,,,,,,0,,,0,0
34502,PENDIENTE,0,4000,,,,,,0,,,0,0
34503,PENDIENTE,0,4000,,,,,,0,,,0,0
34504,PENDIENTE,0,4000,,,,,,0,,,0,0
34505,PENDIENTE,0,4000,,,,,,0,,,0,0
34506,PENDIENTE,0,4000,,,,,,0,,,0,0
34507,PENDIENTE,0,4000,,,,,,0,,,0,0
34508,PENDIENTE,0,4000,,,,,,0,,,0,0
34509,PENDIENTE,0,4000,,,,,,0,,,0,0
34510,PENDIENTE,0,4000,,,,,,0,,,0,0
34511,PENDIENTE,0,4000,,,,,,0,,,0,0
34512,PENDIENTE,0,4000,,,,,,0,,,0,0
34513,PENDIENTE,0,4000,,,,,,0,,,0,0
34514,PENDIENTE,0,4000,,,,,,0,,,0,0
34515,PENDIENTE,0,4000,,,,,,0,,,0,0
34516,PENDIENTE,0,4000,,,,,,0,,,0,0
34517,PENDIENTE,0,4000,,,,,,0,,,0,0
34518,PENDIENTE,0,4000,,,,,,0,,,0,0
34519,PENDIENTE,0,4000,,,,,,0,,,0,0
34520,PENDIENTE,0,4000,,,,,,0,,,0,0
34521,PENDIENTE,0,4000,,,,,,0,,,0,0
34522,PENDIENTE,0,4000,,,,,,0,,,0,0
34523,PENDIENTE,0,4000,,,,,,0,,,0,0
34524,PENDIENTE,0,4000,,,,,,0,,,0,0
34525,PENDIENTE,0,4000,,,,,,0,,,0,0
34526,PENDIENTE,0,4000,,,,,,0,,,0,0
34527,PENDIENTE,0,4000,,,,,,0,,,0,0
34528,PENDIENTE,0,4000,,,,,,0,,,0,0
34529,PENDIENTE,0,4000,,,,,,0,,,0,0
34530,PENDIENTE,0,4000,,,,,,0,,,0,0
34531,PENDIENTE,0,4000,,,,,,0,,,0,0
34532,PENDIENTE,0,4000,,,,,,0,,,0,0
34533,PENDIENTE,0,4000,,,,,,0,,,0,0
34534,PENDIENTE,0,4000,,,,,,0,,,0,0
34535,PENDIENTE,0,4000,,,,,,0,,,0,0
34536,PENDIENTE,0,4000,,,,,,0,,,0,0
34537,PENDIENTE,0,4000,,,,,,0,,,0,0
34538,PENDIENTE,0,4000,,,,,,0,,,0,0
34539,PENDIENTE,0,4000,,,,,,0,,,0,0
34540,PENDIENTE,0,4000,,,,,,0,,,0,0
34541,PENDIENTE,0,4000,,,,,,0,,,0,0
34542,PENDIENTE,0,4000,,,,,,0,,,0,0
34543,PENDIENTE,0,4000,,,,,,0,,,0,0
34544,PENDIENTE,0,4000,,,,,,0,,,0,0
34545,PENDIENTE,0,4000,,,,,,0,,,0,0
34546,PENDIENTE,0,4000,,,,,,0,,,0,0
34547,PENDIENTE,0,4000,,,,,,0,,,0,0
34548,PENDIENTE,0,4000,,,,,,0,,,0,0
34549,PENDIENTE,0,4000,,,,,,0,,,0,0
34550,PENDIENTE,0,4000,,,,,,0,,,0,0
34551,PENDIENTE,0,4000,,,,,,0,,,0,0
34552,PENDIENTE,0,4000,,,,,,0,,,0,0
34553,PENDIENTE,0,4000,,,,,,0,,,0,0
34554,PENDIENTE,0,4000,,,,,,0,,,0,0
34555,PENDIENTE,0,4000,,,,,,0,,,0,0
34556,PENDIENTE,0,4000,,,,,,0,,,0,0
34557,PENDIENTE,0,4000,,,,,,0,,,0,0
34558,PENDIENTE,0,4000,,,,,,0,,,0,0
34559,PENDIENTE,0,4000,,,,,,0,,,0,0
34560,PENDIENTE,0,4000,,,,,,0,,,0,0
34561,PENDIENTE,0,4000,,,,,,0,,,0,0
34562,PENDIENTE,0,4000,,,,,,0,,,0,0
34563,PENDIENTE,0,4000,,,,,,0,,,0,0
34564,PENDIENTE,0,4000,,,,,,0,,,0,0
34565,PENDIENTE,0,4000,,,,,,0,,,0,0
34566,PENDIENTE,0,4000,,,,,,0,,,0,0
34567,PENDIENTE,0,4000,,,,,,0,,,0,0
34568,PENDIENTE,0,4000,,,,,,0,,,0,0
34569,PENDIENTE,0,4000,,,,,,0,,,0,0
34570,PENDIENTE,0,4000,,,,,,0,,,0,0
34571,PENDIENTE,0,4000,,,,,,0,,,0,0
34572,PENDIENTE,0,4000,,,,,,0,,,0,0
34573,PENDIENTE,0,4000,,,,,,0,,,0,0
34574,PENDIENTE,0,4000,,,,,,0,,,0,0
34575,PENDIENTE,0,4000,,,,,,0,,,0,0
34576,PENDIENTE,0,4000,,,,,,0,,,0,0
34577,PENDIENTE,0,4000,,,,,,0,,,0,0
34578,PENDIENTE,0,4000,,,,,,0,,,0,0
34579,PENDIENTE,0,4000,,,,,,0,,,0,0
34580,PENDIENTE,0,4000,,,,,,0,,,0,0
34581,PENDIENTE,0,4000,,,,,,0,,,0,0
34582,PENDIENTE,0,4000,,,,,,0,,,0,0
34583,PENDIENTE,0,4000,,,,,,0,,,0,0
34584,PENDIENTE,0,4000,,,,,,0,,,0,0
34585,PENDIENTE,0,4000,,,,,,0,,,0,0
34586,PENDIENTE,0,4000,,,,,,0,,,0,0
34587,PENDIENTE,0,4000,,,,,,0,,,0,0
34588,PENDIENTE,0,4000,,,,,,0,,,0,0
34589,PENDIENTE,0,4000,,,,,,0,,,0,0
34590,PENDIENTE,0,4000,,,,,,0,,,0,0
34591,PENDIENTE,0,4000,,,,,,0,,,0,0
34592,PENDIENTE,0,4000,,,,,,0,,,0,0
34593,PENDIENTE,0,4000,,,,,,0,,,0,0
34594,PENDIENTE,0,4000,,,,,,0,,,0,0
34595,PENDIENTE,0,4000,,,,,,0,,,0,0
34596,PENDIENTE,0,4000,,,,,,0,,,0,0
34597,PENDIENTE,0,4000,,,,,,0,,,0,0
34598,PENDIENTE,0,4000,,,,,,0,,,0,0
34599,PENDIENTE,0,4000,,,,,,0,,,0,0
34600,PENDIENTE,0,4000,,,,,,0,,,0,0
34601,PENDIENTE,0,4000,,,,,,0,,,0,0
34602,PENDIENTE,0,4000,,,,,,0,,,0,0
34603,PENDIENTE,0,4000,,,,,,0,,,0,0
34604,PENDIENTE,0,4000,,,,,,0,,,0,0
34605,PENDIENTE,0,4000,,,,,,0,,,0,0
34606,PENDIENTE,0,4000,,,,,,0,,,0,0
34607,PENDIENTE,0,4000,,,,,,0,,,0,0
34608,PENDIENTE,0,4000,,,,,,0,,,0,0
34609,PENDIENTE,0,4000,,,,,,0,,,0,0
34610,PENDIENTE,0,4000,,,,,,0,,,0,0
34611,PENDIENTE,0,4000,,,,,,0,,,0,0
34612,PENDIENTE,0,4000,,,,,,0,,,0,0
34613,PENDIENTE,0,4000,,,,,,0,,,0,0
34614,PENDIENTE,0,4000,,,,,,0,,,0,0
34615,PENDIENTE,0,4000,,,,,,0,,,0,0
34616,PENDIENTE,0,4000,,,,,,0,,,0,0
34617,PENDIENTE,0,4000,,,,,,0,,,0,0
34618,PENDIENTE,0,4000,,,,,,0,,,0,0
34619,PENDIENTE,0,4000,,,,,,0,,,0,0
34620,PENDIENTE,0,4000,,,,,,0,,,0,0
34621,PENDIENTE,0,4000,,,,,,0,,,0,0
34622,PENDIENTE,0,4000,,,,,,0,,,0,0
34623,PENDIENTE,0,4000,,,,,,0,,,0,0
34624,PENDIENTE,0,4000,,,,,,0,,,0,0
34625,PENDIENTE,0,4000,,,,,,0,,,0,0
34626,PENDIENTE,0,4000,,,,,,0,,,0,0
34627,PENDIENTE,0,4000,,,,,,0,,,0,0
34628,PENDIENTE,0,4000,,,,,,0,,,0,0
34629,PENDIENTE,0,4000,,,,,,0,,,0,0
34630,PENDIENTE,0,4000,,,,,,0,,,0,0
34631,PENDIENTE,0,4000,,,,,,0,,,0,0
34632,PENDIENTE,0,4000,,,,,,0,,,0,0
34633,PENDIENTE,0,4000,,,,,,0,,,0,0
34634,PENDIENTE,0,4000,,,,,,0,,,0,0
34635,PENDIENTE,0,4000,,,,,,0,,,0,0
34636,PENDIENTE,0,4000,,,,,,0,,,0,0
34637,PENDIENTE,0,4000,,,,,,0,,,0,0
34638,PENDIENTE,0,4000,,,,,,0,,,0,0
34639,PENDIENTE,0,4000,,,,,,0,,,0,0
34640,PENDIENTE,0,4000,,,,,,0,,,0,0
34641,PENDIENTE,0,4000,,,,,,0,,,0,0
34642,PENDIENTE,0,4000,,,,,,0,,,0,0
34643,PENDIENTE,0,4000,,,,,,0,,,0,0
34644,PENDIENTE,0,4000,,,,,,0,,,0,0
34645,PENDIENTE,0,4000,,,,,,0,,,0,0
34646,PENDIENTE,0,4000,,,,,,0,,,0,0
34647,PENDIENTE,0,4000,,,,,,0,,,0,0
34648,PENDIENTE,0,4000,,,,,,0,,,0,0
34649,PENDIENTE,0,4000,,,,,,0,,,0,0
34650,PENDIENTE,0,4000,,,,,,0,,,0,0
34651,PENDIENTE,0,4000,,,,,,0,,,0,0
34652,PENDIENTE,0,4000,,,,,,0,,,0,0
34653,PENDIENTE,0,4000,,,,,,0,,,0,0
34654,PENDIENTE,0,4000,,,,,,0,,,0,0
34655,PENDIENTE,0,4000,,,,,,0,,,0,0
34656,PENDIENTE,0,4000,,,,,,0,,,0,0
34657,PENDIENTE,0,4000,,,,,,0,,,0,0
34658,PENDIENTE,0,4000,,,,,,0,,,0,0
34659,PENDIENTE,0,4000,,,,,,0,,,0,0
34660,PENDIENTE,0,4000,,,,,,0,,,0,0
34661,PENDIENTE,0,4000,,,,,,0,,,0,0
34662,PENDIENTE,0,4000,,,,,,0,,,0,0
34663,PENDIENTE,0,4000,,,,,,0,,,0,0
34664,PENDIENTE,0,4000,,,,,,0,,,0,0
34665,PENDIENTE,0,4000,,,,,,0,,,0,0
34666,PENDIENTE,0,4000,,,,,,0,,,0,0
34667,PENDIENTE,0,4000,,,,,,0,,,0,0
34668,PENDIENTE,0,4000,,,,,,0,,,0,0
34669,PENDIENTE,0,4000,,,,,,0,,,0,0
34670,PENDIENTE,0,4000,,,,,,0,,,0,0
34671,PENDIENTE,0,4000,,,,,,0,,,0,0
34672,PENDIENTE,0,4000,,,,,,0,,,0,0
34673,PENDIENTE,0,4000,,,,,,0,,,0,0
34674,PENDIENTE,0,4000,,,,,,0,,,0,0
34675,PENDIENTE,0,4000,,,,,,0,,,0,0
34676,PENDIENTE,0,4000,,,,,,0,,,0,0
34677,PENDIENTE,0,4000,,,,,,0,,,0,0
34678,PENDIENTE,0,4000,,,,,,0,,,0,0
34679,PENDIENTE,0,4000,,,,,,0,,,0,0
34680,PENDIENTE,0,4000,,,,,,0,,,0,0
34681,PENDIENTE,0,4000,,,,,,0,,,0,0
34682,PENDIENTE,0,4000,,,,,,0,,,0,0
34683,PENDIENTE,0,4000,,,,,,0,,,0,0
34684,PENDIENTE,0,4000,,,,,,0,,,0,0
34685,PENDIENTE,0,4000,,,,,,0,,,0,0
34686,PENDIENTE,0,4000,,,,,,0,,,0,0
34687,PENDIENTE,0,4000,,,,,,0,,,0,0
34688,PENDIENTE,0,4000,,,,,,0,,,0,0
34689,PENDIENTE,0,4000,,,,,,0,,,0,0
34690,PENDIENTE,0,4000,,,,,,0,,,0,0
34691,PENDIENTE,0,4000,,,,,,0,,,0,0
34692,PENDIENTE,0,4000,,,,,,0,,,0,0
34693,PENDIENTE,0,4000,,,,,,0,,,0,0
34694,PENDIENTE,0,4000,,,,,,0,,,0,0
34695,PENDIENTE,0,4000,,,,,,0,,,0,0
34696,PENDIENTE,0,4000,,,,,,0,,,0,0
34697,PENDIENTE,0,4000,,,,,,0,,,0,0
34698,PENDIENTE,0,4000,,,,,,0,,,0,0
34699,PENDIENTE,0,4000,,,,,,0,,,0,0
34700,PENDIENTE,0,4000,,,,,,0,,,0,0
34701,PENDIENTE,0,4000,,,,,,0,,,0,0
34702,PENDIENTE,0,4000,,,,,,0,,,0,0
34703,PENDIENTE,0,4000,,,,,,0,,,0,0
34704,PENDIENTE,0,4000,,,,,,0,,,0,0
34705,PENDIENTE,0,4000,,,,,,0,,,0,0
34706,PENDIENTE,0,4000,,,,,,0,,,0,0
34707,PENDIENTE,0,4000,,,,,,0,,,0,0
34708,PENDIENTE,0,4000,,,,,,0,,,0,0
34709,PENDIENTE,0,4000,,,,,,0,,,0,0
34710,PENDIENTE,0,4000,,,,,,0,,,0,0
34711,PENDIENTE,0,4000,,,,,,0,,,0,0
34712,PENDIENTE,0,4000,,,,,,0,,,0,0
34713,PENDIENTE,0,4000,,,,,,0,,,0,0
34714,PENDIENTE,0,4000,,,,,,0,,,0,0
34715,PENDIENTE,0,4000,,,,,,0,,,0,0
34716,PENDIENTE,0,4000,,,,,,0,,,0,0
34717,PENDIENTE,0,4000,,,,,,0,,,0,0
34718,PENDIENTE,0,4000,,,,,,0,,,0,0
34719,PENDIENTE,0,4000,,,,,,0,,,0,0
34720,PENDIENTE,0,4000,,,,,,0,,,0,0
34721,PENDIENTE,0,4000,,,,,,0,,,0,0
34722,PENDIENTE,0,4000,,,,,,0,,,0,0
34723,PENDIENTE,0,4000,,,,,,0,,,0,0
34724,PENDIENTE,0,4000,,,,,,0,,,0,0
34725,PENDIENTE,0,50,,,,,,0,,,0,0
34726,PENDIENTE,0,50,,,,,,0,,,0,0
34727,PENDIENTE,0,50,,,,,,0,,,0,0
34728,PENDIENTE,0,50,,,,,,0,,,0,0
34729,PENDIENTE,0,4000,,,,,,0,,,0,0
34730,PENDIENTE,0,4000,,,,,,0,,,0,0
34731,PENDIENTE,0,4000,,,,,,0,,,0,0
34732,PENDIENTE,0,4000,,,,,,0,,,0,0
34733,PENDIENTE,0,4000,,,,,,0,,,0,0
34734,PENDIENTE,0,4000,,,,,,0,,,0,0
34735,PENDIENTE,0,4000,,,,,,0,,,0,0
34736,PENDIENTE,0,4000,,,,,,0,,,0,0
34737,PENDIENTE,0,4000,,,,,,0,,,0,0
34738,PENDIENTE,0,4000,,,,,,0,,,0,0
34739,PENDIENTE,0,4000,,,,,,0,,,0,0
34740,PENDIENTE,0,4000,,,,,,0,,,0,0
34741,PENDIENTE,0,4000,,,,,,0,,,0,0
34742,PENDIENTE,0,4000,,,,,,0,,,0,0
34743,PENDIENTE,0,4000,,,,,,0,,,0,0
34744,PENDIENTE,0,4000,,,,,,0,,,0,0
34745,PENDIENTE,0,4000,,,,,,0,,,0,0
34746,PENDIENTE,0,4000,,,,,,0,,,0,0
34747,PENDIENTE,0,4000,,,,,,0,,,0,0
34748,PENDIENTE,0,4000,,,,,,0,,,0,0
34749,PENDIENTE,0,4000,,,,,,0,,,0,0
34750,PENDIENTE,0,4000,,,,,,0,,,0,0
34751,PENDIENTE,0,4000,,,,,,0,,,0,0
34752,PENDIENTE,0,4000,,,,,,0,,,0,0
34753,PENDIENTE,0,4000,,,,,,0,,,0,0
34754,PENDIENTE,0,4000,,,,,,0,,,0,0
34755,PENDIENTE,0,4000,,,,,,0,,,0,0
34756,PENDIENTE,0,4000,,,,,,0,,,0,0
34757,PENDIENTE,0,4000,,,,,,0,,,0,0
34758,PENDIENTE,0,4000,,,,,,0,,,0,0
34759,PENDIENTE,0,4000,,,,,,0,,,0,0
34760,PENDIENTE,0,4000,,,,,,0,,,0,0
34761,PENDIENTE,0,4000,,,,,,0,,,0,0
34762,PENDIENTE,0,4000,,,,,,0,,,0,0
34763,PENDIENTE,0,4000,,,,,,0,,,0,0
34764,PENDIENTE,0,4000,,,,,,0,,,0,0
34765,PENDIENTE,0,4000,,,,,,0,,,0,0
34766,PENDIENTE,0,4000,,,,,,0,,,0,0
34767,PENDIENTE,0,4000,,,,,,0,,,0,0
34768,PENDIENTE,0,4000,,,,,,0,,,0,0
34769,PENDIENTE,0,4000,,,,,,0,,,0,0
34770,PENDIENTE,0,4000,,,,,,0,,,0,0
34771,PENDIENTE,0,4000,,,,,,0,,,0,0
34772,PENDIENTE,0,4000,,,,,,0,,,0,0
34773,PENDIENTE,0,4000,,,,,,0,,,0,0
34774,PENDIENTE,0,4000,,,,,,0,,,0,0
34775,PENDIENTE,0,4000,,,,,,0,,,0,0
34776,PENDIENTE,0,4000,,,,,,0,,,0,0
34777,PENDIENTE,0,4000,,,,,,0,,,0,0
34778,PENDIENTE,0,4000,,,,,,0,,,0,0
34779,PENDIENTE,0,4000,,,,,,0,,,0,0
34780,PENDIENTE,0,4000,,,,,,0,,,0,0
34781,PENDIENTE,0,4000,,,,,,0,,,0,0
34782,PENDIENTE,0,4000,,,,,,0,,,0,0
34783,PENDIENTE,0,4000,,,,,,0,,,0,0
34784,PENDIENTE,0,4000,,,,,,0,,,0,0
34785,PENDIENTE,0,4000,,,,,,0,,,0,0
34786,PENDIENTE,0,4000,,,,,,0,,,0,0
34787,PENDIENTE,0,4000,,,,,,0,,,0,0
34788,PENDIENTE,0,4000,,,,,,0,,,0,0
34789,PENDIENTE,0,4000,,,,,,0,,,0,0
34790,PENDIENTE,0,4000,,,,,,0,,,0,0
34791,PENDIENTE,0,4000,,,,,,0,,,0,0
34792,PENDIENTE,0,4000,,,,,,0,,,0,0
34793,PENDIENTE,0,4000,,,,,,0,,,0,0
34794,PENDIENTE,0,4000,,,,,,0,,,0,0
34795,PENDIENTE,0,4000,,,,,,0,,,0,0
34796,PENDIENTE,0,4000,,,,,,0,,,0,0
34797,PENDIENTE,0,4000,,,,,,0,,,0,0
34798,PENDIENTE,0,4000,,,,,,0,,,0,0
34799,PENDIENTE,0,4000,,,,,,0,,,0,0
34800,PENDIENTE,0,4000,,,,,,0,,,0,0
34801,PENDIENTE,0,4000,,,,,,0,,,0,0
34802,PENDIENTE,0,4000,,,,,,0,,,0,0
34803,PENDIENTE,0,4000,,,,,,0,,,0,0
34804,PENDIENTE,0,4000,,,,,,0,,,0,0
34805,PENDIENTE,0,4000,,,,,,0,,,0,0
34806,PENDIENTE,0,4000,,,,,,0,,,0,0
34807,PENDIENTE,0,4000,,,,,,0,,,0,0
34808,PENDIENTE,0,4000,,,,,,0,,,0,0
34809,PENDIENTE,0,4000,,,,,,0,,,0,0
34810,PENDIENTE,0,4000,,,,,,0,,,0,0
34811,PENDIENTE,0,4000,,,,,,0,,,0,0
34812,PENDIENTE,0,4000,,,,,,0,,,0,0
34813,PENDIENTE,0,4000,,,,,,0,,,0,0
34814,PENDIENTE,0,4000,,,,,,0,,,0,0
34815,PENDIENTE,0,4000,,,,,,0,,,0,0
34816,PENDIENTE,0,4000,,,,,,0,,,0,0
34817,PENDIENTE,0,4000,,,,,,0,,,0,0
34818,PENDIENTE,0,4000,,,,,,0,,,0,0
34819,PENDIENTE,0,4000,,,,,,0,,,0,0
34820,PENDIENTE,0,4000,,,,,,0,,,0,0
34821,PENDIENTE,0,4000,,,,,,0,,,0,0
34822,PENDIENTE,0,4000,,,,,,0,,,0,0
34823,PENDIENTE,0,4000,,,,,,0,,,0,0
34824,PENDIENTE,0,4000,,,,,,0,,,0,0
34825,PENDIENTE,0,4000,,,,,,0,,,0,0
34826,PENDIENTE,0,4000,,,,,,0,,,0,0
34827,PENDIENTE,0,4000,,,,,,0,,,0,0
34828,PENDIENTE,0,4000,,,,,,0,,,0,0
34829,PENDIENTE,0,4000,,,,,,0,,,0,0
34830,PENDIENTE,0,4000,,,,,,0,,,0,0
34831,PENDIENTE,0,300,,,,,,0,,,0,0
34832,PENDIENTE,0,300,,,,,,0,,,0,0
34833,PENDIENTE,0,300,,,,,,0,,,0,0
34834,PENDIENTE,0,200,,,,,,0,,,0,0
34835,PENDIENTE,0,200,,,,,,0,,,0,0
34836,PENDIENTE,0,200,,,,,,0,,,0,0
34837,PENDIENTE,0,20,,,,,,0,,,0,0
34838,PENDIENTE,0,20,,,,,,0,,,0,0
34839,PENDIENTE,0,20,,,,,,0,,,0,0
34840,PENDIENTE,0,20,,,,,,0,,,0,0
34841,PENDIENTE,0,20,,,,,,0,,,0,0
34842,PENDIENTE,0,4500,,,,,,0,,,0,0
34843,PENDIENTE,0,4500,,,,,,0,,,0,0
34844,PENDIENTE,0,300,,,,,,0,,,0,0
34845,PENDIENTE,0,300,,,,,,0,,,0,0
34846,PENDIENTE,0,300,,,,,,0,,,0,0
34847,PENDIENTE,0,300,,,,,,0,,,0,0
34848,PENDIENTE,0,300,,,,,,0,,,0,0
34849,PENDIENTE,0,300,,,,,,0,,,0,0
34850,PENDIENTE,0,300,,,,,,0,,,0,0
34851,LISTO,400,0,"[""PLACA 1200*1000 09B""]",[400],[400],[0],,2,,luis alfaro,0,0
34852,PENDIENTE,0,400,,,,,,0,,,0,0
34853,PENDIENTE,0,400,,,,,,0,,,0,0
34854,LISTO,600,0,"[""PLACA 2700*1570 C20""]",[300],[300],[0],,2,,luis alfaro,0,0
34855,LISTO,600,0,[],[],[],[],,1,,leoncio arteaga,0,0
34856,PENDIENTE,0,600,,,,,,0,,,0,0
34857,PENDIENTE,0,30,,,,,,0,,,0,0
34858,PENDIENTE,0,30,,,,,,0,,,0,0
34859,PENDIENTE,0,30,,,,,,0,,,0,0
34860,PENDIENTE,0,30,,,,,,0,,,0,0
34861,PENDIENTE,0,30,,,,,,0,,,0,0
34862,PENDIENTE,0,30,,,,,,0,,,0,0
34863,PENDIENTE,0,30,,,,,,0,,,0,0
34864,PENDIENTE,0,30,,,,,,0,,,0,0
34865,PENDIENTE,0,30,,,,,,0,,,0,0
34866,PENDIENTE,0,30,,,,,,0,,,0,0
34867,PENDIENTE,0,30,,,,,,0,,,0,0
34868,LISTO,10,0,"[""PLACA 1860*1070 D98"",""PLACA 2330*1070 D98""]","[10,10]","[10,10]","[0,0]",,3,,luis alfaro,0,0
34869,PENDIENTE,0,10,,,,,,0,,,0,0
34870,PENDIENTE,0,10,,,,,,0,,,0,0
34871,PENDIENTE,0,10,,,,,,0,,,0,0
34872,PENDIENTE,0,10,,,,,,0,,,0,0
34873,PENDIENTE,0,10,,,,,,0,,,0,0
34874,PENDIENTE,0,10,,,,,,0,,,0,0
34875,PENDIENTE,0,10,,,,,,0,,,0,0
34876,LISTO,10,0,"[""PLACA 1600*1720 C30""]",[10],[10],[0],,1,,luis alfaro,0,0
34877,PENDIENTE,0,10,,,,,,0,,,0,0
34878,LISTO,10,0,"[""PLACA 1600*1720 C30""]",[10],[10],[0],,1,,leoncio arteaga,0,0
34879,LISTO,5000,0,"[""PLACA 950*780 09B""]",[5838],[5838],[0],,4,,marco ordenes,0,0
34880,LISTO,5000,0,[],[],[],[],,4,,raul espindola,0,0
34881,PENDIENTE,0,5000,,,,,,0,,,0,0
34882,PENDIENTE,0,5000,,,,,,0,,,0,0
34883,PENDIENTE,0,5000,,,,,,0,,,0,0
34884,PENDIENTE,0,5000,,,,,,0,,,0,0
34885,PENDIENTE,0,5000,,,,,,0,,,0,0
34886,LISTO,200,0,"[""PLACA 2200*2145 D94""]",[1],[1],[0],,5,,luis alfaro,0,0
34887,LISTO,560,0,"[""PLACA 2200*2145 D94""]",[940],[940],[0],,7,,luis alfaro,0,0
34888,PENDIENTE,0,200,,,,,,0,,,0,0
34889,PENDIENTE,0,200,,,,,,0,,,0,0
34890,LISTO,200,0,[],[],[],[],,5,,luis alfaro,0,0
34891,PENDIENTE,0,200,,,,,,0,,,0,0
34892,LISTO,400,0,"[""PLACA 2700*1570 C20""]",[402],[400],[2],,1,,luis alfaro,0,0
34893,LISTO,400,0,[],[],[],[],,1,,leoncio arteaga,0,0
34894,PENDIENTE,0,400,,,,,,0,,,0,0
34895,PENDIENTE,0,1,,,,,,0,,,0,0
34896,PENDIENTE,0,1,,,,,,0,,,0,0
34897,PENDIENTE,0,1,,,,,,0,,,0,0
34898,PENDIENTE,0,1,,,,,,0,,,0,0
34899,PENDIENTE,0,1,,,,,,0,,,0,0
34900,PENDIENTE,0,1,,,,,,0,,,0,0
34901,PENDIENTE,0,1,,,,,,0,,,0,0
34902,PENDIENTE,0,1,,,,,,0,,,0,0
34903,PENDIENTE,0,1,,,,,,0,,,0,0
34904,PENDIENTE,0,2,,,,,,0,,,0,0
34905,PENDIENTE,0,2,,,,,,0,,,0,0
34906,PENDIENTE,0,11,,,,,,0,,,0,0
34907,PENDIENTE,0,11,,,,,,0,,,0,0
34908,PENDIENTE,0,11,,,,,,0,,,0,0
34909,PENDIENTE,0,11,,,,,,0,,,0,0
34910,PENDIENTE,0,11,,,,,,0,,,0,0
34911,PENDIENTE,0,11,,,,,,0,,,0,0
34912,PENDIENTE,0,22,,,,,,0,,,0,0
34913,PENDIENTE,0,22,,,,,,0,,,0,0
34914,PENDIENTE,0,22,,,,,,0,,,0,0
34915,PENDIENTE,0,11,,,,,,0,,,0,0
34916,PENDIENTE,0,11,,,,,,0,,,0,0
34917,PENDIENTE,0,11,,,,,,0,,,0,0
34918,PENDIENTE,0,22,,,,,,0,,,0,0
34919,PENDIENTE,0,22,,,,,,0,,,0,0
34920,PENDIENTE,0,22,,,,,,0,,,0,0
34921,PENDIENTE,0,22,,,,,,0,,,0,0
34922,PENDIENTE,0,22,,,,,,0,,,0,0
34923,PENDIENTE,0,22,,,,,,0,,,0,0
34924,PENDIENTE,0,11,,,,,,0,,,0,0
34925,PENDIENTE,0,11,,,,,,0,,,0,0
34926,PENDIENTE,0,11,,,,,,0,,,0,0
34927,PENDIENTE,0,22,,,,,,0,,,0,0
34928,PENDIENTE,0,22,,,,,,0,,,0,0
34929,PENDIENTE,0,1,,,,,,0,,,0,0
34930,PENDIENTE,0,1,,,,,,0,,,0,0
34931,PENDIENTE,0,1,,,,,,0,,,0,0
34932,PENDIENTE,0,1,,,,,,0,,,0,0
34933,PENDIENTE,0,1,,,,,,0,,,0,0
34934,PENDIENTE,0,1,,,,,,0,,,0,0
34935,PENDIENTE,0,1,,,,,,0,,,0,0
34936,PENDIENTE,0,500,,,,,,0,,,0,0
34937,PENDIENTE,0,500,,,,,,0,,,0,0
34938,LISTO,500,0,[],[],[],[],,4,,raul espindola,0,0
34939,PENDIENTE,0,500,,,,,,0,,,0,0
34940,PENDIENTE,0,30,,,,,,0,,,0,0
34941,PENDIENTE,0,15,,,,,,0,,,0,0
34942,PENDIENTE,0,15,,,,,,0,,,0,0
34943,PENDIENTE,0,15,,,,,,0,,,0,0
34944,PENDIENTE,0,15,,,,,,0,,,0,0
34945,PENDIENTE,0,15,,,,,,0,,,0,0
34946,PENDIENTE,0,15,,,,,,0,,,0,0
34947,PENDIENTE,0,15,,,,,,0,,,0,0
34948,LISTO,15,0,"[""PLACA 1890*2145 D94"",""PLACA 2200*2145 D94""]","[15,15]","[15,15]","[0,0]",,3,,luis alfaro,0,0
34949,PENDIENTE,0,15,,,,,,0,,,0,0
34950,PENDIENTE,0,15,,,,,,0,,,0,0
34951,PENDIENTE,0,15,,,,,,0,,,0,0
34952,PENDIENTE,0,15,,,,,,0,,,0,0
34953,LISTO,30,0,[],[],[],[],,5,,luis alfaro,0,0
34954,LISTO,15,0,[],[],[],[],,5,,luis alfaro,0,0
34955,PENDIENTE,0,15,,,,,,0,,,0,0
34956,PENDIENTE,0,15,,,,,,0,,,0,0
34957,LISTO,15,0,"[""PLACA 2200*2145 D94""]",[15],[15],[0],,3,,luis alfaro,0,0
34958,LISTO,15,0,[],[],[],[],,1,,leoncio arteaga,0,0
34959,PENDIENTE,0,15,,,,,,0,,,0,0
34960,PENDIENTE,0,30,,,,,,0,,,0,0
34961,LISTO,30,0,[],[],[],[],,1,,leoncio arteaga,0,0
34962,PENDIENTE,0,30,,,,,,0,,,0,0
34963,PENDIENTE,0,5000,,,,,,0,,,0,0
34964,LISTO,5000,0,[],[],[],[],,4,,raul espindola,0,0
34965,PENDIENTE,0,5000,,,,,,0,,,0,0
34966,LISTO,5000,0,"[""PLACA 1100*780 09B""]",[5838],[5838],[0],,2,,marco ordenes,0,0
34967,LISTO,5000,0,[],[],[],[],,4,,raul espindola,0,0
34968,PENDIENTE,0,5000,,,,,,0,,,0,0
34969,PENDIENTE,0,5000,,,,,,0,,,0,0
34970,PENDIENTE,2000,3000,[],[],[],[],,4,,raul espindola,0,0
34971,PENDIENTE,0,5000,,,,,,0,,,0,0
34972,LISTO,5000,0,"[""PLACA 1100*780 09B""]",[5839],[5839],[0],,2,,marco ordenes,0,0
34973,LISTO,5000,0,[],[],[],[],,4,,raul espindola,0,0
34974,PENDIENTE,0,5000,,,,,,0,,,0,0
34975,PENDIENTE,0,84,,,,,,0,,,0,0
34976,PENDIENTE,0,84,,,,,,0,,,0,0
34977,PENDIENTE,0,84,,,,,,0,,,0,0
34978,PENDIENTE,0,84,,,,,,0,,,0,0
34979,PENDIENTE,0,84,,,,,,0,,,0,0
34980,PENDIENTE,0,84,,,,,,0,,,0,0
34981,LISTO,84,0,"[""PLACA 1890*2145 D94"",""PLACA 2200*2145 D94""]","[84,86]","[84,84]","[0,2]",,7,,luis alfaro,0,0
34982,PENDIENTE,0,84,,,,,,0,,,0,0
34983,PENDIENTE,0,84,,,,,,0,,,0,0
34984,PENDIENTE,0,84,,,,,,0,,,0,0
34985,PENDIENTE,0,84,,,,,,0,,,0,0
34986,LISTO,84,0,[],[],[],[],,5,,luis alfaro,0,0
34987,PENDIENTE,0,84,,,,,,0,,,0,0
34988,PENDIENTE,0,84,,,,,,0,,,0,0
34989,PENDIENTE,0,84,,,,,,0,,,0,0
34990,PENDIENTE,0,84,,,,,,0,,,0,0
34991,PENDIENTE,0,84,,,,,,0,,,0,0
34992,PENDIENTE,0,84,,,,,,0,,,0,0
34993,PENDIENTE,0,84,,,,,,0,,,0,0
34994,LISTO,84,0,"[""PLACA 2200*2145 D94""]",[84],[84],[0],,5,,luis alfaro,0,0
34995,LISTO,84,0,[],[],[],[],,1,,leoncio arteaga,0,0
34996,PENDIENTE,0,84,,,,,,0,,,0,0
34997,PENDIENTE,0,168,,,,,,0,,,0,0
34998,LISTO,168,0,[],[],[],[],,1,,leoncio arteaga,0,0
34999,PENDIENTE,0,168,,,,,,0,,,0,0
35000,PENDIENTE,0,168,,,,,,0,,,0,0
35001,PENDIENTE,0,168,,,,,,0,,,0,0
35002,PENDIENTE,0,5,,,,,,0,,,0,0
35003,PENDIENTE,0,5,,,,,,0,,,0,0
35004,PENDIENTE,0,5,,,,,,0,,,0,0
35005,PENDIENTE,0,5,,,,,,0,,,0,0
35006,PENDIENTE,0,5,,,,,,0,,,0,0
35007,LISTO,1000,0,[],[],[],[],,4,,raul espindola,0,0
35008,PENDIENTE,0,1000,,,,,,0,,,0,0
35009,PENDIENTE,0,1000,,,,,,0,,,0,0
35010,PENDIENTE,0,5000,,,,,,0,,,0,0
35011,PENDIENTE,0,5000,,,,,,0,,,0,0
35012,PENDIENTE,0,5000,,,,,,0,,,0,0
35013,PENDIENTE,0,5000,,,,,,0,,,0,0
35014,LISTO,5000,0,[],[],[],[],,4,,raul espindola,0,0
35015,PENDIENTE,0,5000,,,,,,0,,,0,0
35016,PENDIENTE,0,2000,,,,,,0,,,0,0
35017,PENDIENTE,0,2000,,,,,,0,,,0,0
35018,PENDIENTE,0,2000,,,,,,0,,,0,0
35019,PENDIENTE,0,2000,,,,,,0,,,0,0
35020,PENDIENTE,0,5,,,,,,0,,,0,0
35021,PENDIENTE,0,5,,,,,,0,,,0,0
35022,PENDIENTE,0,5,,,,,,0,,,0,0
35023,PENDIENTE,0,5,,,,,,0,,,0,0
35024,PENDIENTE,0,5,,,,,,0,,,0,0
35025,PENDIENTE,0,5,,,,,,0,,,0,0
35026,PENDIENTE,0,5,,,,,,0,,,0,0
35027,PENDIENTE,0,5,,,,,,0,,,0,0
35028,PENDIENTE,0,5,,,,,,0,,,0,0
35029,PENDIENTE,0,5,,,,,,0,,,0,0
35030,PENDIENTE,0,5,,,,,,0,,,0,0
35031,PENDIENTE,0,5,,,,,,0,,,0,0
35032,PENDIENTE,0,5,,,,,,0,,,0,0
35033,PENDIENTE,0,5,,,,,,0,,,0,0
35034,PENDIENTE,0,5,,,,,,0,,,0,0
35035,PENDIENTE,0,5,,,,,,0,,,0,0
35036,PENDIENTE,0,10,,,,,,0,,,0,0
35037,PENDIENTE,0,10,,,,,,0,,,0,0
35038,PENDIENTE,0,10,,,,,,0,,,0,0
35039,PENDIENTE,0,10,,,,,,0,,,0,0
35040,PENDIENTE,0,10,,,,,,0,,,0,0
35041,PENDIENTE,0,10,,,,,,0,,,0,0
35042,PENDIENTE,0,10,,,,,,0,,,0,0
35043,PENDIENTE,0,10,,,,,,0,,,0,0
35044,PENDIENTE,0,5,,,,,,0,,,0,0
35045,PENDIENTE,0,5,,,,,,0,,,0,0
35046,PENDIENTE,0,5,,,,,,0,,,0,0
35047,PENDIENTE,0,5,,,,,,0,,,0,0
35048,PENDIENTE,0,5,,,,,,0,,,0,0
35049,PENDIENTE,0,5,,,,,,0,,,0,0
35050,PENDIENTE,0,5,,,,,,0,,,0,0
35051,PENDIENTE,0,5,,,,,,0,,,0,0
35052,LISTO,5000,0,"[""PLACA 1100*780 09B""]",[5838],[5838],[0],,4,,marco ordenes,0,0
35053,LISTO,5000,0,[],[],[],[],,4,,raul espindola,0,0
35054,PENDIENTE,0,5000,,,,,,0,,,0,0
35055,PENDIENTE,0,5000,,,,,,0,,,0,0
35056,PENDIENTE,0,1000,,,,,,0,,,0,0
35057,PENDIENTE,700,300,[],[],[],[],,1,,cesar lozano,0,0
35058,PENDIENTE,0,1000,,,,,,0,,,0,0
35059,PENDIENTE,0,1000,,,,,,0,,,0,0
35060,PENDIENTE,0,300,,,,,,0,,,0,0
35061,LISTO,300,0,[],[],[],[],,1,,cesar lozano,0,0
35062,LISTO,300,0,[],[],[],[],,2,,nicolas tordesilla,0,0
35063,LISTO,300,0,[],[],[],[],,2,,luis alfaro,0,0
35064,PENDIENTE,0,300,,,,,,0,,,0,0
35065,LISTO,300,0,[],[],[],[],,3,,nicolas tordesilla,0,0
35066,LISTO,5500,0,[],[],[],[],,4,,raul espindola,0,0
35067,PENDIENTE,0,5500,,,,,,0,,,0,0
35068,PENDIENTE,0,5500,,,,,,0,,,0,0
35069,LISTO,5000,0,[],[],[],[],,4,,raul espindola,0,0
35070,PENDIENTE,0,5000,,,,,,0,,,0,0
35071,PENDIENTE,0,5000,,,,,,0,,,0,0
35072,LISTO,5500,0,"[""PLACA 950*780 09B""]",[2],[1],[1],,4,,raul espindola,0,0
35073,PENDIENTE,0,5500,,,,,,0,,,0,0
35074,PENDIENTE,0,5500,,,,,,0,,,0,0
35075,PENDIENTE,0,5000,,,,,,0,,,0,0
35076,PENDIENTE,0,5000,,,,,,0,,,0,0
35077,LISTO,5000,0,"[""PLACA 1100*780 09B""]",[5010],[5010],[0],,2,,marco ordenes,0,0
35078,LISTO,5500,0,[],[],[],[],,4,,raul espindola,0,0
35079,PENDIENTE,0,5500,,,,,,0,,,0,0
35080,LISTO,5500,0,"[""PLACA 950*780 09B""]",[5510],[5510],[0],,4,,marco ordenes,0,0
35081,LISTO,5000,0,[],[],[],[],,4,,raul espindola,0,0
35082,PENDIENTE,0,5000,,,,,,0,,,0,0
35083,PENDIENTE,0,5000,,,,,,0,,,0,0
35084,PENDIENTE,0,5500,,,,,,0,,,0,0
35085,PENDIENTE,0,5500,,,,,,0,,,0,0
35086,PENDIENTE,0,5500,,,,,,0,,,0,0
35087,PENDIENTE,0,5500,,,,,,0,,,0,0
35088,PENDIENTE,0,5500,,,,,,0,,,0,0
35089,PENDIENTE,0,5500,,,,,,0,,,0,0
35090,LISTO,5000,0,"[""PLACA 950*780 09B""]",[5838],[5838],[0],,4,,marco ordenes,0,0
35091,LISTO,5000,0,[],[],[],[],,4,,raul espindola,0,0
35092,PENDIENTE,0,5000,,,,,,0,,,0,0
35093,LISTO,5000,0,"[""PLACA 950*780 09B""]",[5838],[5838],[0],,4,,marco ordenes,0,0
35094,LISTO,5000,0,[],[],[],[],,4,,raul espindola,0,0
35095,PENDIENTE,0,5000,,,,,,0,,,0,0
35096,LISTO,205,0,[],[],[],[],,7,,luis alfaro,0,0
35097,LISTO,205,0,"[""PLACA 2200*2145 D94""]",[413],[412],[1],,4,,luis alfaro,0,0
35098,PENDIENTE,0,205,,,,,,0,,,0,0
35099,PENDIENTE,0,205,,,,,,0,,,0,0
35100,PENDIENTE,0,205,,,,,,0,,,0,0
35101,PENDIENTE,0,205,,,,,,0,,,0,0
35102,LISTO,410,0,"[""PLACA 2700*1570 C20""]",[205],[205],[0],,3,,luis alfaro,0,0
35103,LISTO,410,0,[],[],[],[],,1,,leoncio arteaga,0,0
35104,PENDIENTE,0,410,,,,,,0,,,0,0
35105,PENDIENTE,0,500,,,,,,0,,,0,0
35106,PENDIENTE,0,500,,,,,,0,,,0,0
35107,PENDIENTE,0,500,,,,,,0,,,0,0
35108,PENDIENTE,0,5500,,,,,,0,,,0,0
35109,PENDIENTE,0,5500,,,,,,0,,,0,0
35110,PENDIENTE,0,5500,,,,,,0,,,0,0
35111,LISTO,1000,0,[],[],[],[],,4,,raul espindola,0,0
35112,PENDIENTE,0,1000,,,,,,0,,,0,0
35113,PENDIENTE,0,1000,,,,,,0,,,0,0
35114,LISTO,1000,0,"[""PLACA 1100*780 09B""]",[1120],[1120],[0],,2,,marco ordenes,0,0
35115,LISTO,1000,0,"[""PLACA 950*780 09B""]",[1176],[1176],[0],,4,,marco ordenes,0,0
35116,LISTO,1000,0,[],[],[],[],,4,,raul espindola,0,0
35117,PENDIENTE,0,1000,,,,,,0,,,0,0
35118,LISTO,200,0,"[""PLACA 1100*780 09B""]",[300],[300],[0],,2,,marco ordenes,0,0
35119,PENDIENTE,0,200,,,,,,0,,,0,0
35120,PENDIENTE,0,200,,,,,,0,,,0,0
35121,LISTO,1500,0,"[""PLACA 1100*780 09B""]",[1764],[1764],[0],,2,,marco ordenes,0,0
35122,LISTO,1500,0,[],[],[],[],,4,,raul espindola,0,0
35123,PENDIENTE,0,1500,,,,,,0,,,0,0
35124,PENDIENTE,0,500,,,,,,0,,,0,0
35125,LISTO,500,0,"[""PLACA 1100*780 09B""]",[675],[675],[0],,2,,marco ordenes,0,0
35126,LISTO,500,0,[],[],[],[],,4,,raul espindola,0,0
35127,PENDIENTE,0,500,,,,,,0,,,0,0
35128,LISTO,2000,0,"[""PLACA 1100*780 09B""]",[2800],[2800],[0],,2,,marco ordenes,0,0
35129,LISTO,2000,0,[],[],[],[],,4,,raul espindola,0,0
35130,PENDIENTE,0,2000,,,,,,0,,,0,0
35131,PENDIENTE,0,2000,,,,,,0,,,0,0
35132,PENDIENTE,0,2000,,,,,,0,,,0,0
35133,PENDIENTE,0,2000,,,,,,0,,,0,0
35134,PENDIENTE,0,184,,,,,,0,,,0,0
35135,PENDIENTE,0,138,,,,,,0,,,0,0
35136,PENDIENTE,0,700,,,,,,0,,,0,0
35137,PENDIENTE,0,700,,,,,,0,,,0,0
35138,PENDIENTE,0,700,,,,,,0,,,0,0
35139,PENDIENTE,0,700,,,,,,0,,,0,0
35140,PENDIENTE,0,700,,,,,,0,,,0,0
35141,PENDIENTE,0,2000,,,,,,0,,,0,0
35142,PENDIENTE,0,2000,,,,,,0,,,0,0
35143,PENDIENTE,0,2000,,,,,,0,,,0,0
35144,PENDIENTE,0,50,,,,,,0,,,0,0
35145,LISTO,50,0,[],[],[],[],,4,,nicolas tordesilla,0,0
35146,PENDIENTE,0,50,,,,,,0,,,0,0
35147,PENDIENTE,0,50,,,,,,0,,,0,0
35148,PENDIENTE,0,50,,,,,,0,,,0,0
35149,PENDIENTE,0,50,,,,,,0,,,0,0
35150,PENDIENTE,0,50,,,,,,0,,,0,0
35151,PENDIENTE,0,50,,,,,,0,,,0,0
35152,LISTO,50,0,[],[],[],[],,1,,leoncio arteaga,0,0
35153,PENDIENTE,0,50,,,,,,0,,,0,0
35154,PENDIENTE,0,50,,,,,,0,,,0,0
35155,LISTO,50,0,"[""PLACA 1600*1720 C30""]",[57],[50],[7],,1,,leoncio arteaga,0,0
35156,PENDIENTE,0,50,,,,,,0,,,0,0
35157,PENDIENTE,0,50,,,,,,0,,,0,0
35158,PENDIENTE,0,50,,,,,,0,,,0,0
35159,PENDIENTE,0,50,,,,,,0,,,0,0
35160,PENDIENTE,0,50,,,,,,0,,,0,0
35161,PENDIENTE,0,50,,,,,,0,,,0,0
35162,PENDIENTE,0,50,,,,,,0,,,0,0
35163,PENDIENTE,0,50,,,,,,0,,,0,0
35164,PENDIENTE,0,50,,,,,,0,,,0,0
35165,PENDIENTE,0,50,,,,,,0,,,0,0
35166,PENDIENTE,0,50,,,,,,0,,,0,0
35167,PENDIENTE,0,50,,,,,,0,,,0,0
35168,PENDIENTE,0,50,,,,,,0,,,0,0
35169,PENDIENTE,0,50,,,,,,0,,,0,0
35170,PENDIENTE,0,300,,,,,,0,,,0,0
35171,PENDIENTE,0,300,,,,,,0,,,0,0
35172,PENDIENTE,0,300,,,,,,0,,,0,0
35173,PENDIENTE,0,1,,,,,,0,,,0,0
35174,PENDIENTE,0,1,,,,,,0,,,0,0
35175,PENDIENTE,0,1,,,,,,0,,,0,0
35176,PENDIENTE,0,1,,,,,,0,,,0,0
35177,PENDIENTE,0,1,,,,,,0,,,0,0
35178,PENDIENTE,0,1,,,,,,0,,,0,0
35179,PENDIENTE,0,1,,,,,,0,,,0,0
35180,PENDIENTE,0,1,,,,,,0,,,0,0
35181,PENDIENTE,0,2,,,,,,0,,,0,0
35182,PENDIENTE,0,2,,,,,,0,,,0,0
35183,PENDIENTE,0,2,,,,,,0,,,0,0
35184,PENDIENTE,0,2,,,,,,0,,,0,0
35185,PENDIENTE,0,2,,,,,,0,,,0,0
35186,PENDIENTE,0,4,,,,,,0,,,0,0
35187,PENDIENTE,0,4,,,,,,0,,,0,0
35188,PENDIENTE,0,4,,,,,,0,,,0,0
35189,PENDIENTE,0,4,,,,,,0,,,0,0
35190,PENDIENTE,0,4,,,,,,0,,,0,0
35191,PENDIENTE,0,4,,,,,,0,,,0,0
35192,PENDIENTE,0,4,,,,,,0,,,0,0
35193,PENDIENTE,0,4,,,,,,0,,,0,0
35194,PENDIENTE,0,8,,,,,,0,,,0,0
35195,LISTO,8,0,[],[],[],[],,1,,leoncio arteaga,0,0
35196,PENDIENTE,0,15,,,,,,0,,,0,0
35197,PENDIENTE,0,15,,,,,,0,,,0,0
35198,PENDIENTE,0,15,,,,,,0,,,0,0
35199,PENDIENTE,0,15,,,,,,0,,,0,0
35200,PENDIENTE,0,15,,,,,,0,,,0,0
35201,PENDIENTE,0,15,,,,,,0,,,0,0
35202,PENDIENTE,0,15,,,,,,0,,,0,0
35203,PENDIENTE,0,15,,,,,,0,,,0,0
35204,PENDIENTE,0,15,,,,,,0,,,0,0
35205,PENDIENTE,0,30,,,,,,0,,,0,0
35206,LISTO,30,0,[],[],[],[],,1,,leoncio arteaga,0,0
35207,PENDIENTE,0,30,,,,,,0,,,0,0
35208,PENDIENTE,0,30,,,,,,0,,,0,0
35209,PENDIENTE,0,30,,,,,,0,,,0,0
35210,PENDIENTE,0,400,,,,,,0,,,0,0
35211,LISTO,400,0,"[""PLACA 1100*780 09B""]",[575],[575],[0],,2,,marco ordenes,0,0
35212,PENDIENTE,0,400,,,,,,0,,,0,0
35213,PENDIENTE,0,400,,,,,,0,,,0,0
35214,PENDIENTE,0,400,,,,,,0,,,0,0
35215,PENDIENTE,0,34560,,,,,,0,,,0,0
35216,PENDIENTE,0,34560,,,,,,0,,,0,0
35217,PENDIENTE,0,34560,,,,,,0,,,0,0
35218,PENDIENTE,0,34560,,,,,,0,,,0,0
35219,LISTO,50,0,[],[],[],[],,4,,nicolas tordesilla,0,0
35220,PENDIENTE,0,50,,,,,,0,,,0,0
35221,PENDIENTE,0,50,,,,,,0,,,0,0
35222,PENDIENTE,0,50,,,,,,0,,,0,0
35223,PENDIENTE,0,50,,,,,,0,,,0,0
35224,PENDIENTE,0,50,,,,,,0,,,0,0
35225,PENDIENTE,0,50,,,,,,0,,,0,0
35226,PENDIENTE,0,50,,,,,,0,,,0,0
35227,PENDIENTE,0,50,,,,,,0,,,0,0
35228,PENDIENTE,0,50,,,,,,0,,,0,0
35229,PENDIENTE,0,50,,,,,,0,,,0,0
35230,PENDIENTE,0,50,,,,,,0,,,0,0
35231,PENDIENTE,0,50,,,,,,0,,,0,0
35232,PENDIENTE,0,50,,,,,,0,,,0,0
35233,PENDIENTE,0,1000,,,,,,0,,,0,0
35234,LISTO,1000,0,"[""PLACA 1200*780 09B""]",[2],[1],[1],,4,,raul espindola,0,0
35235,PENDIENTE,0,1000,,,,,,0,,,0,0
35236,PENDIENTE,0,2000,,,,,,0,,,0,0
35237,PENDIENTE,0,2000,,,,,,0,,,0,0
35238,LISTO,2000,0,"[""PLACA 1200*780 09B""]",[2],[1],[1],,4,,raul espindola,0,0
35239,PENDIENTE,0,2000,,,,,,0,,,0,0
35240,PENDIENTE,0,250,,,,,,0,,,0,0
35241,PENDIENTE,0,250,,,,,,0,,,0,0
35242,PENDIENTE,0,250,,,,,,0,,,0,0
35243,LISTO,250,0,"[""PLACA 1890*2145 D94"",""PLACA 2200*2145 D94""]","[2,2]","[2,2]","[0,0]",,7,,luis alfaro,0,0
35244,LISTO,250,0,[],[],[],[],,5,,luis alfaro,0,0
35245,PENDIENTE,0,250,,,,,,0,,,0,0
35246,PENDIENTE,0,250,,,,,,0,,,0,0
35247,PENDIENTE,0,500,,,,,,0,,,0,0
35248,LISTO,500,0,[],[],[],[],,1,,leoncio arteaga,0,0
35249,PENDIENTE,0,250,,,,,,0,,,0,0
35250,PENDIENTE,0,250,,,,,,0,,,0,0
35251,PENDIENTE,0,250,,,,,,0,,,0,0
35252,PENDIENTE,0,250,,,,,,0,,,0,0
35253,PENDIENTE,0,250,,,,,,0,,,0,0
35254,PENDIENTE,0,250,,,,,,0,,,0,0
35255,PENDIENTE,0,250,,,,,,0,,,0,0
35256,LISTO,500,0,"[""PLACA 2700*1570 C20""]",[254],[254],[0],,2,,luis alfaro,0,0
35257,PENDIENTE,0,500,,,,,,0,,,0,0
35258,PENDIENTE,0,200,,,,,,0,,,0,0
35259,PENDIENTE,0,200,,,,,,0,,,0,0
35260,PENDIENTE,0,200,,,,,,0,,,0,0
35261,PENDIENTE,0,200,,,,,,0,,,0,0
35262,PENDIENTE,0,200,,,,,,0,,,0,0
35263,PENDIENTE,0,200,,,,,,0,,,0,0
35264,PENDIENTE,0,200,,,,,,0,,,0,0
35265,PENDIENTE,0,400,,,,,,0,,,0,0
35266,PENDIENTE,0,400,,,,,,0,,,0,0
35267,PENDIENTE,0,200,,,,,,0,,,0,0
35268,PENDIENTE,0,200,,,,,,0,,,0,0
35269,PENDIENTE,0,200,,,,,,0,,,0,0
35270,PENDIENTE,0,200,,,,,,0,,,0,0
35271,PENDIENTE,0,200,,,,,,0,,,0,0
35272,PENDIENTE,0,200,,,,,,0,,,0,0
35273,PENDIENTE,0,200,,,,,,0,,,0,0
35274,PENDIENTE,0,400,,,,,,0,,,0,0
35275,PENDIENTE,0,400,,,,,,0,,,0,0
35276,PENDIENTE,0,200,,,,,,0,,,0,0
35277,PENDIENTE,0,200,,,,,,0,,,0,0
35278,PENDIENTE,0,200,,,,,,0,,,0,0
35279,PENDIENTE,0,200,,,,,,0,,,0,0
35280,PENDIENTE,0,200,,,,,,0,,,0,0
35281,PENDIENTE,0,200,,,,,,0,,,0,0
35282,PENDIENTE,0,200,,,,,,0,,,0,0
35283,PENDIENTE,0,400,,,,,,0,,,0,0
35284,PENDIENTE,0,400,,,,,,0,,,0,0
35285,PENDIENTE,0,200,,,,,,0,,,0,0
35286,PENDIENTE,0,200,,,,,,0,,,0,0
35287,PENDIENTE,0,200,,,,,,0,,,0,0
35288,PENDIENTE,0,200,,,,,,0,,,0,0
35289,PENDIENTE,0,200,,,,,,0,,,0,0
35290,PENDIENTE,0,200,,,,,,0,,,0,0
35291,PENDIENTE,0,200,,,,,,0,,,0,0
35292,PENDIENTE,0,400,,,,,,0,,,0,0
35293,PENDIENTE,0,400,,,,,,0,,,0,0
35294,PENDIENTE,0,200,,,,,,0,,,0,0
35295,PENDIENTE,0,200,,,,,,0,,,0,0
35296,PENDIENTE,0,200,,,,,,0,,,0,0
35297,PENDIENTE,0,200,,,,,,0,,,0,0
35298,PENDIENTE,0,200,,,,,,0,,,0,0
35299,PENDIENTE,0,200,,,,,,0,,,0,0
35300,PENDIENTE,0,200,,,,,,0,,,0,0
35301,PENDIENTE,0,400,,,,,,0,,,0,0
35302,PENDIENTE,0,400,,,,,,0,,,0,0
35303,PENDIENTE,0,200,,,,,,0,,,0,0
35304,PENDIENTE,0,200,,,,,,0,,,0,0
35305,PENDIENTE,0,200,,,,,,0,,,0,0
35306,PENDIENTE,0,200,,,,,,0,,,0,0
35307,PENDIENTE,0,200,,,,,,0,,,0,0
35308,PENDIENTE,0,200,,,,,,0,,,0,0
35309,PENDIENTE,0,200,,,,,,0,,,0,0
35310,PENDIENTE,0,400,,,,,,0,,,0,0
35311,PENDIENTE,0,400,,,,,,0,,,0,0
35312,PENDIENTE,0,200,,,,,,0,,,0,0
35313,PENDIENTE,0,200,,,,,,0,,,0,0
35314,PENDIENTE,0,200,,,,,,0,,,0,0
35315,PENDIENTE,0,200,,,,,,0,,,0,0
35316,PENDIENTE,0,200,,,,,,0,,,0,0
35317,PENDIENTE,0,200,,,,,,0,,,0,0
35318,PENDIENTE,0,200,,,,,,0,,,0,0
35319,PENDIENTE,0,400,,,,,,0,,,0,0
35320,PENDIENTE,0,400,,,,,,0,,,0,0
35321,PENDIENTE,0,200,,,,,,0,,,0,0
35322,PENDIENTE,0,200,,,,,,0,,,0,0
35323,PENDIENTE,0,200,,,,,,0,,,0,0
35324,PENDIENTE,0,200,,,,,,0,,,0,0
35325,PENDIENTE,0,200,,,,,,0,,,0,0
35326,PENDIENTE,0,200,,,,,,0,,,0,0
35327,PENDIENTE,0,200,,,,,,0,,,0,0
35328,PENDIENTE,0,400,,,,,,0,,,0,0
35329,PENDIENTE,0,400,,,,,,0,,,0,0
35330,PENDIENTE,0,200,,,,,,0,,,0,0
35331,PENDIENTE,0,200,,,,,,0,,,0,0
35332,PENDIENTE,0,200,,,,,,0,,,0,0
35333,PENDIENTE,0,200,,,,,,0,,,0,0
35334,PENDIENTE,0,200,,,,,,0,,,0,0
35335,PENDIENTE,0,200,,,,,,0,,,0,0
35336,PENDIENTE,0,200,,,,,,0,,,0,0
35337,PENDIENTE,0,400,,,,,,0,,,0,0
35338,PENDIENTE,0,400,,,,,,0,,,0,0
35339,PENDIENTE,0,22,,,,,,0,,,0,0
35340,LISTO,44,0,"[""PLACA 2700*1570 C20""]",[2],[2],[0],,2,,luis alfaro,0,0
35341,PENDIENTE,0,44,,,,,,0,,,0,0
35342,LISTO,22,0,"[""PLACA 2330*1070 D98""]",[108],[108],[0],,6,,luis alfaro,0,0
35343,PENDIENTE,0,22,,,,,,0,,,0,0
35344,PENDIENTE,0,22,,,,,,0,,,0,0
35345,PENDIENTE,0,22,,,,,,0,,,0,0
35346,LISTO,22,0,[],[],[],[],,5,,luis alfaro,0,0
35347,PENDIENTE,0,22,,,,,,0,,,0,0
35348,PENDIENTE,0,22,,,,,,0,,,0,0
35349,PENDIENTE,0,22,,,,,,0,,,0,0
35350,PENDIENTE,0,800,,,,,,0,,,0,0
35351,PENDIENTE,0,800,,,,,,0,,,0,0
35352,PENDIENTE,0,800,,,,,,0,,,0,0
35353,PENDIENTE,0,5000,,,,,,0,,,0,0
35354,PENDIENTE,0,5000,,,,,,0,,,0,0
35355,PENDIENTE,0,5000,,,,,,0,,,0,0
35356,PENDIENTE,0,5000,,,,,,0,,,0,0
35357,PENDIENTE,0,5000,,,,,,0,,,0,0
35358,PENDIENTE,0,5000,,,,,,0,,,0,0
35359,PENDIENTE,0,5000,,,,,,0,,,0,0
35360,PENDIENTE,0,5000,,,,,,0,,,0,0
35361,PENDIENTE,0,5000,,,,,,0,,,0,0
35362,PENDIENTE,0,5000,,,,,,0,,,0,0
35363,PENDIENTE,0,5000,,,,,,0,,,0,0
35364,PENDIENTE,0,5000,,,,,,0,,,0,0
35365,PENDIENTE,0,184,,,,,,0,,,0,0
35366,LISTO,368,0,"[""PLACA 2200*2145 D92""]",[184],[184],[0],,2,,luis alfaro,0,0
35367,PENDIENTE,0,184,,,,,,0,,,0,0
35368,PENDIENTE,0,184,,,,,,0,,,0,0
35369,PENDIENTE,0,184,,,,,,0,,,0,0
35370,PENDIENTE,0,184,,,,,,0,,,0,0
35371,PENDIENTE,0,184,,,,,,0,,,0,0
35372,LISTO,138,0,[],[],[],[],,5,,luis alfaro,0,0
35373,PENDIENTE,0,138,,,,,,0,,,0,0
35374,PENDIENTE,0,138,,,,,,0,,,0,0
35375,PENDIENTE,0,138,,,,,,0,,,0,0
35376,PENDIENTE,0,138,,,,,,0,,,0,0
35377,PENDIENTE,0,138,,,,,,0,,,0,0
35378,LISTO,138,0,[],[],[],[],,5,,luis alfaro,0,0
35379,PENDIENTE,0,138,,,,,,0,,,0,0
35380,PENDIENTE,0,184,,,,,,0,,,0,0
35381,PENDIENTE,0,184,,,,,,0,,,0,0
35382,PENDIENTE,0,184,,,,,,0,,,0,0
35383,PENDIENTE,0,184,,,,,,0,,,0,0
35384,PENDIENTE,0,184,,,,,,0,,,0,0
35385,PENDIENTE,0,184,,,,,,0,,,0,0
35386,PENDIENTE,0,184,,,,,,0,,,0,0
35387,PENDIENTE,0,138,,,,,,0,,,0,0
35388,PENDIENTE,0,138,,,,,,0,,,0,0
35389,PENDIENTE,0,138,,,,,,0,,,0,0
35390,PENDIENTE,0,138,,,,,,0,,,0,0
35391,PENDIENTE,0,138,,,,,,0,,,0,0
35392,PENDIENTE,0,138,,,,,,0,,,0,0
35393,PENDIENTE,0,138,,,,,,0,,,0,0
35394,PENDIENTE,0,138,,,,,,0,,,0,0
35395,PENDIENTE,0,138,,,,,,0,,,0,0
35396,PENDIENTE,0,322,,,,,,0,,,0,0
35397,PENDIENTE,0,322,,,,,,0,,,0,0
35398,PENDIENTE,0,322,,,,,,0,,,0,0
35399,PENDIENTE,0,322,,,,,,0,,,0,0
35400,PENDIENTE,0,322,,,,,,0,,,0,0
35401,PENDIENTE,0,322,,,,,,0,,,0,0
35402,PENDIENTE,0,322,,,,,,0,,,0,0
35403,PENDIENTE,0,322,,,,,,0,,,0,0
35404,PENDIENTE,0,322,,,,,,0,,,0,0
35405,PENDIENTE,0,322,,,,,,0,,,0,0
35406,PENDIENTE,0,40,,,,,,0,,,0,0
35407,PENDIENTE,0,40,,,,,,0,,,0,0
35408,PENDIENTE,0,40,,,,,,0,,,0,0
35409,PENDIENTE,0,40,,,,,,0,,,0,0
35410,PENDIENTE,0,40,,,,,,0,,,0,0
35411,PENDIENTE,0,40,,,,,,0,,,0,0
35412,PENDIENTE,0,40,,,,,,0,,,0,0
35413,PENDIENTE,0,40,,,,,,0,,,0,0
35414,PENDIENTE,0,80,,,,,,0,,,0,0
35415,PENDIENTE,0,80,,,,,,0,,,0,0
35416,PENDIENTE,0,44,,,,,,0,,,0,0
35417,PENDIENTE,0,44,,,,,,0,,,0,0
35418,PENDIENTE,0,44,,,,,,0,,,0,0
35419,PENDIENTE,0,44,,,,,,0,,,0,0
35420,PENDIENTE,0,44,,,,,,0,,,0,0
35421,LISTO,44,0,"[""PLACA 2700*1570 C20""]",[24],[24],[0],,2,,luis alfaro,0,0
35422,LISTO,44,0,[],[],[],[],,1,,leoncio arteaga,0,0
35423,PENDIENTE,0,40,,,,,,0,,,0,0
35424,PENDIENTE,0,250,,,,,,0,,,0,0
35425,LISTO,250,0,"[""PLACA 1100*780 09B""]",[350],[350],[0],,2,,marco ordenes,0,0
35426,PENDIENTE,0,250,,,,,,0,,,0,0
35427,PENDIENTE,0,250,,,,,,0,,,0,0
35428,PENDIENTE,0,250,,,,,,0,,,0,0
35429,PENDIENTE,0,5000,,,,,,0,,,0,0
35430,PENDIENTE,0,5000,,,,,,0,,,0,0
35431,PENDIENTE,0,5000,,,,,,0,,,0,0
35432,PENDIENTE,0,40,,,,,,0,,,0,0
35433,PENDIENTE,0,40,,,,,,0,,,0,0
35434,PENDIENTE,0,40,,,,,,0,,,0,0
35435,PENDIENTE,0,40,,,,,,0,,,0,0
35436,PENDIENTE,0,40,,,,,,0,,,0,0
35437,PENDIENTE,0,40,,,,,,0,,,0,0
35438,PENDIENTE,0,40,,,,,,0,,,0,0
35439,PENDIENTE,0,40,,,,,,0,,,0,0
35440,PENDIENTE,0,40,,,,,,0,,,0,0
35441,PENDIENTE,0,80,,,,,,0,,,0,0
35442,PENDIENTE,0,80,,,,,,0,,,0,0
35443,PENDIENTE,0,2000,,,,,,0,,,0,0
35444,PENDIENTE,0,2000,,,,,,0,,,0,0
35445,PENDIENTE,0,2000,,,,,,0,,,0,0
35446,PENDIENTE,0,2000,,,,,,0,,,0,0
35447,PENDIENTE,0,150,,,,,,0,,,0,0
35448,PENDIENTE,0,150,,,,,,0,,,0,0
35449,PENDIENTE,0,150,,,,,,0,,,0,0
35450,PENDIENTE,0,150,,,,,,0,,,0,0
35451,PENDIENTE,0,150,,,,,,0,,,0,0
35452,PENDIENTE,0,150,,,,,,0,,,0,0
35453,PENDIENTE,0,150,,,,,,0,,,0,0
35454,PENDIENTE,0,75,,,,,,0,,,0,0
35455,PENDIENTE,0,75,,,,,,0,,,0,0
35456,PENDIENTE,0,75,,,,,,0,,,0,0
35457,PENDIENTE,0,200,,,,,,0,,,0,0
35458,PENDIENTE,0,200,,,,,,0,,,0,0
35459,PENDIENTE,0,200,,,,,,0,,,0,0
35460,PENDIENTE,0,2000,,,,,,0,,,0,0
35461,PENDIENTE,0,2000,,,,,,0,,,0,0
35462,PENDIENTE,0,2000,,,,,,0,,,0,0
35463,PENDIENTE,0,2000,,,,,,0,,,0,0
35464,PENDIENTE,0,3600,,,,,,0,,,0,0
35465,PENDIENTE,0,3600,,,,,,0,,,0,0
35466,PENDIENTE,0,1000,,,,,,0,,,0,0
35467,PENDIENTE,0,1000,,,,,,0,,,0,0
35468,PENDIENTE,0,1000,,,,,,0,,,0,0
35469,PENDIENTE,0,300,,,,,,0,,,0,0
35470,PENDIENTE,0,300,,,,,,0,,,0,0
35471,PENDIENTE,0,300,,,,,,0,,,0,0
35472,PENDIENTE,0,8,,,,,,0,,,0,0
35473,PENDIENTE,0,8,,,,,,0,,,0,0
35474,PENDIENTE,0,8,,,,,,0,,,0,0
35475,PENDIENTE,0,8,,,,,,0,,,0,0
35476,PENDIENTE,0,8,,,,,,0,,,0,0
35477,PENDIENTE,0,20,,,,,,0,,,0,0
35478,PENDIENTE,0,20,,,,,,0,,,0,0
35479,PENDIENTE,0,20,,,,,,0,,,0,0
35480,PENDIENTE,0,20,,,,,,0,,,0,0
35481,PENDIENTE,0,20,,,,,,0,,,0,0
35482,PENDIENTE,0,20,,,,,,0,,,0,0
35483,PENDIENTE,0,20,,,,,,0,,,0,0
35484,PENDIENTE,0,20,,,,,,0,,,0,0
35485,PENDIENTE,0,20,,,,,,0,,,0,0
35486,PENDIENTE,0,20,,,,,,0,,,0,0
35487,PENDIENTE,0,20,,,,,,0,,,0,0
35488,PENDIENTE,0,350,,,,,,0,,,0,0
35489,PENDIENTE,0,350,,,,,,0,,,0,0
35490,PENDIENTE,0,350,,,,,,0,,,0,0
35491,PENDIENTE,0,350,,,,,,0,,,0,0
35492,PENDIENTE,0,350,,,,,,0,,,0,0
35493,PENDIENTE,0,350,,,,,,0,,,0,0
35494,PENDIENTE,0,350,,,,,,0,,,0,0
35495,PENDIENTE,0,350,,,,,,0,,,0,0
35496,PENDIENTE,0,350,,,,,,0,,,0,0
35497,PENDIENTE,0,350,,,,,,0,,,0,0
35498,PENDIENTE,0,350,,,,,,0,,,0,0
35499,PENDIENTE,0,350,,,,,,0,,,0,0
