NOTA_VENTA,PRODUCTO,DESCRIPCION,PROCESO,ESTADO
13301,CAJ155004100540D92,"CAJA 1550*410*540 D92 NO.",CALADO,PENDIENTE
13301,CAJ155004100540D92,"CAJA 1550*410*540 D92 NO.",TROZADO,PENDIENTE
13301,CAJ155004100540D92,"CAJA 1550*410*540 D92 NO.",OTRO,PENDIENTE
13301,CAJ155004100540D92,"CAJA 1550*410*540 D92 NO.",CALADO,PENDIENTE
13301,CAJ155004100540D92,"CAJA 1550*410*540 D92 NO.",OTRO,PENDIENTE
13301,CAJ155004100540D92,"CAJA 1550*410*540 D92 NO.",PEGADO,PENDIENTE
13301,CAJ155004100540D92,"CAJA 1550*410*540 D92 NO.",PLIZADO,PENDIENTE
13301,CUB05000400003010C,"CUBIERTA CABEZAL 500*400*30 10C C1",TROZADO,PENDIENTE
13301,CUB05000400003010C,"CUBIERTA CABEZAL 500*400*30 10C C1",EMPLACADO,PENDIENTE
13301,CUB05000400003010C,"CUBIERTA CABEZAL 500*400*30 10C C1",OTRO,PENDIENTE
13301,CUB05000400003010C,"CUBIERTA CABEZAL 500*400*30 10C C1",OTRO,PENDIENTE
13301,CUB05000400003010C,"CUBIERTA CABEZAL 500*400*30 10C C1",OTRO,PENDIENTE
13301,CUB08000200010010C,"CUBIERTA SUPLE 800*200*100 10C C1",OTRO,PENDIENTE
13301,CUB08000200010010C,"CUBIERTA SUPLE 800*200*100 10C C1",OTRO,PENDIENTE
13301,CUB08000200010010C,"CUBIERTA SUPLE 800*200*100 10C C1",EMPLACADO,PENDIENTE
13301,CUB08000200010010C,"CUBIERTA SUPLE 800*200*100 10C C1",TROZADO,PENDIENTE
13301,CUB08000200010010C,"CUBIERTA SUPLE 800*200*100 10C C1",OTRO,PENDIENTE
13301,CUB14500500007010C,"CUBIERTA LATERAL 1450*500*70 10C C1",EMPLACADO,PENDIENTE
13301,CUB14500500007010C,"CUBIERTA LATERAL 1450*500*70 10C C1",TROZADO,PENDIENTE
13301,CUB14500500007010C,"CUBIERTA LATERAL 1450*500*70 10C C1",OTRO,PENDIENTE
13301,CUB14500500007010C,"CUBIERTA LATERAL 1450*500*70 10C C1",OTRO,PENDIENTE
13301,CUB14500500007010C,"CUBIERTA LATERAL 1450*500*70 10C C1",OTRO,PENDIENTE
13301,CUB15000260010010C,"CUBIERTA SUPERIOR 1500*260*100 10C C1",OTRO,PENDIENTE
13301,CUB15000260010010C,"CUBIERTA SUPERIOR 1500*260*100 10C C1",OTRO,PENDIENTE
13301,CUB15000260010010C,"CUBIERTA SUPERIOR 1500*260*100 10C C1",EMPLACADO,PENDIENTE
13301,CUB15000260010010C,"CUBIERTA SUPERIOR 1500*260*100 10C C1",TROZADO,PENDIENTE
13301,CUB15000260010010C,"CUBIERTA SUPERIOR 1500*260*100 10C C1",OTRO,PENDIENTE
13301,CUB15300400003010C,"CUBIERTA BASE 1530*400*30 10C C1",EMPLACADO,PENDIENTE
13301,CUB15300400003010C,"CUBIERTA BASE 1530*400*30 10C C1",TROZADO,PENDIENTE
13301,CUB15300400003010C,"CUBIERTA BASE 1530*400*30 10C C1",OTRO,PENDIENTE
13301,CUB15300400003010C,"CUBIERTA BASE 1530*400*30 10C C1",OTRO,PENDIENTE
13301,CUB15300400003010C,"CUBIERTA BASE 1530*400*30 10C C1",OTRO,PENDIENTE
13301,SEP020019050003C20,"SUPLE TRIANGULO 200*1905  C20 SEP 3 PLIZ.",OTRO,PENDIENTE
13301,SEP020019050003C20,"SUPLE TRIANGULO 200*1905  C20 SEP 3 PLIZ.",TROZADO,PENDIENTE
13301,SEP020019050003C20,"SUPLE TRIANGULO 200*1905  C20 SEP 3 PLIZ.",OTRO,PENDIENTE
13301,SEP020019050003C20,"SUPLE TRIANGULO 200*1905  C20 SEP 3 PLIZ.",PLIZADO,PENDIENTE
13301,SEP050004000007D92,"SEPARADOR 500*400*7  D92 SEP",TROZADO,PENDIENTE
13301,SEP050004000007D92,"SEPARADOR 500*400*7  D92 SEP",OTRO,PENDIENTE
13301,SEP050004000007D92,"SEPARADOR 500*400*7  D92 SEP",OTRO,PENDIENTE
13302,CAJ155004100540D92,"CAJA 1550*410*540 D92 NO.",CALADO,PENDIENTE
13302,CAJ155004100540D92,"CAJA 1550*410*540 D92 NO.",OTRO,PENDIENTE
13302,CAJ155004100540D92,"CAJA 1550*410*540 D92 NO.",TROZADO,PENDIENTE
13302,CAJ155004100540D92,"CAJA 1550*410*540 D92 NO.",OTRO,PENDIENTE
13302,CAJ155004100540D92,"CAJA 1550*410*540 D92 NO.",CALADO,PENDIENTE
13302,CAJ155004100540D92,"CAJA 1550*410*540 D92 NO.",PEGADO,PENDIENTE
13302,CAJ155004100540D92,"CAJA 1550*410*540 D92 NO.",PLIZADO,PENDIENTE
13302,CUB05000400003010C,"CUBIERTA CABEZAL 500*400*30 10C C1",TROZADO,PENDIENTE
13302,CUB05000400003010C,"CUBIERTA CABEZAL 500*400*30 10C C1",EMPLACADO,PENDIENTE
13302,CUB05000400003010C,"CUBIERTA CABEZAL 500*400*30 10C C1",OTRO,PENDIENTE
13302,CUB05000400003010C,"CUBIERTA CABEZAL 500*400*30 10C C1",OTRO,PENDIENTE
13302,CUB05000400003010C,"CUBIERTA CABEZAL 500*400*30 10C C1",OTRO,PENDIENTE
13302,CUB08000200010010C,"CUBIERTA SUPLE 800*200*100 10C C1",OTRO,PENDIENTE
13302,CUB08000200010010C,"CUBIERTA SUPLE 800*200*100 10C C1",OTRO,PENDIENTE
13302,CUB08000200010010C,"CUBIERTA SUPLE 800*200*100 10C C1",EMPLACADO,PENDIENTE
13302,CUB08000200010010C,"CUBIERTA SUPLE 800*200*100 10C C1",TROZADO,PENDIENTE
13302,CUB08000200010010C,"CUBIERTA SUPLE 800*200*100 10C C1",OTRO,PENDIENTE
13302,CUB14500500007010C,"CUBIERTA LATERAL 1450*500*70 10C C1",EMPLACADO,PENDIENTE
13302,CUB14500500007010C,"CUBIERTA LATERAL 1450*500*70 10C C1",TROZADO,PENDIENTE
13302,CUB14500500007010C,"CUBIERTA LATERAL 1450*500*70 10C C1",OTRO,PENDIENTE
13302,CUB14500500007010C,"CUBIERTA LATERAL 1450*500*70 10C C1",OTRO,PENDIENTE
13302,CUB14500500007010C,"CUBIERTA LATERAL 1450*500*70 10C C1",OTRO,PENDIENTE
13302,CUB15000260010010C,"CUBIERTA SUPERIOR 1500*260*100 10C C1",OTRO,PENDIENTE
13302,CUB15000260010010C,"CUBIERTA SUPERIOR 1500*260*100 10C C1",OTRO,PENDIENTE
13302,CUB15000260010010C,"CUBIERTA SUPERIOR 1500*260*100 10C C1",EMPLACADO,PENDIENTE
13302,CUB15000260010010C,"CUBIERTA SUPERIOR 1500*260*100 10C C1",TROZADO,PENDIENTE
13302,CUB15000260010010C,"CUBIERTA SUPERIOR 1500*260*100 10C C1",OTRO,PENDIENTE
13302,CUB15300400003010C,"CUBIERTA BASE 1530*400*30 10C C1",EMPLACADO,PENDIENTE
13302,CUB15300400003010C,"CUBIERTA BASE 1530*400*30 10C C1",TROZADO,PENDIENTE
13302,CUB15300400003010C,"CUBIERTA BASE 1530*400*30 10C C1",OTRO,PENDIENTE
13302,CUB15300400003010C,"CUBIERTA BASE 1530*400*30 10C C1",OTRO,PENDIENTE
13302,CUB15300400003010C,"CUBIERTA BASE 1530*400*30 10C C1",OTRO,PENDIENTE
13302,SEP020019050003C20,"SUPLE TRIANGULO 200*1905  C20 SEP 3 PLIZ.",OTRO,PENDIENTE
13302,SEP020019050003C20,"SUPLE TRIANGULO 200*1905  C20 SEP 3 PLIZ.",TROZADO,PENDIENTE
13302,SEP020019050003C20,"SUPLE TRIANGULO 200*1905  C20 SEP 3 PLIZ.",OTRO,PENDIENTE
13302,SEP020019050003C20,"SUPLE TRIANGULO 200*1905  C20 SEP 3 PLIZ.",PLIZADO,PENDIENTE
13302,SEP050004000007D92,"SEPARADOR 500*400*7  D92 SEP",TROZADO,PENDIENTE
13302,SEP050004000007D92,"SEPARADOR 500*400*7  D92 SEP",OTRO,PENDIENTE
13302,SEP050004000007D92,"SEPARADOR 500*400*7  D92 SEP",OTRO,PENDIENTE
13478,REL1100002137.509B,"RELLENO 110C21 37.5 09B CELDA 291",OTRO,PENDIENTE
13478,REL1100002137.509B,"RELLENO 110C21 37.5 09B CELDA 291",ENCOLADO,PENDIENTE
13478,REL1100002137.509B,"RELLENO 110C21 37.5 09B CELDA 291",MULTIPLE,PENDIENTE
13623,CAJ060006000600C20,"CAJA 600*600*600 C20 NO",CALADO,PENDIENTE
13623,CAJ060006000600C20,"CAJA 600*600*600 C20 NO",PEGADO,PENDIENTE
13623,CAJ060006000600C20,"CAJA 600*600*600 C20 NO",TROZADO,PENDIENTE
13623,CAJ060006000600C20,"CAJA 600*600*600 C20 NO",OTRO,PENDIENTE
13623,CAJ060006000600C20,"CAJA 600*600*600 C20 NO",PLIZADO,PENDIENTE
13623,CAJ060006000600C20,"CAJA 600*600*600 C20 NO",PLIZADO,PENDIENTE
13623,CAJ195005000720C20,"CAJA 1950*500*720 C20 TR.",CALADO,PENDIENTE
13623,CAJ195005000720C20,"CAJA 1950*500*720 C20 TR.",PEGADO,PENDIENTE
13623,CAJ195005000720C20,"CAJA 1950*500*720 C20 TR.",TROZADO,PENDIENTE
13623,CAJ195005000720C20,"CAJA 1950*500*720 C20 TR.",OTRO,PENDIENTE
13623,CAJ195005000720C20,"CAJA 1950*500*720 C20 TR.",PLIZADO,PENDIENTE
13670,EMP093009301025D99,"BIN 465*465*465*1025 D99 O3 OCTO1000.",TROZADO,PENDIENTE
13670,EMP093009301025D99,"BIN 465*465*465*1025 D99 O3 OCTO1000.",OTRO,PENDIENTE
13670,EMP093009301025D99,"BIN 465*465*465*1025 D99 O3 OCTO1000.",OTRO,PENDIENTE
13670,EMP093009301025D99,"BIN 465*465*465*1025 D99 O3 OCTO1000.",OTRO,PENDIENTE
13670,EMP093009301025D99,"BIN 465*465*465*1025 D99 O3 OCTO1000.",TROZADO,PENDIENTE
13670,EMP093009301025D99,"BIN 465*465*465*1025 D99 O3 OCTO1000.",OTRO,PENDIENTE
13670,EMP093009301025D99,"BIN 465*465*465*1025 D99 O3 OCTO1000.",EMPLACADO,PENDIENTE
13670,EMP093009301025D99,"BIN 465*465*465*1025 D99 O3 OCTO1000.",PEGADO,PENDIENTE
13670,EMP093009301025D99,"BIN 465*465*465*1025 D99 O3 OCTO1000.",IMPRESION,PENDIENTE
13723,CAJ076506420235C20,"TAPA 765*642*235 C20 FO.",CALADO,PENDIENTE
13723,CAJ076506420235C20,"TAPA 765*642*235 C20 FO.",OTRO,PENDIENTE
13723,CAJ076506420235C20,"TAPA 765*642*235 C20 FO.",PLIZADO,PENDIENTE
13723,CAJ076506420235C20,"TAPA 765*642*235 C20 FO.",CALADO,PENDIENTE
13740,TER023002300050TUB,"FUNDA 230*230*50 POLIETILENO",OTRO,PENDIENTE
13740,TER215021500006BOL,"BOLSA CON 2 VALVULAS DE 2 PULG.",OTRO,PENDIENTE
13740,TRO141513150120C30,"FONDO 445*445*120 C30 TRO OCTO1000",OTRO,PENDIENTE
13740,TRO141513150120C30,"FONDO 445*445*120 C30 TRO OCTO1000",TROZADO,PENDIENTE
13740,TRO141513150120C30,"FONDO 445*445*120 C30 TRO OCTO1000",TROQUELADO,PENDIENTE
13844,TRO179007300005DBE,"CAJA 470*385*130 DBE TRO.",PEGADO,LISTA
13844,TRO179007300005DBE,"CAJA 470*385*130 DBE TRO.",IMPRESION,LISTA
13844,TRO179007300005DBE,"CAJA 470*385*130 DBE TRO.",TROQUELADO,LISTA
13844,TRO179007300005DBE,"CAJA 470*385*130 DBE TRO.",OTRO,LISTA
13873,REL0950002139.709B,"RELLENO 95C21 39.7 09B CELDA 287",OTRO,LISTA
13874,REL0950002139.709B,"RELLENO 95C21 39.7 09B CELDA 287",ENCOLADO,LISTA
13874,REL0950002139.709B,"RELLENO 95C21 39.7 09B CELDA 287",MULTIPLE,LISTA
13874,REL0950002139.709B,"RELLENO 95C21 39.7 09B CELDA 287",OTRO,LISTA
13875,REL0950002139.709B,"RELLENO 95C21 39.7 09B CELDA 287",ENCOLADO,LISTA
13875,REL0950002139.709B,"RELLENO 95C21 39.7 09B CELDA 287",MULTIPLE,LISTA
13875,REL0950002139.709B,"RELLENO 95C21 39.7 09B CELDA 287",OTRO,LISTA
13902,REL09500021002809B,"RELLENO 95C21 28.0 09B CELDA 287",OTRO,LISTA
13903,REL09500021002809B,"RELLENO 95C21 28.0 09B CELDA 287",ENCOLADO,LISTA
13903,REL09500021002809B,"RELLENO 95C21 28.0 09B CELDA 287",MULTIPLE,LISTA
13903,REL09500021002809B,"RELLENO 95C21 28.0 09B CELDA 287",OTRO,LISTA
13920,REL1100002337.509B,"RELLENO 110C23 37.5 09B CELDA 291",MULTIPLE,LISTA
13920,REL1100002337.509B,"RELLENO 110C23 37.5 09B CELDA 291",OTRO,LISTA
13920,REL1100002337.509B,"RELLENO 110C23 37.5 09B CELDA 291",ENCOLADO,LISTA
13945,TRO137605520003C20,"CAJA 364*284*258 C30 TRO.",OTRO,LISTA
13946,TRO137605520003C20,"CAJA 364*284*258 C30 TRO.",PEGADO,LISTA
13946,TRO137605520003C20,"CAJA 364*284*258 C30 TRO.",TROZADO,LISTA
13946,TRO137605520003C20,"CAJA 364*284*258 C30 TRO.",OTRO,LISTA
13946,TRO137605520003C20,"CAJA 364*284*258 C30 TRO.",IMPRESION,LISTA
13946,TRO137605520003C20,"CAJA 364*284*258 C30 TRO.",TROQUELADO,LISTA
13951,REL0950001837.509B,"RELLENO 95C18 37,5 09B CELDA 287.",OTRO,LISTA
13959,REL0950002139.509B,"RELLENO 95C21 39.5 09B CELDA 287",OTRO,LISTA
13960,REL0950002139.509B,"RELLENO 95C21 39.5 09B CELDA 287",ENCOLADO,LISTA
13960,REL0950002139.509B,"RELLENO 95C21 39.5 09B CELDA 287",MULTIPLE,LISTA
13960,REL0950002139.509B,"RELLENO 95C21 39.5 09B CELDA 287",OTRO,LISTA
13964,REL1100002537.509B,"RELLENO 110C25 37.5 09B CELDA 249",OTRO,LISTA
13965,CAJ039503600325D92,"CAJA 395*360*325 D92 NO.",OTRO,LISTA
13966,EMP093009301025D99,"BIN 465*465*465*1025 D99 O3 OCTO1000.",EMPLACADO,LISTA
13966,EMP093009301025D99,"BIN 465*465*465*1025 D99 O3 OCTO1000.",PEGADO,LISTA
13966,EMP093009301025D99,"BIN 465*465*465*1025 D99 O3 OCTO1000.",IMPRESION,LISTA
13966,TRO047004700201C32,"TAPA 470*470*200 C32 TRO OCTO",OTRO,LISTA
13966,TRO141513150120C30,"FONDO 445*445*120 C30 TRO OCTO1000",TROZADO,LISTA
13966,TRO141513150120C30,"FONDO 445*445*120 C30 TRO OCTO1000",TROQUELADO,LISTA
13967,EMP094009401001D92,"BIN 940*940*1000 D92 B2",OTRO,LISTA
13967,EMP094009401001D92,"BIN 940*940*1000 D92 B2",PEGADO,LISTA
13968,SEP120012000003C20,"SEPARADOR 1200*1200 C20 SEP",TROZADO,PENDIENTE
13968,SEP120012000003C20,"SEPARADOR 1200*1200 C20 SEP",OTRO,PENDIENTE
13968,SEP120012000003C20,"SEPARADOR 1200*1200 C20 SEP",OTRO,PENDIENTE
13970,REL1100002528.509B,"RELLENO 110C25 28.5 09B CELDA 249",OTRO,LISTA
13970,REL1100002528.509B,"RELLENO 110C25 28.5 09B CELDA 249",ENCOLADO,LISTA
13970,REL1100002528.509B,"RELLENO 110C25 28.5 09B CELDA 249",MULTIPLE,LISTA
13971,REL1100002537.509B,"RELLENO 110C25 37.5 09B CELDA 249",OTRO,LISTA
13971,REL1100002537.509B,"RELLENO 110C25 37.5 09B CELDA 249",ENCOLADO,LISTA
13971,REL1100002537.509B,"RELLENO 110C25 37.5 09B CELDA 249",MULTIPLE,LISTA
13972,CAJ165004000300D92,"CAJA 1650*400*300 D92 ST.",OTRO,LISTA
13973,REL0470000639,509B,"RELLENO 47C6 39,5 09B CELDA 274",MULTIPLE,LISTA
13973,REL0470000639,509B,"RELLENO 47C6 39,5 09B CELDA 274",TROZADO,LISTA
13973,REL0470000639,509B,"RELLENO 47C6 39,5 09B CELDA 274",OTRO,LISTA
13973,REL0470000639,509B,"RELLENO 47C6 39,5 09B CELDA 274",ENCOLADO,LISTA
13974,CAJ055004000200C20,"CAJA 550*400*200 C20 NO.",PLIZADO,LISTA
13974,CAJ055004000200C20,"CAJA 550*400*200 C20 NO.",CALADO,LISTA
13974,CAJ055004000200C20,"CAJA 550*400*200 C20 NO.",PEGADO,LISTA
13974,CAJ055004000200C20,"CAJA 550*400*200 C20 NO.",TROZADO,LISTA
13974,CAJ055004000200C20,"CAJA 550*400*200 C20 NO.",OTRO,LISTA
13974,CAJ055004000200C20,"CAJA 550*400*200 C20 NO.",IMPRESION,LISTA
13975,CAJ114004700515C20,"CAJA 1140*470*515 C20 TN EMB 4C",CALADO,LISTA
13975,CAJ114004700515C20,"CAJA 1140*470*515 C20 TN EMB 4C",IMPRESION,LISTA
13975,CAJ114004700515C20,"CAJA 1140*470*515 C20 TN EMB 4C",PLIZADO,LISTA
13975,EMP110004300510D92,"PERIMETRAL 1100*430*510 D92 B2 EMB 4C",EMPLACADO,LISTA
13975,EMP110004300510D92,"PERIMETRAL 1100*430*510 D92 B2 EMB 4C",TROZADO,LISTA
13975,EMP110004300510D92,"PERIMETRAL 1100*430*510 D92 B2 EMB 4C",OTRO,LISTA
13975,EMP110004300510D92,"PERIMETRAL 1100*430*510 D92 B2 EMB 4C",PEGADO,LISTA
13976,REL1100002537.509B,"RELLENO 110C25 37.5 09B CELDA 249",OTRO,LISTA
13977,REL1100002537.509B,"RELLENO 110C25 37.5 09B CELDA 249",OTRO,LISTA
13977,REL1100002537.509B,"RELLENO 110C25 37.5 09B CELDA 249",ENCOLADO,LISTA
13977,REL1100002537.509B,"RELLENO 110C25 37.5 09B CELDA 249",MULTIPLE,LISTA
13978,CUB10400185004009B,"CUBIERTA 1040*185*40 09B C1.",OTRO,LISTA
13979,CUB10400320003009B,"CUBIERTA 1040*320*30 09B C1.",EMPLACADO,LISTA
13979,CUB10400320003009B,"CUBIERTA 1040*320*30 09B C1.",TROZADO,LISTA
13979,CUB10400320003009B,"CUBIERTA 1040*320*30 09B C1.",OTRO,LISTA
13980,EMP107009800660D94,"BIN 1070*980*660 D94 B2.",EMPLACADO,LISTA
13980,EMP107009800660D94,"BIN 1070*980*660 D94 B2.",TROZADO,LISTA
13980,EMP107009800660D94,"BIN 1070*980*660 D94 B2.",OTRO,LISTA
13980,EMP107009800660D94,"BIN 1070*980*660 D94 B2.",PEGADO,LISTA
13980,EMP107009800660D94,"BIN 1070*980*660 D94 B2.",IMPRESION,LISTA
13980,TRO154512400004C20,"TAPA 1120*1030*100 C20 AA TRO.",TROQUELADO,LISTA
13981,EMP107009800660D94,"BIN 1070*980*660 D94 B2.",EMPLACADO,LISTA
13981,EMP107009800660D94,"BIN 1070*980*660 D94 B2.",TROZADO,LISTA
13981,EMP107009800660D94,"BIN 1070*980*660 D94 B2.",OTRO,LISTA
13981,EMP107009800660D94,"BIN 1070*980*660 D94 B2.",PEGADO,LISTA
13981,EMP107009800660D94,"BIN 1070*980*660 D94 B2.",IMPRESION,LISTA
13981,TRO154512400004C20,"TAPA 1120*1030*100 C20 AA TRO.",TROQUELADO,LISTA
13982,CAJ039503600325D92,"CAJA 395*360*325 D92 NO.",CALADO,LISTA
13982,CAJ039503600325D92,"CAJA 395*360*325 D92 NO.",OTRO,LISTA
13983,CUB09700650010509B,"CUBIERTA 970*650*105 09B C1.",EMPLACADO,LISTA
13983,CUB09700650010509B,"CUBIERTA 970*650*105 09B C1.",OTRO,LISTA
13985,REL0950002139.709B,"RELLENO 95C21 39.7 09B CELDA 287",ENCOLADO,LISTA
13985,REL0950002139.709B,"RELLENO 95C21 39.7 09B CELDA 287",MULTIPLE,LISTA
13985,REL0950002139.709B,"RELLENO 95C21 39.7 09B CELDA 287",OTRO,LISTA
13986,REL0950002137.709B,"RELLENO 95C21 37.7 09B CELDA 287",OTRO,LISTA
13986,REL0950002137.709B,"RELLENO 95C21 37.7 09B CELDA 287",ENCOLADO,LISTA
13986,REL0950002137.709B,"RELLENO 95C21 37.7 09B CELDA 287",MULTIPLE,LISTA
13987,REL0950001839.509B,"RELLENO 95C18 39.5 09B CELDA 287",OTRO,LISTA
13988,REL0950001839.509B,"RELLENO 95C18 39.5 09B CELDA 287",MULTIPLE,LISTA
13988,REL0950001839.509B,"RELLENO 95C18 39.5 09B CELDA 287",OTRO,LISTA
13988,REL0950001839.509B,"RELLENO 95C18 39.5 09B CELDA 287",ENCOLADO,LISTA
13989,REL0950001839.509B,"RELLENO 95C18 39.5 09B CELDA 287",MULTIPLE,LISTA
13989,REL0950001839.509B,"RELLENO 95C18 39.5 09B CELDA 287",OTRO,LISTA
13989,REL0950001839.509B,"RELLENO 95C18 39.5 09B CELDA 287",ENCOLADO,LISTA
13990,CUB09700650010509B,"CUBIERTA 970*650*105 09B C1.",EMPLACADO,LISTA
13990,CUB09700650010509B,"CUBIERTA 970*650*105 09B C1.",TROZADO,LISTA
13990,CUB09700650010509B,"CUBIERTA 970*650*105 09B C1.",OTRO,LISTA
13991,CAJ071006700810D94,"BIN 710*670*810 D94 TU-",PEGADO,LISTA
13991,CAJ072004900820D94,"BIN 720*490*820 D94 TU-",PLIZADO,LISTA
13991,CAJ072004900820D94,"BIN 720*490*820 D94 TU-",TROZADO,LISTA
13991,CAJ072004900820D94,"BIN 720*490*820 D94 TU-",OTRO,LISTA
13991,CAJ074005100105C20,"TAPA 740*510*105 C20 AA BIN 720*490-",CALADO,LISTA
13992,REL1100002537.509B,"RELLENO 110C25 37.5 09B CELDA 249",OTRO,LISTA
13993,REL1100002132.509B,"RELLENO 110C21 32.5 09B CELDA 291",ENCOLADO,LISTA
13993,REL1100002132.509B,"RELLENO 110C21 32.5 09B CELDA 291",MULTIPLE,LISTA
13993,REL1100002132.509B,"RELLENO 110C21 32.5 09B CELDA 291",OTRO,LISTA
13994,REL1100002528.509B,"RELLENO 110C25 28.5 09B CELDA 249",OTRO,LISTA
13994,REL1100002528.509B,"RELLENO 110C25 28.5 09B CELDA 249",ENCOLADO,LISTA
13994,REL1100002528.509B,"RELLENO 110C25 28.5 09B CELDA 249",MULTIPLE,LISTA
13995,REL0950002137.709B,"RELLENO 95C21 37.7 09B CELDA 287",OTRO,LISTA
13995,REL0950002137.709B,"RELLENO 95C21 37.7 09B CELDA 287",ENCOLADO,LISTA
13995,REL0950002137.709B,"RELLENO 95C21 37.7 09B CELDA 287",MULTIPLE,LISTA
13996,EMP093009301025D99,"BIN 465*465*465*1025 D99 O3 OCTO1000.",EMPLACADO,LISTA
13996,TRO047004700201C32,"TAPA 470*470*200 C32 TRO OCTO",OTRO,LISTA
13997,REL0950001839.509B,"RELLENO 95C18 39.5 09B CELDA 287",MULTIPLE,LISTA
13997,REL0950001839.509B,"RELLENO 95C18 39.5 09B CELDA 287",OTRO,LISTA
13997,REL0950001839.509B,"RELLENO 95C18 39.5 09B CELDA 287",ENCOLADO,LISTA
13998,REL0950001837.509B,"RELLENO 95C18 37,5 09B CELDA 287.",MULTIPLE,PENDIENTE
13998,REL0950001837.509B,"RELLENO 95C18 37,5 09B CELDA 287.",OTRO,PENDIENTE
13998,REL0950001837.509B,"RELLENO 95C18 37,5 09B CELDA 287.",ENCOLADO,PENDIENTE
13999,REL1100002528.509B,"RELLENO 110C25 28.5 09B CELDA 249",OTRO,LISTA
13999,REL1100002528.509B,"RELLENO 110C25 28.5 09B CELDA 249",ENCOLADO,LISTA
13999,REL1100002528.509B,"RELLENO 110C25 28.5 09B CELDA 249",MULTIPLE,LISTA
14000,REL1100002532.509B,"RELLENO 110C25 32.5 09B CELDA 249",OTRO,LISTA
14000,REL1100002532.509B,"RELLENO 110C25 32.5 09B CELDA 249",ENCOLADO,LISTA
14000,REL1100002532.509B,"RELLENO 110C25 32.5 09B CELDA 249",MULTIPLE,LISTA
14001,CAJ039503600325D92,"CAJA 395*360*325 D92 NO.",PLIZADO,LISTA
14001,CAJ039503600325D92,"CAJA 395*360*325 D92 NO.",CALADO,LISTA
14001,CAJ039503600325D92,"CAJA 395*360*325 D92 NO.",PEGADO,LISTA
14001,CAJ039503600325D92,"CAJA 395*360*325 D92 NO.",TROZADO,LISTA
14001,CAJ039503600325D92,"CAJA 395*360*325 D92 NO.",OTRO,LISTA
14001,CAJ039503600325D92,"CAJA 395*360*325 D92 NO.",IMPRESION,LISTA
14002,REL11000020003809B,"RELLENO 110C20 A 38.0 09B CELDA 291",MULTIPLE,LISTA
14002,REL11000020003809B,"RELLENO 110C20 A 38.0 09B CELDA 291",OTRO,LISTA
14002,REL11000020003809B,"RELLENO 110C20 A 38.0 09B CELDA 291",ENCOLADO,LISTA
14003,REL0950003232.710E,"RELLENO 95C32 32.7 10E CELDA 201",MULTIPLE,LISTA
14003,REL0950003232.710E,"RELLENO 95C32 32.7 10E CELDA 201",OTRO,LISTA
14003,REL0950003232.710E,"RELLENO 95C32 32.7 10E CELDA 201",ENCOLADO,LISTA
14004,REL0950003237.710E,"RELLENO 95C32 37.7 10E CELDA 201",MULTIPLE,LISTA
14004,REL0950003237.710E,"RELLENO 95C32 37.7 10E CELDA 201",OTRO,LISTA
14004,REL0950003237.710E,"RELLENO 95C32 37.7 10E CELDA 201",ENCOLADO,LISTA
14005,TRO149712980150D92,"TAPA 750*540*320*150 D92 TRO RECTOCTO S/V",TROZADO,LISTA
14005,TRO149712980150D92,"TAPA 750*540*320*150 D92 TRO RECTOCTO S/V",TROQUELADO,LISTA
14006,TRO179007300005DBE,"CAJA 470*385*130 DBE TRO.",PEGADO,LISTA
14006,TRO179007300005DBE,"CAJA 470*385*130 DBE TRO.",IMPRESION,LISTA
14006,TRO179007300005DBE,"CAJA 470*385*130 DBE TRO.",TROQUELADO,LISTA
14006,TRO179007300005DBE,"CAJA 470*385*130 DBE TRO.",OTRO,LISTA
14007,TRO179007300005DBE,"CAJA 470*385*130 DBE TRO.",PEGADO,LISTA
14007,TRO179007300005DBE,"CAJA 470*385*130 DBE TRO.",IMPRESION,LISTA
14007,TRO179007300005DBE,"CAJA 470*385*130 DBE TRO.",TROQUELADO,LISTA
14007,TRO179007300005DBE,"CAJA 470*385*130 DBE TRO.",OTRO,LISTA
14008,CAJ060002500200C20,"CAJA 600*250*200 C20 NO.",CALADO,LISTA
14008,CAJ060002500200C20,"CAJA 600*250*200 C20 NO.",PEGADO,LISTA
14008,CAJ060002500200C20,"CAJA 600*250*200 C20 NO.",TROZADO,LISTA
14008,CAJ060002500200C20,"CAJA 600*250*200 C20 NO.",OTRO,LISTA
14008,CAJ060002500200C20,"CAJA 600*250*200 C20 NO.",IMPRESION,LISTA
14008,CAJ060002500200C20,"CAJA 600*250*200 C20 NO.",PLIZADO,LISTA
14009,CAJ023002300235D92,"CAJA 230*230*235 D92 NO",PLIZADO,LISTA
14009,CAJ023002300235D92,"CAJA 230*230*235 D92 NO",PEGADO,LISTA
14009,CAJ023002300235D92,"CAJA 230*230*235 D92 NO",TROZADO,LISTA
14009,CAJ023002300235D92,"CAJA 230*230*235 D92 NO",OTRO,LISTA
14010,REL0950002137.509B,"RELLENO 95C21 37.5 09B CELDA 287",ENCOLADO,LISTA
14010,REL0950002137.509B,"RELLENO 95C21 37.5 09B CELDA 287",MULTIPLE,LISTA
14010,REL0950002137.509B,"RELLENO 95C21 37.5 09B CELDA 287",OTRO,LISTA
14011,REL1100002538.509B,"RELLENO 110C25 38.5 09B CELDA 249",OTRO,LISTA
14011,REL1100002538.509B,"RELLENO 110C25 38.5 09B CELDA 249",ENCOLADO,LISTA
14011,REL1100002538.509B,"RELLENO 110C25 38.5 09B CELDA 249",MULTIPLE,LISTA
14012,REL1100002529.509B,"RELLENO 110C25 29.5 09B CELDA 249",ENCOLADO,LISTA
14012,REL1100002529.509B,"RELLENO 110C25 29.5 09B CELDA 249",MULTIPLE,LISTA
14012,REL1100002529.509B,"RELLENO 110C25 29.5 09B CELDA 249",OTRO,LISTA
14013,EMP093009301150D98,"BIN 465*465*1150 D98 O3 OCTO 1100",EMPLACADO,LISTA
14013,EMP093009301150D98,"BIN 465*465*1150 D98 O3 OCTO 1100",PEGADO,LISTA
14013,EMP093009301150D98,"BIN 465*465*1150 D98 O3 OCTO 1100",IMPRESION,LISTA
14013,TRO047004700201C32,"TAPA 470*470*200 C32 TRO OCTO",OTRO,LISTA
14013,TRO141513150120C30,"FONDO 445*445*120 C30 TRO OCTO1000",TROZADO,LISTA
14013,TRO141513150120C30,"FONDO 445*445*120 C30 TRO OCTO1000",TROQUELADO,LISTA
14014,EMP093009301150D98,"BIN 465*465*1150 D98 O3 OCTO 1100",EMPLACADO,LISTA
14014,EMP093009301150D98,"BIN 465*465*1150 D98 O3 OCTO 1100",PEGADO,LISTA
14014,EMP093009301150D98,"BIN 465*465*1150 D98 O3 OCTO 1100",IMPRESION,LISTA
14014,EMP093009301150D98,"BIN 465*465*1150 D98 O3 OCTO 1100",TROZADO,LISTA
14014,EMP093009301150D98,"BIN 465*465*1150 D98 O3 OCTO 1100",OTRO,LISTA
14014,TER023002300050TUB,"FUNDA 230*230*50 POLIETILENO",OTRO,LISTA
14014,TER115011500110PLL,"PALLET MADERA 1150*1150*110",OTRO,LISTA
14014,TRO047004700201C32,"TAPA 470*470*200 C32 TRO OCTO",OTRO,LISTA
14014,TRO141513150120C30,"FONDO 445*445*120 C30 TRO OCTO1000",TROZADO,LISTA
14014,TRO141513150120C30,"FONDO 445*445*120 C30 TRO OCTO1000",TROQUELADO,LISTA
14014,TRO141513150120C30,"FONDO 445*445*120 C30 TRO OCTO1000",OTRO,LISTA
14015,TER285021600006BOL,"BOLSA ABIERTA CON 1 VALVULA 2 PULG",OTRO,LISTA
14016,TER285021600006BOL,"BOLSA ABIERTA CON 1 VALVULA 2 PULG",OTRO,LISTA
14017,EMP093009301025D99,"BIN 465*465*465*1025 D99 O3 OCTO1000.",EMPLACADO,LISTA
14017,EMP093009301025D99,"BIN 465*465*465*1025 D99 O3 OCTO1000.",PEGADO,LISTA
14017,EMP093009301025D99,"BIN 465*465*465*1025 D99 O3 OCTO1000.",IMPRESION,LISTA
14017,TRO047004700201C32,"TAPA 470*470*200 C32 TRO OCTO",OTRO,LISTA
14017,TRO141513150120C30,"FONDO 445*445*120 C30 TRO OCTO1000",TROZADO,LISTA
14017,TRO141513150120C30,"FONDO 445*445*120 C30 TRO OCTO1000",TROQUELADO,LISTA
14018,REL1100002136.509B,"RELLENO 110C21 36.5 09B CELDA 291",OTRO,LISTA
14018,REL1100002136.509B,"RELLENO 110C21 36.5 09B CELDA 291",ENCOLADO,LISTA
14018,REL1100002136.509B,"RELLENO 110C21 36.5 09B CELDA 291",MULTIPLE,LISTA
14019,REL1100002528.509B,"RELLENO 110C25 28.5 09B CELDA 249",OTRO,LISTA
14019,REL1100002528.509B,"RELLENO 110C25 28.5 09B CELDA 249",ENCOLADO,LISTA
14019,REL1100002528.509B,"RELLENO 110C25 28.5 09B CELDA 249",MULTIPLE,LISTA
14020,CAJ156011600080C20,"TAPA 1200*1000*80 C20 AA TRO.",TROZADO,LISTA
14020,CAJ156011600080C20,"TAPA 1200*1000*80 C20 AA TRO.",TROQUELADO,LISTA
14020,CAJ156011600080C20,"TAPA 1200*1000*80 C20 AA TRO.",OTRO,LISTA
14020,EMP116009600820D94,"BIN 1160*960*820 D94/C20 B2  BIN 1200*1000",PEGADO,LISTA
14020,EMP116009600820D94,"BIN 1160*960*820 D94/C20 B2  BIN 1200*1000",EMPLACADO,LISTA
14021,REL1100003532.510E,"RELLENO 110C35 32.5 10E CELDA 186",OTRO,LISTA
14021,REL1100003532.510E,"RELLENO 110C35 32.5 10E CELDA 186",MULTIPLE,LISTA
14021,REL1100003532.510E,"RELLENO 110C35 32.5 10E CELDA 186",ENCOLADO,LISTA
14022,REL1100002537.509B,"RELLENO 110C25 37.5 09B CELDA 249",OTRO,LISTA
14022,REL1100002537.509B,"RELLENO 110C25 37.5 09B CELDA 249",ENCOLADO,LISTA
14022,REL1100002537.509B,"RELLENO 110C25 37.5 09B CELDA 249",MULTIPLE,LISTA
14023,REL1100002537.509B,"RELLENO 110C25 37.5 09B CELDA 249",OTRO,LISTA
14023,REL1100002537.509B,"RELLENO 110C25 37.5 09B CELDA 249",ENCOLADO,LISTA
14023,REL1100002537.509B,"RELLENO 110C25 37.5 09B CELDA 249",MULTIPLE,LISTA
14024,REL1100002139.709B,"RELLENO 110C21 A 39.7 09B CELDA 291",ENCOLADO,LISTA
14024,REL1100002139.709B,"RELLENO 110C21 A 39.7 09B CELDA 291",MULTIPLE,LISTA
14024,REL1100002139.709B,"RELLENO 110C21 A 39.7 09B CELDA 291",OTRO,LISTA
14025,CAJ102406420225C20,"TAPA 1024*642*225 C20 FO",PLIZADO,LISTA
14025,CAJ102406420225C20,"TAPA 1024*642*225 C20 FO",CALADO,LISTA
14025,CAJ102406420225C20,"TAPA 1024*642*225 C20 FO",TROZADO,LISTA
14025,CAJ102406420225C20,"TAPA 1024*642*225 C20 FO",OTRO,LISTA
14026,REL1100003539.510E,"RELLENO 110C35 39.5 10E CELDA 186",MULTIPLE,LISTA
14026,REL1100003539.510E,"RELLENO 110C35 39.5 10E CELDA 186",ENCOLADO,LISTA
14026,REL1100003539.510E,"RELLENO 110C35 39.5 10E CELDA 186",OTRO,LISTA
14027,REL0950021029.509B,"RELLENO 95C21 29.5 09B CELDA 287",ENCOLADO,LISTA
14027,REL0950021029.509B,"RELLENO 95C21 29.5 09B CELDA 287",MULTIPLE,LISTA
14027,REL0950021029.509B,"RELLENO 95C21 29.5 09B CELDA 287",OTRO,LISTA
14028,REL0950001839.509B,"RELLENO 95C18 39.5 09B CELDA 287",MULTIPLE,LISTA
14028,REL0950001839.509B,"RELLENO 95C18 39.5 09B CELDA 287",OTRO,LISTA
14028,REL0950001839.509B,"RELLENO 95C18 39.5 09B CELDA 287",ENCOLADO,LISTA
14029,REL0950001839.509B,"RELLENO 95C18 39.5 09B CELDA 287",MULTIPLE,LISTA
14029,REL0950001839.509B,"RELLENO 95C18 39.5 09B CELDA 287",OTRO,LISTA
14029,REL0950001839.509B,"RELLENO 95C18 39.5 09B CELDA 287",ENCOLADO,LISTA
14030,REL0950001839.509B,"RELLENO 95C18 39.5 09B CELDA 287",MULTIPLE,LISTA
14030,REL0950001839.509B,"RELLENO 95C18 39.5 09B CELDA 287",OTRO,LISTA
14030,REL0950001839.509B,"RELLENO 95C18 39.5 09B CELDA 287",ENCOLADO,LISTA
14031,REL0950001839.509B,"RELLENO 95C18 39.5 09B CELDA 287",MULTIPLE,LISTA
14031,REL0950001839.509B,"RELLENO 95C18 39.5 09B CELDA 287",OTRO,LISTA
14031,REL0950001839.509B,"RELLENO 95C18 39.5 09B CELDA 287",ENCOLADO,LISTA
14032,CAJ192002901250D92,"CAJA 1920*290*1250 D92 TR.",CALADO,LISTA
14032,CAJ192002901250D92,"CAJA 1920*290*1250 D92 TR.",PEGADO,LISTA
14032,CAJ192002901250D92,"CAJA 1920*290*1250 D92 TR.",TROZADO,LISTA
14032,CAJ192002901250D92,"CAJA 1920*290*1250 D92 TR.",OTRO,LISTA
14032,CAJ192002901250D92,"CAJA 1920*290*1250 D92 TR.",PLIZADO,LISTA
14033,REL1100002537.509B,"RELLENO 110C25 37.5 09B CELDA 249",OTRO,LISTA
14033,REL1100002537.509B,"RELLENO 110C25 37.5 09B CELDA 249",ENCOLADO,LISTA
14033,REL1100002537.509B,"RELLENO 110C25 37.5 09B CELDA 249",MULTIPLE,LISTA
14034,REL0950002536,509B,"RELLENO 95C25 36.5 09B CELDA 256",ENCOLADO,LISTA
14034,REL0950002536,509B,"RELLENO 95C25 36.5 09B CELDA 256",MULTIPLE,LISTA
14034,REL0950002536,509B,"RELLENO 95C25 36.5 09B CELDA 256",OTRO,LISTA
14034,REL11000030026510E,"RELLENO 110C30 26.5 10E CELDA 239",MULTIPLE,LISTA
14034,REL11000030026510E,"RELLENO 110C30 26.5 10E CELDA 239",ENCOLADO,LISTA
14034,REL11000030026510E,"RELLENO 110C30 26.5 10E CELDA 239",OTRO,LISTA
14035,REL0950002536,509B,"RELLENO 95C25 36.5 09B CELDA 256",ENCOLADO,LISTA
14035,REL0950002536,509B,"RELLENO 95C25 36.5 09B CELDA 256",MULTIPLE,LISTA
14035,REL0950002536,509B,"RELLENO 95C25 36.5 09B CELDA 256",OTRO,LISTA
14035,REL110003036,510E,"RELLENO 110C30 36.5 10E CELDA 239",MULTIPLE,LISTA
14035,REL110003036,510E,"RELLENO 110C30 36.5 10E CELDA 239",ENCOLADO,LISTA
14035,REL110003036,510E,"RELLENO 110C30 36.5 10E CELDA 239",OTRO,LISTA
14036,CAJ102007801830D94,"CAJA 1020*780*1830 D94 TN",OTRO,LISTA
14036,CAJ102007801830D94,"CAJA 1020*780*1830 D94 TN",CALADO,LISTA
14036,CAJ102007801830D94,"CAJA 1020*780*1830 D94 TN",PEGADO,LISTA
14036,CAJ102007801830D94,"CAJA 1020*780*1830 D94 TN",PLIZADO,LISTA
14036,CUB10000760003009B,"CUBIERTA 1000*760*30 09B C1.",EMPLACADO,LISTA
14036,CUB10000760003009B,"CUBIERTA 1000*760*30 09B C1.",TROZADO,LISTA
14037,REL0950002139.709B,"RELLENO 95C21 39.7 09B CELDA 287",ENCOLADO,LISTA
14037,REL0950002139.709B,"RELLENO 95C21 39.7 09B CELDA 287",MULTIPLE,LISTA
14037,REL0950002139.709B,"RELLENO 95C21 39.7 09B CELDA 287",OTRO,LISTA
14038,CAJ109505250480D92,"CAJA 1095*525*480 D92 NO-",CALADO,LISTA
14038,CAJ109505250480D92,"CAJA 1095*525*480 D92 NO-",PEGADO,LISTA
14038,CAJ109505250480D92,"CAJA 1095*525*480 D92 NO-",OTRO,LISTA
14038,CAJ109505250480D92,"CAJA 1095*525*480 D92 NO-",IMPRESION,LISTA
14038,CAJ109505250480D92,"CAJA 1095*525*480 D92 NO-",PLIZADO,LISTA
14038,CAJ109505250480D92,"CAJA 1095*525*480 D92 NO-",TROZADO,LISTA
14039,REL1200002537.509B,"RELLENO 120C25 37.5 09B CELDA 274.",OTRO,LISTA
14039,REL1200002537.509B,"RELLENO 120C25 37.5 09B CELDA 274.",ENCOLADO,LISTA
14039,REL1200002537.509B,"RELLENO 120C25 37.5 09B CELDA 274.",MULTIPLE,LISTA
14040,CAJ209508950175C20,"TAPA 2095*895*175 C20 FO",PLIZADO,LISTA
14040,CAJ209508950175C20,"TAPA 2095*895*175 C20 FO",CALADO,LISTA
14040,CAJ209508950175C20,"TAPA 2095*895*175 C20 FO",TROZADO,LISTA
14040,CAJ209508950175C20,"TAPA 2095*895*175 C20 FO",OTRO,LISTA
14041,REL1100002532.509B,"RELLENO 110C25 32.5 09B CELDA 249",OTRO,LISTA
14041,REL1100002532.509B,"RELLENO 110C25 32.5 09B CELDA 249",ENCOLADO,LISTA
14041,REL1100002532.509B,"RELLENO 110C25 32.5 09B CELDA 249",MULTIPLE,LISTA
14042,EMP094009401001D92,"BIN 940*940*1000 D92 B2",EMPLACADO,LISTA
14042,EMP094009401001D92,"BIN 940*940*1000 D92 B2",TROZADO,LISTA
14042,EMP094009401001D92,"BIN 940*940*1000 D92 B2",OTRO,LISTA
14042,EMP094009401001D92,"BIN 940*940*1000 D92 B2",PEGADO,LISTA
14042,TRO140012000101C20,"TAPA 985*985*100 C20 AA TRO",TROQUELADO,LISTA
14042,TRO140012000101C20,"TAPA 985*985*100 C20 AA TRO",TROZADO,LISTA
14042,TRO140012000101C20,"TAPA 985*985*100 C20 AA TRO",OTRO,LISTA
14043,REL0390000629.509B,"RELLENO BASTON 39 C6 39.5 09B SOLIDO",MULTIPLE,LISTA
14043,REL0390000629.509B,"RELLENO BASTON 39 C6 39.5 09B SOLIDO",TROZADO,LISTA
14043,REL0390000629.509B,"RELLENO BASTON 39 C6 39.5 09B SOLIDO",OTRO,LISTA
14043,REL0390000629.509B,"RELLENO BASTON 39 C6 39.5 09B SOLIDO",ENCOLADO,LISTA
14044,CAJ102406420225C20,"TAPA 1024*642*225 C20 FO",PLIZADO,LISTA
14044,CAJ102406420225C20,"TAPA 1024*642*225 C20 FO",CALADO,LISTA
14044,CAJ102406420225C20,"TAPA 1024*642*225 C20 FO",TROZADO,LISTA
14044,CAJ102406420225C20,"TAPA 1024*642*225 C20 FO",OTRO,LISTA
14045,CAJ118506420200C20,"TAPA EMBALAJE 1185*642*200 C20",PLIZADO,LISTA
14045,CAJ118506420200C20,"TAPA EMBALAJE 1185*642*200 C20",CALADO,LISTA
14045,CAJ118506420200C20,"TAPA EMBALAJE 1185*642*200 C20",OTRO,LISTA
14046,REL0950002137.509B,"RELLENO 95C21 37.5 09B CELDA 287",ENCOLADO,LISTA
14046,REL0950002137.509B,"RELLENO 95C21 37.5 09B CELDA 287",MULTIPLE,LISTA
14046,REL0950002137.509B,"RELLENO 95C21 37.5 09B CELDA 287",OTRO,LISTA
14047,TER010000500005CT5,"ESQUINERO 100*50*5 CT5 B5 BLANCO",OTRO,LISTA
14048,REL0390000629.509B,"RELLENO BASTON 39 C6 39.5 09B SOLIDO",MULTIPLE,LISTA
14048,REL0390000629.509B,"RELLENO BASTON 39 C6 39.5 09B SOLIDO",TROZADO,LISTA
14048,REL0390000629.509B,"RELLENO BASTON 39 C6 39.5 09B SOLIDO",OTRO,LISTA
14048,REL0390000629.509B,"RELLENO BASTON 39 C6 39.5 09B SOLIDO",ENCOLADO,LISTA
14049,REL0950002139.709B,"RELLENO 95C21 39.7 09B CELDA 287",ENCOLADO,LISTA
14049,REL0950002139.709B,"RELLENO 95C21 39.7 09B CELDA 287",MULTIPLE,LISTA
14049,REL0950002139.709B,"RELLENO 95C21 39.7 09B CELDA 287",OTRO,LISTA
14050,TRO02500250000309B,"ESQUINERO PTA. ALMA 45 250*250 09B TRO.",OTRO,LISTA
14050,TRO02500250000309B,"ESQUINERO PTA. ALMA 45 250*250 09B TRO.",TROQUELADO,LISTA
14051,EMP093009301025D99,"BIN 465*465*465*1025 D99 O3 OCTO1000.",EMPLACADO,LISTA
14051,EMP093009301025D99,"BIN 465*465*465*1025 D99 O3 OCTO1000.",PEGADO,LISTA
14051,EMP093009301025D99,"BIN 465*465*465*1025 D99 O3 OCTO1000.",IMPRESION,LISTA
14051,TRO047004700201C32,"TAPA 470*470*200 C32 TRO OCTO",OTRO,LISTA
14051,TRO141513150120C30,"FONDO 445*445*120 C30 TRO OCTO1000",TROZADO,LISTA
14051,TRO141513150120C30,"FONDO 445*445*120 C30 TRO OCTO1000",TROQUELADO,LISTA
14052,EMP094009401001D92,"BIN 940*940*1000 D92 B2",EMPLACADO,LISTA
14052,EMP094009401001D92,"BIN 940*940*1000 D92 B2",TROZADO,LISTA
14052,EMP094009401001D92,"BIN 940*940*1000 D92 B2",OTRO,LISTA
14052,EMP094009401001D92,"BIN 940*940*1000 D92 B2",PEGADO,LISTA
14052,TRO140012000101C20,"TAPA 985*985*100 C20 AA TRO",TROQUELADO,LISTA
14052,TRO140012000101C20,"TAPA 985*985*100 C20 AA TRO",TROZADO,LISTA
14052,TRO140012000101C20,"TAPA 985*985*100 C20 AA TRO",OTRO,LISTA
14053,CAJ195005000720C20,"CAJA 1950*500*720 C20 TR.",CALADO,LISTA
14053,CAJ195005000720C20,"CAJA 1950*500*720 C20 TR.",PEGADO,LISTA
14053,CAJ195005000720C20,"CAJA 1950*500*720 C20 TR.",TROZADO,LISTA
14053,CAJ195005000720C20,"CAJA 1950*500*720 C20 TR.",OTRO,LISTA
14053,CAJ195005000720C20,"CAJA 1950*500*720 C20 TR.",PLIZADO,LISTA
14054,REL1100002139.709B,"RELLENO 110C21 A 39.7 09B CELDA 291",ENCOLADO,LISTA
14054,REL1100002139.709B,"RELLENO 110C21 A 39.7 09B CELDA 291",MULTIPLE,LISTA
14054,REL1100002139.709B,"RELLENO 110C21 A 39.7 09B CELDA 291",OTRO,LISTA
14055,REL0950002138.509B,"RELLENO 95C21 38.5 09B CELDA 287",ENCOLADO,LISTA
14055,REL0950002138.509B,"RELLENO 95C21 38.5 09B CELDA 287",MULTIPLE,LISTA
14055,REL0950002138.509B,"RELLENO 95C21 38.5 09B CELDA 287",OTRO,LISTA
14056,REL09500030003310E,"RELLENO 95C30 33.0 10E CELDA 240",OTRO,LISTA
14056,REL09500030003310E,"RELLENO 95C30 33.0 10E CELDA 240",MULTIPLE,LISTA
14056,REL09500030003310E,"RELLENO 95C30 33.0 10E CELDA 240",ENCOLADO,LISTA
14057,CAJ023002300235D92,"CAJA 230*230*235 D92 NO",PLIZADO,LISTA
14057,CAJ023002300235D92,"CAJA 230*230*235 D92 NO",PEGADO,LISTA
14057,CAJ023002300235D92,"CAJA 230*230*235 D92 NO",TROZADO,LISTA
14057,CAJ023002300235D92,"CAJA 230*230*235 D92 NO",OTRO,LISTA
14058,REL0950002139.709B,"RELLENO 95C21 39.7 09B CELDA 287",ENCOLADO,LISTA
14058,REL0950002139.709B,"RELLENO 95C21 39.7 09B CELDA 287",MULTIPLE,LISTA
14058,REL0950002139.709B,"RELLENO 95C21 39.7 09B CELDA 287",OTRO,LISTA
14059,REL0950002137.709B,"RELLENO 95C21 37.7 09B CELDA 287",OTRO,LISTA
14059,REL0950002137.709B,"RELLENO 95C21 37.7 09B CELDA 287",ENCOLADO,LISTA
14059,REL0950002137.709B,"RELLENO 95C21 37.7 09B CELDA 287",MULTIPLE,LISTA
14059,REL1100002139.709B,"RELLENO 110C21 A 39.7 09B CELDA 291",ENCOLADO,LISTA
14059,REL1100002139.709B,"RELLENO 110C21 A 39.7 09B CELDA 291",MULTIPLE,LISTA
14059,REL1100002139.709B,"RELLENO 110C21 A 39.7 09B CELDA 291",OTRO,LISTA
14060,REL1100002137.709B,"RELLENO 110C21 37.7 09B CELDA 291",ENCOLADO,LISTA
14060,REL1100002137.709B,"RELLENO 110C21 37.7 09B CELDA 291",MULTIPLE,LISTA
14060,REL1100002137.709B,"RELLENO 110C21 37.7 09B CELDA 291",OTRO,LISTA
14061,EMP107009800660D94,"BIN 1070*980*660 D94 B2.",EMPLACADO,LISTA
14061,EMP107009800660D94,"BIN 1070*980*660 D94 B2.",TROZADO,LISTA
14061,EMP107009800660D94,"BIN 1070*980*660 D94 B2.",OTRO,LISTA
14061,EMP107009800660D94,"BIN 1070*980*660 D94 B2.",PEGADO,LISTA
14061,EMP107009800660D94,"BIN 1070*980*660 D94 B2.",IMPRESION,LISTA
14061,TRO154512400004C20,"TAPA 1120*1030*100 C20 AA TRO.",TROQUELADO,LISTA
14062,REL1100002532.509B,"RELLENO 110C25 32.5 09B CELDA 249",OTRO,LISTA
14062,REL1100002532.509B,"RELLENO 110C25 32.5 09B CELDA 249",ENCOLADO,LISTA
14062,REL1100002532.509B,"RELLENO 110C25 32.5 09B CELDA 249",MULTIPLE,LISTA
14063,CAJ115009500980D92,"PERIMETRAL 1150*950*980 D92 D92 TU EXT. BIN PLIZ.",PEGADO,LISTA
14063,CAJ115009500980D92,"PERIMETRAL 1150*950*980 D92 D92 TU EXT. BIN PLIZ.",TROZADO,LISTA
14063,CAJ115009500980D92,"PERIMETRAL 1150*950*980 D92 D92 TU EXT. BIN PLIZ.",OTRO,LISTA
14063,CAJ115009500980D92,"PERIMETRAL 1150*950*980 D92 D92 TU EXT. BIN PLIZ.",PLIZADO,LISTA
14063,CAJ115009500980D92,"PERIMETRAL 1150*950*980 D92 D92 TU EXT. BIN PLIZ.",PEGADO,LISTA
14063,CAJ115009500980D92,"PERIMETRAL 1150*950*980 D92 D92 TU EXT. BIN PLIZ.",OTRO,LISTA
14064,REL0950002139.709B,"RELLENO 95C21 39.7 09B CELDA 287",ENCOLADO,LISTA
14064,REL0950002139.709B,"RELLENO 95C21 39.7 09B CELDA 287",MULTIPLE,LISTA
14064,REL0950002139.709B,"RELLENO 95C21 39.7 09B CELDA 287",OTRO,LISTA
14064,REL1100002139.709B,"RELLENO 110C21 A 39.7 09B CELDA 291",ENCOLADO,LISTA
14064,REL1100002139.709B,"RELLENO 110C21 A 39.7 09B CELDA 291",MULTIPLE,LISTA
14064,REL1100002139.709B,"RELLENO 110C21 A 39.7 09B CELDA 291",OTRO,LISTA
14065,REL09500027003709B,"RELLENO 95C27 37.0 09B CELDA 249",MULTIPLE,LISTA
14065,REL09500027003709B,"RELLENO 95C27 37.0 09B CELDA 249",OTRO,LISTA
14065,REL09500027003709B,"RELLENO 95C27 37.0 09B CELDA 249",ENCOLADO,LISTA
14066,REL1100002538.509B,"RELLENO 110C25 38.5 09B CELDA 249",OTRO,LISTA
14066,REL1100002538.509B,"RELLENO 110C25 38.5 09B CELDA 249",ENCOLADO,LISTA
14066,REL1100002538.509B,"RELLENO 110C25 38.5 09B CELDA 249",MULTIPLE,LISTA
14067,CAJ171001851180D92,"CAJA 1710*185*1180 D92 TR",PLIZADO,LISTA
14067,CAJ171001851180D92,"CAJA 1710*185*1180 D92 TR",CALADO,LISTA
14067,CAJ171001851180D92,"CAJA 1710*185*1180 D92 TR",PEGADO,LISTA
14067,CAJ171001851180D92,"CAJA 1710*185*1180 D92 TR",OTRO,LISTA
14067,CAJ171001851180D92,"CAJA 1710*185*1180 D92 TR",IMPRESION,LISTA
14068,CAJ156004300390D94,"CAJA 1560*430*390 D94 NO",CALADO,LISTA
14068,CAJ156004300390D94,"CAJA 1560*430*390 D94 NO",PEGADO,LISTA
14068,CAJ156004300390D94,"CAJA 1560*430*390 D94 NO",TROZADO,LISTA
14068,CAJ156004300390D94,"CAJA 1560*430*390 D94 NO",OTRO,LISTA
14068,CAJ156004300390D94,"CAJA 1560*430*390 D94 NO",IMPRESION,LISTA
14068,CAJ156004300390D94,"CAJA 1560*430*390 D94 NO",PLIZADO,LISTA
14068,CUB05200340003012C,"CUBIERTA 520*340*30 12C C1",EMPLACADO,LISTA
14068,CUB05200340003012C,"CUBIERTA 520*340*30 12C C1",TROZADO,LISTA
14068,CUB05200340003012C,"CUBIERTA 520*340*30 12C C1",OTRO,LISTA
14068,CUB10000340007012C,"CUBIERTA 1000*340*70 12C C1",EMPLACADO,LISTA
14068,CUB10000340007012C,"CUBIERTA 1000*340*70 12C C1",TROZADO,LISTA
14068,CUB10000340007012C,"CUBIERTA 1000*340*70 12C C1",OTRO,LISTA
14068,CUB11500420007012C,"CUBIERTA 1150*420*70 12C C1.",EMPLACADO,LISTA
14068,CUB11500420007012C,"CUBIERTA 1150*420*70 12C C1.",TROZADO,LISTA
14068,CUB11500420007012C,"CUBIERTA 1150*420*70 12C C1.",OTRO,LISTA
14068,CUB15200420003012C,"CUBIERTA 1520*420*30 12C C1",EMPLACADO,LISTA
14068,CUB15200420003012C,"CUBIERTA 1520*420*30 12C C1",TROZADO,LISTA
14068,CUB15200420003012C,"CUBIERTA 1520*420*30 12C C1",OTRO,LISTA
14068,CUB15200420007012C,"CUBIERTA 1520*420*70 12C C1.",EMPLACADO,LISTA
14068,CUB15200420007012C,"CUBIERTA 1520*420*70 12C C1.",TROZADO,LISTA
14068,CUB15200420007012C,"CUBIERTA 1520*420*70 12C C1.",OTRO,LISTA
14068,SEP034012690003C20,"PROTEC PANTALLA 340*1269 C20 SEP 3 PLIZ.",PLIZADO,LISTA
14068,SEP034012690003C20,"PROTEC PANTALLA 340*1269 C20 SEP 3 PLIZ.",TROZADO,LISTA
14068,SEP034012690003C20,"PROTEC PANTALLA 340*1269 C20 SEP 3 PLIZ.",OTRO,LISTA
14068,SEP042003800007D94,"PROTECTOR 420*380 D94 SEP",TROZADO,LISTA
14068,SEP042003800007D94,"PROTECTOR 420*380 D94 SEP",OTRO,LISTA
14069,CAJ077504150315D94,"CAJA 775*415*315 D94 NO",PLIZADO,LISTA
14069,CAJ077504150315D94,"CAJA 775*415*315 D94 NO",CALADO,LISTA
14069,CAJ077504150315D94,"CAJA 775*415*315 D94 NO",PEGADO,LISTA
14069,CAJ077504150315D94,"CAJA 775*415*315 D94 NO",TROZADO,LISTA
14069,CAJ077504150315D94,"CAJA 775*415*315 D94 NO",OTRO,LISTA
14069,CAJ077504150315D94,"CAJA 775*415*315 D94 NO",IMPRESION,LISTA
14069,CUB02650210007012C,"CUBIERTA 265*210*70 12C C1",EMPLACADO,LISTA
14069,CUB02650210007012C,"CUBIERTA 265*210*70 12C C1",TROZADO,LISTA
14069,CUB02650210007012C,"CUBIERTA 265*210*70 12C C1",OTRO,LISTA
14069,CUB05100340006512C,"CUBIERTA 510*340*65 12C C1",EMPLACADO,LISTA
14069,CUB05100340006512C,"CUBIERTA 510*340*65 12C C1",TROZADO,LISTA
14069,CUB05100340006512C,"CUBIERTA 510*340*65 12C C1",OTRO,LISTA
14069,CUB05300265003012C,"CUBIERTA 530*265*30 12C C1",EMPLACADO,LISTA
14069,CUB05300265003012C,"CUBIERTA 530*265*30 12C C1",TROZADO,LISTA
14069,CUB05300265003012C,"CUBIERTA 530*265*30 12C C1",OTRO,LISTA
14069,CUB07400400003012C,"CUBIERTA 740*400*30 12C C1",EMPLACADO,LISTA
14069,CUB07400400003012C,"CUBIERTA 740*400*30 12C C1",TROZADO,LISTA
14069,CUB07400400003012C,"CUBIERTA 740*400*30 12C C1",OTRO,LISTA
14069,SEP034011820003C20,"PROTEC PANTALLA 340*1182 C20 SEP 3 PLIZ.",PLIZADO,LISTA
14069,SEP034011820003C20,"PROTEC PANTALLA 340*1182 C20 SEP 3 PLIZ.",TROZADO,LISTA
14069,SEP034011820003C20,"PROTEC PANTALLA 340*1182 C20 SEP 3 PLIZ.",OTRO,LISTA
14069,SEP040503050007D94,"PROTECTOR 405*305 D94 SEP",TROZADO,LISTA
14069,SEP040503050007D94,"PROTECTOR 405*305 D94 SEP",OTRO,LISTA
14071,EMP050001200014D92,"SEPARADOR 500*120 D92 E2",OTRO,LISTA
14071,EMP050001200014D92,"SEPARADOR 500*120 D92 E2",EMPLACADO,LISTA
14071,EMP050001200014D92,"SEPARADOR 500*120 D92 E2",TROZADO,LISTA
14071,EMP050001200014D92,"SEPARADOR 500*120 D92 E2",OTRO,LISTA
14071,EMP090001200014D92,"SEPARADOR 900*120 D92 E2.",OTRO,LISTA
14071,EMP090001200014D92,"SEPARADOR 900*120 D92 E2.",EMPLACADO,LISTA
14071,EMP090001200014D92,"SEPARADOR 900*120 D92 E2.",TROZADO,LISTA
14071,EMP090001200014D92,"SEPARADOR 900*120 D92 E2.",OTRO,LISTA
14072,EMP093009301025D99,"BIN 465*465*465*1025 D99 O3 OCTO1000.",TROZADO,LISTA
14072,EMP093009301025D99,"BIN 465*465*465*1025 D99 O3 OCTO1000.",OTRO,LISTA
14072,EMP093009301025D99,"BIN 465*465*465*1025 D99 O3 OCTO1000.",EMPLACADO,LISTA
14072,EMP093009301025D99,"BIN 465*465*465*1025 D99 O3 OCTO1000.",PEGADO,LISTA
14072,EMP093009301025D99,"BIN 465*465*465*1025 D99 O3 OCTO1000.",IMPRESION,LISTA
14072,TER023002300050TUB,"FUNDA 230*230*50 POLIETILENO",OTRO,LISTA
14072,TER215021500006BOL,"BOLSA CON 2 VALVULAS DE 2 PULG.",OTRO,LISTA
14072,TRO047004700201C32,"TAPA 470*470*200 C32 TRO OCTO",OTRO,LISTA
14072,TRO141513150120C30,"FONDO 445*445*120 C30 TRO OCTO1000",TROZADO,LISTA
14072,TRO141513150120C30,"FONDO 445*445*120 C30 TRO OCTO1000",OTRO,LISTA
14072,TRO141513150120C30,"FONDO 445*445*120 C30 TRO OCTO1000",TROQUELADO,LISTA
14073,REL0950002537.509B,"RELLENO 95C25 37.5 09B CELDA 249",OTRO,LISTA
14073,REL0950002537.509B,"RELLENO 95C25 37.5 09B CELDA 249",ENCOLADO,LISTA
14073,REL0950002537.509B,"RELLENO 95C25 37.5 09B CELDA 249",MULTIPLE,LISTA
14073,REL1100002537.509B,"RELLENO 110C25 37.5 09B CELDA 249",OTRO,LISTA
14073,REL1100002537.509B,"RELLENO 110C25 37.5 09B CELDA 249",ENCOLADO,LISTA
14073,REL1100002537.509B,"RELLENO 110C25 37.5 09B CELDA 249",MULTIPLE,LISTA
14074,CAJ050004300281C20,"CAJA 500*430*280 C20 NO",PLIZADO,LISTA
14074,CAJ050004300281C20,"CAJA 500*430*280 C20 NO",CALADO,LISTA
14074,CAJ050004300281C20,"CAJA 500*430*280 C20 NO",PEGADO,LISTA
14074,CAJ050004300281C20,"CAJA 500*430*280 C20 NO",TROZADO,LISTA
14074,CAJ050004300281C20,"CAJA 500*430*280 C20 NO",OTRO,LISTA
14074,CAJ050004300281C20,"CAJA 500*430*280 C20 NO",IMPRESION,LISTA
14075,EMP116009600820D94,"BIN 1160*960*820 D94/C20 B2  BIN 1200*1000",PEGADO,LISTA
14075,EMP116009600820D94,"BIN 1160*960*820 D94/C20 B2  BIN 1200*1000",EMPLACADO,LISTA
14075,EMP116009600820D94,"BIN 1160*960*820 D94/C20 B2  BIN 1200*1000",TROZADO,LISTA
14075,EMP116009600820D94,"BIN 1160*960*820 D94/C20 B2  BIN 1200*1000",OTRO,LISTA
14075,EMP117509750500C30,"BIN 1175*975*500 C20/C30 B2  BIN 1200*1000",PEGADO,LISTA
14075,EMP117509750500C30,"BIN 1175*975*500 C20/C30 B2  BIN 1200*1000",EMPLACADO,LISTA
14075,EMP117509750500C30,"BIN 1175*975*500 C20/C30 B2  BIN 1200*1000",TROZADO,LISTA
14075,EMP117509750500C30,"BIN 1175*975*500 C20/C30 B2  BIN 1200*1000",OTRO,LISTA
14075,TRO120010000201D94,"TAPA 1200*1000*80 C201 ",OTRO,LISTA
14076,REL1100003537.510E,"RELLENO 110C35 37.5 10E CELDA 186",OTRO,LISTA
14076,REL1100003537.510E,"RELLENO 110C35 37.5 10E CELDA 186",MULTIPLE,LISTA
14076,REL1100003537.510E,"RELLENO 110C35 37.5 10E CELDA 186",ENCOLADO,LISTA
14077,REL0950002137.709B,"RELLENO 95C21 37.7 09B CELDA 287",OTRO,LISTA
14077,REL0950002137.709B,"RELLENO 95C21 37.7 09B CELDA 287",ENCOLADO,LISTA
14077,REL0950002137.709B,"RELLENO 95C21 37.7 09B CELDA 287",MULTIPLE,LISTA
14077,REL0950002137.709B,"RELLENO 95C21 37.7 09B CELDA 287",OTRO,LISTA
14078,EMP093009301025D99,"BIN 465*465*465*1025 D99 O3 OCTO1000.",TROZADO,LISTA
14078,EMP093009301025D99,"BIN 465*465*465*1025 D99 O3 OCTO1000.",OTRO,LISTA
14078,EMP093009301025D99,"BIN 465*465*465*1025 D99 O3 OCTO1000.",EMPLACADO,LISTA
14078,EMP093009301025D99,"BIN 465*465*465*1025 D99 O3 OCTO1000.",PEGADO,LISTA
14078,EMP093009301025D99,"BIN 465*465*465*1025 D99 O3 OCTO1000.",IMPRESION,LISTA
14078,TER023002300050TUB,"FUNDA 230*230*50 POLIETILENO",OTRO,LISTA
14078,TER115011500110PLL,"PALLET MADERA 1150*1150*110",OTRO,LISTA
14078,TER215021500006BOL,"BOLSA CON 2 VALVULAS DE 2 PULG.",OTRO,LISTA
14078,TRO047004700201C32,"TAPA 470*470*200 C32 TRO OCTO",OTRO,LISTA
14078,TRO141513150120C30,"FONDO 445*445*120 C30 TRO OCTO1000",TROZADO,LISTA
14078,TRO141513150120C30,"FONDO 445*445*120 C30 TRO OCTO1000",OTRO,LISTA
14078,TRO141513150120C30,"FONDO 445*445*120 C30 TRO OCTO1000",TROQUELADO,LISTA
14079,REL0950003237.710E,"RELLENO 95C32 37.7 10E CELDA 201",MULTIPLE,LISTA
14079,REL0950003237.710E,"RELLENO 95C32 37.7 10E CELDA 201",OTRO,LISTA
14079,REL0950003237.710E,"RELLENO 95C32 37.7 10E CELDA 201",ENCOLADO,LISTA
14080,REL0950003232.710E,"RELLENO 95C32 32.7 10E CELDA 201",MULTIPLE,LISTA
14080,REL0950003232.710E,"RELLENO 95C32 32.7 10E CELDA 201",OTRO,LISTA
14080,REL0950003232.710E,"RELLENO 95C32 32.7 10E CELDA 201",ENCOLADO,LISTA
14080,REL0950003237.710E,"RELLENO 95C32 37.7 10E CELDA 201",MULTIPLE,LISTA
14080,REL0950003237.710E,"RELLENO 95C32 37.7 10E CELDA 201",OTRO,LISTA
14080,REL0950003237.710E,"RELLENO 95C32 37.7 10E CELDA 201",ENCOLADO,LISTA
14084,REL0950001839.509B,"RELLENO 95C18 39.5 09B CELDA 287",MULTIPLE,LISTA
14084,REL0950001839.509B,"RELLENO 95C18 39.5 09B CELDA 287",OTRO,LISTA
14084,REL0950001839.509B,"RELLENO 95C18 39.5 09B CELDA 287",ENCOLADO,LISTA
14084,REL1100001839.509B,"RELLENO 110C18 39.5 09B CELDA 337",MULTIPLE,LISTA
14084,REL1100001839.509B,"RELLENO 110C18 39.5 09B CELDA 337",OTRO,LISTA
14084,REL1100001839.509B,"RELLENO 110C18 39.5 09B CELDA 337",ENCOLADO,LISTA
14085,REL0950001839.509B,"RELLENO 95C18 39.5 09B CELDA 287",MULTIPLE,LISTA
14085,REL0950001839.509B,"RELLENO 95C18 39.5 09B CELDA 287",OTRO,LISTA
14085,REL0950001839.509B,"RELLENO 95C18 39.5 09B CELDA 287",ENCOLADO,LISTA
14085,REL1100001839.509B,"RELLENO 110C18 39.5 09B CELDA 337",MULTIPLE,LISTA
14085,REL1100001839.509B,"RELLENO 110C18 39.5 09B CELDA 337",OTRO,LISTA
14085,REL1100001839.509B,"RELLENO 110C18 39.5 09B CELDA 337",ENCOLADO,LISTA
14087,CAJ04120412101009B,"CAJA 206*206*1010*200 C20 TU OCTOCABLE 1010",CALADO,LISTA
14087,CAJ04120412101009B,"CAJA 206*206*1010*200 C20 TU OCTOCABLE 1010",PEGADO,LISTA
14087,CAJ04120412101009B,"CAJA 206*206*1010*200 C20 TU OCTOCABLE 1010",TROZADO,LISTA
14087,CAJ04120412101009B,"CAJA 206*206*1010*200 C20 TU OCTOCABLE 1010",OTRO,LISTA
14087,CAJ04120412101009B,"CAJA 206*206*1010*200 C20 TU OCTOCABLE 1010",PLIZADO,LISTA
14087,CAJ04120412101009B,"CAJA 206*206*1010*200 C20 TU OCTOCABLE 1010",OTRO,LISTA
14087,EMP082008201020D99,"BIN 410*410*410*1020 D99 O3 OCTOCABLE",OTRO,LISTA
14087,EMP082008201020D99,"BIN 410*410*410*1020 D99 O3 OCTOCABLE",OTRO,LISTA
14087,EMP082008201020D99,"BIN 410*410*410*1020 D99 O3 OCTOCABLE",OTRO,LISTA
14087,EMP082008201020D99,"BIN 410*410*410*1020 D99 O3 OCTOCABLE",IMPRESION,LISTA
14087,EMP082008201020D99,"BIN 410*410*410*1020 D99 O3 OCTOCABLE",IMPRESION,LISTA
14087,EMP082008201020D99,"BIN 410*410*410*1020 D99 O3 OCTOCABLE",TROZADO,LISTA
14087,EMP082008201020D99,"BIN 410*410*410*1020 D99 O3 OCTOCABLE",OTRO,LISTA
14087,EMP082008201020D99,"BIN 410*410*410*1020 D99 O3 OCTOCABLE",EMPLACADO,LISTA
14087,EMP082008201020D99,"BIN 410*410*410*1020 D99 O3 OCTOCABLE",PEGADO,LISTA
14087,TRO093009300007D94,"FONDO 386*386 D94 TRO SEP OCTOCABLE",OTRO,LISTA
14087,TRO093009300007D94,"FONDO 386*386 D94 TRO SEP OCTOCABLE",TROZADO,LISTA
14087,TRO093009300007D94,"FONDO 386*386 D94 TRO SEP OCTOCABLE",TROQUELADO,LISTA
14087,TRO093009300007D94,"FONDO 386*386 D94 TRO SEP OCTOCABLE",OTRO,LISTA
14087,TRO140014000200C30,"TAPA 415*415*415*200 C30 TRO OCTOCABLE",TROZADO,LISTA
14087,TRO140014000200C30,"TAPA 415*415*415*200 C30 TRO OCTOCABLE",TROQUELADO,LISTA
14087,TRO140014000200C30,"TAPA 415*415*415*200 C30 TRO OCTOCABLE",OTRO,LISTA
14088,REL11000025003809B,"RELLENO 110C25 38.0 09B CELDA 249",ENCOLADO,LISTA
14088,REL11000025003809B,"RELLENO 110C25 38.0 09B CELDA 249",MULTIPLE,LISTA
14088,REL11000025003809B,"RELLENO 110C25 38.0 09B CELDA 249",OTRO,LISTA
14089,CAJ039503600325D92,"CAJA 395*360*325 D92 NO.",PLIZADO,LISTA
14089,CAJ039503600325D92,"CAJA 395*360*325 D92 NO.",CALADO,LISTA
14089,CAJ039503600325D92,"CAJA 395*360*325 D92 NO.",PEGADO,LISTA
14089,CAJ039503600325D92,"CAJA 395*360*325 D92 NO.",TROZADO,LISTA
14089,CAJ039503600325D92,"CAJA 395*360*325 D92 NO.",OTRO,LISTA
14089,CAJ039503600325D92,"CAJA 395*360*325 D92 NO.",IMPRESION,LISTA
14090,CAJ039503600325D92,"CAJA 395*360*325 D92 NO.",PLIZADO,LISTA
14090,CAJ039503600325D92,"CAJA 395*360*325 D92 NO.",CALADO,LISTA
14090,CAJ039503600325D92,"CAJA 395*360*325 D92 NO.",PEGADO,LISTA
14090,CAJ039503600325D92,"CAJA 395*360*325 D92 NO.",TROZADO,LISTA
14090,CAJ039503600325D92,"CAJA 395*360*325 D92 NO.",OTRO,LISTA
14090,CAJ039503600325D92,"CAJA 395*360*325 D92 NO.",IMPRESION,LISTA
14092,REL1100002136.509B,"RELLENO 110C21 36.5 09B CELDA 291",OTRO,LISTA
14092,REL1100002136.509B,"RELLENO 110C21 36.5 09B CELDA 291",ENCOLADO,LISTA
14092,REL1100002136.509B,"RELLENO 110C21 36.5 09B CELDA 291",MULTIPLE,LISTA
14092,REL1100002136.509B,"RELLENO 110C21 36.5 09B CELDA 291",OTRO,LISTA
14093,REL0950002137.509B,"RELLENO 95C21 37.5 09B CELDA 287",ENCOLADO,LISTA
14093,REL0950002137.509B,"RELLENO 95C21 37.5 09B CELDA 287",MULTIPLE,LISTA
14093,REL0950002137.509B,"RELLENO 95C21 37.5 09B CELDA 287",OTRO,LISTA
14094,REL0950002137.709B,"RELLENO 95C21 37.7 09B CELDA 287",OTRO,LISTA
14094,REL0950002137.709B,"RELLENO 95C21 37.7 09B CELDA 287",ENCOLADO,LISTA
14094,REL0950002137.709B,"RELLENO 95C21 37.7 09B CELDA 287",MULTIPLE,LISTA
14094,REL0950002137.709B,"RELLENO 95C21 37.7 09B CELDA 287",OTRO,LISTA
14094,REL1100002137.709B,"RELLENO 110C21 37.7 09B CELDA 291",ENCOLADO,LISTA
14094,REL1100002137.709B,"RELLENO 110C21 37.7 09B CELDA 291",MULTIPLE,LISTA
14094,REL1100002137.709B,"RELLENO 110C21 37.7 09B CELDA 291",OTRO,LISTA
14095,REL0900003239.510E,"RELLENO 90C32 39.5 10E CELDA 388 IP450 3CSE8.",OTRO,LISTA
14095,REL0900003239.510E,"RELLENO 90C32 39.5 10E CELDA 388 IP450 3CSE8.",MULTIPLE,LISTA
14095,REL0900003239.510E,"RELLENO 90C32 39.5 10E CELDA 388 IP450 3CSE8.",OTRO,LISTA
14095,REL0900003239.510E,"RELLENO 90C32 39.5 10E CELDA 388 IP450 3CSE8.",OTRO,LISTA
14095,REL0900003239.510E,"RELLENO 90C32 39.5 10E CELDA 388 IP450 3CSE8.",OTRO,LISTA
14095,REL0900003239.510E,"RELLENO 90C32 39.5 10E CELDA 388 IP450 3CSE8.",ENCOLADO,LISTA
14095,REL1100002139.509B,"RELLENO 110C21 39.5 09B CELDA 291",ENCOLADO,LISTA
14095,REL1100002139.509B,"RELLENO 110C21 39.5 09B CELDA 291",MULTIPLE,LISTA
14095,REL1100002139.509B,"RELLENO 110C21 39.5 09B CELDA 291",OTRO,LISTA
14096,TRO088008800003C20,"PROTECTOR ESTRELLA DIAM. 880 C20 TRO.",TROZADO,LISTA
14096,TRO088008800003C20,"PROTECTOR ESTRELLA DIAM. 880 C20 TRO.",TROQUELADO,LISTA
14096,TRO088008800003C20,"PROTECTOR ESTRELLA DIAM. 880 C20 TRO.",OTRO,LISTA
14096,TRO088008800003C20,"PROTECTOR ESTRELLA DIAM. 880 C20 TRO.",OTRO,LISTA
14096,TRO093009300003C20,"PROTECTOR ESTRELLA DIAM. 930 C20 TRO.",OTRO,LISTA
14096,TRO093009300003C20,"PROTECTOR ESTRELLA DIAM. 930 C20 TRO.",TROZADO,LISTA
14096,TRO093009300003C20,"PROTECTOR ESTRELLA DIAM. 930 C20 TRO.",TROQUELADO,LISTA
14096,TRO093009300003C20,"PROTECTOR ESTRELLA DIAM. 930 C20 TRO.",OTRO,LISTA
14097,EMP101008000905D94,"BIN 720*510*290*905 D94 O2 RECTOCTO INT",EMPLACADO,LISTA
14097,EMP101008000905D94,"BIN 720*510*290*905 D94 O2 RECTOCTO INT",TROZADO,LISTA
14097,EMP101008000905D94,"BIN 720*510*290*905 D94 O2 RECTOCTO INT",OTRO,LISTA
14097,EMP101008000905D94,"BIN 720*510*290*905 D94 O2 RECTOCTO INT",OTRO,LISTA
14097,EMP101008000905D94,"BIN 720*510*290*905 D94 O2 RECTOCTO INT",OTRO,LISTA
14097,EMP101008000905D94,"BIN 720*510*290*905 D94 O2 RECTOCTO INT",OTRO,LISTA
14097,EMP101008000905D94,"BIN 720*510*290*905 D94 O2 RECTOCTO INT",PEGADO,LISTA
14097,EMP101008000905D94,"BIN 720*510*290*905 D94 O2 RECTOCTO INT",OTRO,LISTA
14097,EMP104008500910D94,"BIN 740*550*300*910 D94 O2 RECTOCTO EXT.",EMPLACADO,LISTA
14097,EMP104008500910D94,"BIN 740*550*300*910 D94 O2 RECTOCTO EXT.",TROZADO,LISTA
14097,EMP104008500910D94,"BIN 740*550*300*910 D94 O2 RECTOCTO EXT.",OTRO,LISTA
14097,EMP104008500910D94,"BIN 740*550*300*910 D94 O2 RECTOCTO EXT.",OTRO,LISTA
14097,EMP104008500910D94,"BIN 740*550*300*910 D94 O2 RECTOCTO EXT.",OTRO,LISTA
14097,EMP104008500910D94,"BIN 740*550*300*910 D94 O2 RECTOCTO EXT.",OTRO,LISTA
14097,EMP104008500910D94,"BIN 740*550*300*910 D94 O2 RECTOCTO EXT.",PEGADO,LISTA
14097,EMP104008500910D94,"BIN 740*550*300*910 D94 O2 RECTOCTO EXT.",IMPRESION,LISTA
14097,EMP104008500910D94,"BIN 740*550*300*910 D94 O2 RECTOCTO EXT.",OTRO,LISTA
14097,TER023002300100TUB,"BOLSA 230*230*100 POLIETILENO",OTRO,LISTA
14097,TRO145011200151C30,"FONDO 720*515*290*150 C30 TRO RECTOCTO",TROZADO,LISTA
14097,TRO145011200151C30,"FONDO 720*515*290*150 C30 TRO RECTOCTO",TROQUELADO,LISTA
14097,TRO145011200151C30,"FONDO 720*515*290*150 C30 TRO RECTOCTO",OTRO,LISTA
14097,TRO145011200151C30,"FONDO 720*515*290*150 C30 TRO RECTOCTO",OTRO,LISTA
14097,TRO149712980150D92,"TAPA 750*540*320*150 D92 TRO RECTOCTO S/V",TROZADO,LISTA
14097,TRO149712980150D92,"TAPA 750*540*320*150 D92 TRO RECTOCTO S/V",TROQUELADO,LISTA
14098,REL0950002139.509B,"RELLENO 95C21 39.5 09B CELDA 287",ENCOLADO,LISTA
14098,REL0950002139.509B,"RELLENO 95C21 39.5 09B CELDA 287",MULTIPLE,LISTA
14098,REL0950002139.509B,"RELLENO 95C21 39.5 09B CELDA 287",OTRO,LISTA
14098,REL1100002139.509B,"RELLENO 110C21 39.5 09B CELDA 291",ENCOLADO,LISTA
14098,REL1100002139.509B,"RELLENO 110C21 39.5 09B CELDA 291",MULTIPLE,LISTA
14098,REL1100002139.509B,"RELLENO 110C21 39.5 09B CELDA 291",OTRO,LISTA
14099,REL1200002537.509B,"RELLENO 120C25 37.5 09B CELDA 274.",OTRO,LISTA
14099,REL1200002537.509B,"RELLENO 120C25 37.5 09B CELDA 274.",ENCOLADO,LISTA
14099,REL1200002537.509B,"RELLENO 120C25 37.5 09B CELDA 274.",MULTIPLE,LISTA
14099,REL1200002537.509B,"RELLENO 120C25 37.5 09B CELDA 274.",OTRO,LISTA
14100,CAJ042003001220D92,"CAJA 420*300*1220 D92 TR.",CALADO,LISTA
14100,CAJ042003001220D92,"CAJA 420*300*1220 D92 TR.",PEGADO,LISTA
14100,CAJ042003001220D92,"CAJA 420*300*1220 D92 TR.",TROZADO,LISTA
14100,CAJ042003001220D92,"CAJA 420*300*1220 D92 TR.",OTRO,LISTA
14100,CAJ042003001220D92,"CAJA 420*300*1220 D92 TR.",OTRO,LISTA
14100,CAJ042003001220D92,"CAJA 420*300*1220 D92 TR.",PLIZADO,LISTA
14100,CAJ050005000400D92,"CAJA 500*500*400 D92 NO",PLIZADO,LISTA
14100,CAJ050005000400D92,"CAJA 500*500*400 D92 NO",CALADO,LISTA
14100,CAJ050005000400D92,"CAJA 500*500*400 D92 NO",PEGADO,LISTA
14100,CAJ050005000400D92,"CAJA 500*500*400 D92 NO",TROZADO,LISTA
14100,CAJ050005000400D92,"CAJA 500*500*400 D92 NO",OTRO,LISTA
14100,CAJ050005000400D92,"CAJA 500*500*400 D92 NO",IMPRESION,LISTA
14101,CAJ01250067005709B,"PROTECCION 125*67*57 09B DF TRO.",OTRO,LISTA
14101,CAJ01250067005709B,"PROTECCION 125*67*57 09B DF TRO.",PEGADO,LISTA
14101,CAJ01250067005709B,"PROTECCION 125*67*57 09B DF TRO.",TROQUELADO,LISTA
14101,CAJ01250067005709B,"PROTECCION 125*67*57 09B DF TRO.",TROZADO,LISTA
14101,CAJ01250067005709B,"PROTECCION 125*67*57 09B DF TRO.",OTRO,LISTA
14101,CAJ01250067005709B,"PROTECCION 125*67*57 09B DF TRO.",TROZADO,LISTA
14103,CAJ118004800750D98,"CAJA 1180*480*750 D94 NO",PLIZADO,PENDIENTE
14103,CAJ118004800750D98,"CAJA 1180*480*750 D94 NO",CALADO,PENDIENTE
14103,CAJ118004800750D98,"CAJA 1180*480*750 D94 NO",CALADO,PENDIENTE
14103,CAJ118004800750D98,"CAJA 1180*480*750 D94 NO",PEGADO,PENDIENTE
14103,CAJ118004800750D98,"CAJA 1180*480*750 D94 NO",PEGADO,PENDIENTE
14103,CAJ118004800750D98,"CAJA 1180*480*750 D94 NO",TROZADO,PENDIENTE
14103,CAJ118004800750D98,"CAJA 1180*480*750 D94 NO",OTRO,PENDIENTE
14103,CAJ118004800750D98,"CAJA 1180*480*750 D94 NO",PLIZADO,PENDIENTE
14103,CAJ118004800750D98,"CAJA 1180*480*750 D94 NO",PEGADO,PENDIENTE
14103,CAJ118004800750D98,"CAJA 1180*480*750 D94 NO",TROZADO,PENDIENTE
14104,CAJ220004000300D92,"CAJA 2200*400*300 D92 ST.",CALADO,LISTA
14104,CAJ220004000300D92,"CAJA 2200*400*300 D92 ST.",PEGADO,LISTA
14104,CAJ220004000300D92,"CAJA 2200*400*300 D92 ST.",TROZADO,LISTA
14104,CAJ220004000300D92,"CAJA 2200*400*300 D92 ST.",OTRO,LISTA
14104,CAJ220004000300D92,"CAJA 2200*400*300 D92 ST.",OTRO,LISTA
14104,CAJ220004000300D92,"CAJA 2200*400*300 D92 ST.",PLIZADO,LISTA
14105,CAJ110011000100C20,"TAPA 1100*1100*100 C20 AA",PLIZADO,LISTA
14105,CAJ110011000100C20,"TAPA 1100*1100*100 C20 AA",CALADO,LISTA
14105,CAJ110011000100C20,"TAPA 1100*1100*100 C20 AA",TROZADO,LISTA
14105,CAJ110011000100C20,"TAPA 1100*1100*100 C20 AA",OTRO,LISTA
14105,EMP104008501000D92,"BIN 740*550*300*1000 D92 O2 RECTOCTO",EMPLACADO,LISTA
14105,EMP104008501000D92,"BIN 740*550*300*1000 D92 O2 RECTOCTO",TROZADO,LISTA
14105,EMP104008501000D92,"BIN 740*550*300*1000 D92 O2 RECTOCTO",OTRO,LISTA
14105,EMP104008501000D92,"BIN 740*550*300*1000 D92 O2 RECTOCTO",OTRO,LISTA
14105,EMP104008501000D92,"BIN 740*550*300*1000 D92 O2 RECTOCTO",PEGADO,LISTA
14105,EMP104008501000D92,"BIN 740*550*300*1000 D92 O2 RECTOCTO",IMPRESION,LISTA
14105,EMP104008501000D92,"BIN 740*550*300*1000 D92 O2 RECTOCTO",OTRO,LISTA
14105,TRO149829000150C20,"TAPA 750*540*320*150 C20 TRO RECTOCTO S/V",TROZADO,LISTA
14105,TRO149829000150C20,"TAPA 750*540*320*150 C20 TRO RECTOCTO S/V",TROQUELADO,LISTA
14106,REL0950002137.509B,"RELLENO 95C21 37.5 09B CELDA 287",ENCOLADO,LISTA
14106,REL0950002137.509B,"RELLENO 95C21 37.5 09B CELDA 287",MULTIPLE,LISTA
14106,REL0950002137.509B,"RELLENO 95C21 37.5 09B CELDA 287",OTRO,LISTA
14106,REL1100002137.509B,"RELLENO 110C21 37.5 09B CELDA 291",ENCOLADO,LISTA
14106,REL1100002137.509B,"RELLENO 110C21 37.5 09B CELDA 291",MULTIPLE,LISTA
14106,REL1100002137.509B,"RELLENO 110C21 37.5 09B CELDA 291",OTRO,LISTA
14107,EMP107009800660D94,"BIN 1070*980*660 D94 B2.",EMPLACADO,LISTA
14107,EMP107009800660D94,"BIN 1070*980*660 D94 B2.",TROZADO,LISTA
14107,EMP107009800660D94,"BIN 1070*980*660 D94 B2.",OTRO,LISTA
14107,EMP107009800660D94,"BIN 1070*980*660 D94 B2.",OTRO,LISTA
14107,EMP107009800660D94,"BIN 1070*980*660 D94 B2.",OTRO,LISTA
14107,EMP107009800660D94,"BIN 1070*980*660 D94 B2.",PEGADO,LISTA
14107,EMP107009800660D94,"BIN 1070*980*660 D94 B2.",IMPRESION,LISTA
14107,TRO154512400004C20,"TAPA 1120*1030*100 C20 AA TRO.",TROZADO,LISTA
14107,TRO154512400004C20,"TAPA 1120*1030*100 C20 AA TRO.",TROQUELADO,LISTA
14107,TRO154512400004C20,"TAPA 1120*1030*100 C20 AA TRO.",OTRO,LISTA
14108,EMP093009301025D99,"BIN 465*465*465*1025 D99 O3 OCTO1000.",TROZADO,LISTA
14108,EMP093009301025D99,"BIN 465*465*465*1025 D99 O3 OCTO1000.",OTRO,LISTA
14108,EMP093009301025D99,"BIN 465*465*465*1025 D99 O3 OCTO1000.",OTRO,LISTA
14108,EMP093009301025D99,"BIN 465*465*465*1025 D99 O3 OCTO1000.",OTRO,LISTA
14108,EMP093009301025D99,"BIN 465*465*465*1025 D99 O3 OCTO1000.",EMPLACADO,LISTA
14108,EMP093009301025D99,"BIN 465*465*465*1025 D99 O3 OCTO1000.",PEGADO,LISTA
14108,EMP093009301025D99,"BIN 465*465*465*1025 D99 O3 OCTO1000.",IMPRESION,LISTA
14108,EMP093009301025D99,"BIN 465*465*465*1025 D99 O3 OCTO1000.",OTRO,LISTA
14108,TRO141513150120C30,"FONDO 445*445*120 C30 TRO OCTO1000",TROZADO,LISTA
14108,TRO141513150120C30,"FONDO 445*445*120 C30 TRO OCTO1000",OTRO,LISTA
14108,TRO141513150120C30,"FONDO 445*445*120 C30 TRO OCTO1000",TROQUELADO,LISTA
14109,EMP093009301025D99,"BIN 465*465*465*1025 D99 O3 OCTO1000.",TROZADO,LISTA
14109,EMP093009301025D99,"BIN 465*465*465*1025 D99 O3 OCTO1000.",OTRO,LISTA
14109,EMP093009301025D99,"BIN 465*465*465*1025 D99 O3 OCTO1000.",OTRO,LISTA
14109,EMP093009301025D99,"BIN 465*465*465*1025 D99 O3 OCTO1000.",OTRO,LISTA
14109,EMP093009301025D99,"BIN 465*465*465*1025 D99 O3 OCTO1000.",EMPLACADO,LISTA
14109,EMP093009301025D99,"BIN 465*465*465*1025 D99 O3 OCTO1000.",PEGADO,LISTA
14109,EMP093009301025D99,"BIN 465*465*465*1025 D99 O3 OCTO1000.",IMPRESION,LISTA
14109,EMP093009301025D99,"BIN 465*465*465*1025 D99 O3 OCTO1000.",OTRO,LISTA
14109,TRO141513150120C30,"FONDO 445*445*120 C30 TRO OCTO1000",TROZADO,LISTA
14109,TRO141513150120C30,"FONDO 445*445*120 C30 TRO OCTO1000",OTRO,LISTA
14109,TRO141513150120C30,"FONDO 445*445*120 C30 TRO OCTO1000",TROQUELADO,LISTA
14110,EMP093009301025D99,"BIN 465*465*465*1025 D99 O3 OCTO1000.",TROZADO,LISTA
14110,EMP093009301025D99,"BIN 465*465*465*1025 D99 O3 OCTO1000.",OTRO,LISTA
14110,EMP093009301025D99,"BIN 465*465*465*1025 D99 O3 OCTO1000.",OTRO,LISTA
14110,EMP093009301025D99,"BIN 465*465*465*1025 D99 O3 OCTO1000.",OTRO,LISTA
14110,EMP093009301025D99,"BIN 465*465*465*1025 D99 O3 OCTO1000.",EMPLACADO,LISTA
14110,EMP093009301025D99,"BIN 465*465*465*1025 D99 O3 OCTO1000.",PEGADO,LISTA
14110,EMP093009301025D99,"BIN 465*465*465*1025 D99 O3 OCTO1000.",IMPRESION,LISTA
14110,EMP093009301025D99,"BIN 465*465*465*1025 D99 O3 OCTO1000.",OTRO,LISTA
14110,TRO141513150120C30,"FONDO 445*445*120 C30 TRO OCTO1000",TROZADO,LISTA
14110,TRO141513150120C30,"FONDO 445*445*120 C30 TRO OCTO1000",OTRO,LISTA
14110,TRO141513150120C30,"FONDO 445*445*120 C30 TRO OCTO1000",TROQUELADO,LISTA
14111,REL1100002132.509B,"RELLENO 110C21 32.5 09B CELDA 291",ENCOLADO,LISTA
14111,REL1100002132.509B,"RELLENO 110C21 32.5 09B CELDA 291",MULTIPLE,LISTA
14111,REL1100002132.509B,"RELLENO 110C21 32.5 09B CELDA 291",OTRO,LISTA
14112,REL1100002532.509B,"RELLENO 110C25 32.5 09B CELDA 249",OTRO,LISTA
14112,REL1100002532.509B,"RELLENO 110C25 32.5 09B CELDA 249",ENCOLADO,LISTA
14112,REL1100002532.509B,"RELLENO 110C25 32.5 09B CELDA 249",MULTIPLE,LISTA
14112,REL1100002532.509B,"RELLENO 110C25 32.5 09B CELDA 249",OTRO,LISTA
14112,REL1100002532.509B,"RELLENO 110C25 32.5 09B CELDA 249",OTRO,LISTA
14113,CAJ045003900470C20,"CAJA 450*390*470 C20 NO",PLIZADO,LISTA
14113,CAJ045003900470C20,"CAJA 450*390*470 C20 NO",CALADO,LISTA
14113,CAJ045003900470C20,"CAJA 450*390*470 C20 NO",PEGADO,LISTA
14113,CAJ045003900470C20,"CAJA 450*390*470 C20 NO",TROZADO,LISTA
14113,CAJ045003900470C20,"CAJA 450*390*470 C20 NO",OTRO,LISTA
14113,CAJ188005000840D94,"CAJA 1880*500*840 D94 NO",CALADO,LISTA
14113,CAJ188005000840D94,"CAJA 1880*500*840 D94 NO",PEGADO,LISTA
14113,CAJ188005000840D94,"CAJA 1880*500*840 D94 NO",TROZADO,LISTA
14113,CAJ188005000840D94,"CAJA 1880*500*840 D94 NO",OTRO,LISTA
14113,CAJ188005000840D94,"CAJA 1880*500*840 D94 NO",PLIZADO,LISTA
14113,CUB06300760006012C,"CUBIERTA 630*760*60 12C C1",EMPLACADO,LISTA
14113,CUB06300760006012C,"CUBIERTA 630*760*60 12C C1",TROZADO,LISTA
14113,CUB06300760006012C,"CUBIERTA 630*760*60 12C C1",OTRO,LISTA
14113,CUB06300760006012C,"CUBIERTA 630*760*60 12C C1",OTRO,LISTA
14113,CUB08300490003012C,"CUBIERTA 830*490*30 12C C1",EMPLACADO,LISTA
14113,CUB08300490003012C,"CUBIERTA 830*490*30 12C C1",TROZADO,LISTA
14113,CUB08300490003012C,"CUBIERTA 830*490*30 12C C1",OTRO,LISTA
14113,CUB08300490003012C,"CUBIERTA 830*490*30 12C C1",OTRO,LISTA
14113,CUB09000760006009B,"CUBIERTA 900*760*60 12C C1",EMPLACADO,LISTA
14113,CUB09000760006009B,"CUBIERTA 900*760*60 12C C1",TROZADO,LISTA
14113,CUB09000760006009B,"CUBIERTA 900*760*60 12C C1",OTRO,LISTA
14113,CUB09000760006009B,"CUBIERTA 900*760*60 12C C1",OTRO,LISTA
14113,CUB18200760003012C,"CUBIERTA 1820*760*30 12C C1",EMPLACADO,LISTA
14113,CUB18200760003012C,"CUBIERTA 1820*760*30 12C C1",TROZADO,LISTA
14113,CUB18200760003012C,"CUBIERTA 1820*760*30 12C C1",OTRO,LISTA
14113,CUB18200760003012C,"CUBIERTA 1820*760*30 12C C1",OTRO,LISTA
14113,CUB18300490003012C,"CUBIERTA 1830*490*30 12C C1",EMPLACADO,LISTA
14113,CUB18300490003012C,"CUBIERTA 1830*490*30 12C C1",TROZADO,LISTA
14113,CUB18300490003012C,"CUBIERTA 1830*490*30 12C C1",OTRO,LISTA
14113,CUB18300490003012C,"CUBIERTA 1830*490*30 12C C1",OTRO,LISTA
14113,SEP083004900007D94,"SEPARADOR 830*490 D94 SEP",TROZADO,LISTA
14113,SEP083004900007D94,"SEPARADOR 830*490 D94 SEP",OTRO,LISTA
14113,SEP083004900007D94,"SEPARADOR 830*490 D94 SEP",OTRO,LISTA
14113,SEP113003950003C20,"SEPARADOR 1130*395 C20 SEP 3 PLIZ",TROZADO,LISTA
14113,SEP113003950003C20,"SEPARADOR 1130*395 C20 SEP 3 PLIZ",OTRO,LISTA
14113,SEP113003950003C20,"SEPARADOR 1130*395 C20 SEP 3 PLIZ",OTRO,LISTA
14113,SEP189003950003C20,"SEPARADOR 1890*395 C20 SEP 3 PLIZ",TROZADO,LISTA
14113,SEP189003950003C20,"SEPARADOR 1890*395 C20 SEP 3 PLIZ",OTRO,LISTA
14113,SEP189003950003C20,"SEPARADOR 1890*395 C20 SEP 3 PLIZ",OTRO,LISTA
14114,REL1100001839.509B,"RELLENO 110C18 39.5 09B CELDA 337",MULTIPLE,LISTA
14114,REL1100001839.509B,"RELLENO 110C18 39.5 09B CELDA 337",OTRO,LISTA
14114,REL1100001839.509B,"RELLENO 110C18 39.5 09B CELDA 337",ENCOLADO,LISTA
14114,REL1100002537.509B,"RELLENO 110C25 37.5 09B CELDA 249",OTRO,LISTA
14114,REL1100002537.509B,"RELLENO 110C25 37.5 09B CELDA 249",ENCOLADO,LISTA
14114,REL1100002537.509B,"RELLENO 110C25 37.5 09B CELDA 249",MULTIPLE,LISTA
14115,REL1100002537.509B,"RELLENO 110C25 37.5 09B CELDA 249",OTRO,LISTA
14115,REL1100002537.509B,"RELLENO 110C25 37.5 09B CELDA 249",ENCOLADO,LISTA
14115,REL1100002537.509B,"RELLENO 110C25 37.5 09B CELDA 249",MULTIPLE,LISTA
14116,REL0950002139.709B,"RELLENO 95C21 39.7 09B CELDA 287",ENCOLADO,LISTA
14116,REL0950002139.709B,"RELLENO 95C21 39.7 09B CELDA 287",MULTIPLE,LISTA
14116,REL0950002139.709B,"RELLENO 95C21 39.7 09B CELDA 287",OTRO,LISTA
14117,REL1100002132.509B,"RELLENO 110C21 32.5 09B CELDA 291",ENCOLADO,LISTA
14117,REL1100002132.509B,"RELLENO 110C21 32.5 09B CELDA 291",MULTIPLE,LISTA
14117,REL1100002132.509B,"RELLENO 110C21 32.5 09B CELDA 291",OTRO,LISTA
14118,REL1100003539.510E,"RELLENO 110C35 39.5 10E CELDA 186",MULTIPLE,LISTA
14118,REL1100003539.510E,"RELLENO 110C35 39.5 10E CELDA 186",ENCOLADO,LISTA
14118,REL1100003539.510E,"RELLENO 110C35 39.5 10E CELDA 186",OTRO,LISTA
14119,REL1200002532.509B,"RELLENO 120C25 32.5 09B CELDA 274",ENCOLADO,LISTA
14119,REL1200002532.509B,"RELLENO 120C25 32.5 09B CELDA 274",MULTIPLE,LISTA
14119,REL1200002532.509B,"RELLENO 120C25 32.5 09B CELDA 274",OTRO,LISTA
14119,REL1200002537.509B,"RELLENO 120C25 37.5 09B CELDA 274.",OTRO,LISTA
14119,REL1200002537.509B,"RELLENO 120C25 37.5 09B CELDA 274.",ENCOLADO,LISTA
14119,REL1200002537.509B,"RELLENO 120C25 37.5 09B CELDA 274.",MULTIPLE,LISTA
14119,REL1200002537.509B,"RELLENO 120C25 37.5 09B CELDA 274.",OTRO,LISTA
14120,EMP093009301025D99,"BIN 465*465*465*1025 D99 O3 OCTO1000.",TROZADO,LISTA
14120,EMP093009301025D99,"BIN 465*465*465*1025 D99 O3 OCTO1000.",OTRO,LISTA
14120,EMP093009301025D99,"BIN 465*465*465*1025 D99 O3 OCTO1000.",OTRO,LISTA
14120,EMP093009301025D99,"BIN 465*465*465*1025 D99 O3 OCTO1000.",OTRO,LISTA
14120,EMP093009301025D99,"BIN 465*465*465*1025 D99 O3 OCTO1000.",EMPLACADO,LISTA
14120,EMP093009301025D99,"BIN 465*465*465*1025 D99 O3 OCTO1000.",PEGADO,LISTA
14120,EMP093009301025D99,"BIN 465*465*465*1025 D99 O3 OCTO1000.",IMPRESION,LISTA
14120,EMP093009301025D99,"BIN 465*465*465*1025 D99 O3 OCTO1000.",OTRO,LISTA
14120,TRO141513150120C30,"FONDO 445*445*120 C30 TRO OCTO1000",TROZADO,LISTA
14120,TRO141513150120C30,"FONDO 445*445*120 C30 TRO OCTO1000",OTRO,LISTA
14120,TRO141513150120C30,"FONDO 445*445*120 C30 TRO OCTO1000",TROQUELADO,LISTA
14121,EMP094009401001D92,"BIN 940*940*1000 D92 B2",EMPLACADO,LISTA
14121,EMP094009401001D92,"BIN 940*940*1000 D92 B2",TROZADO,LISTA
14121,EMP094009401001D92,"BIN 940*940*1000 D92 B2",OTRO,LISTA
14121,EMP094009401001D92,"BIN 940*940*1000 D92 B2",OTRO,LISTA
14121,EMP094009401001D92,"BIN 940*940*1000 D92 B2",PEGADO,LISTA
14121,EMP094009401001D92,"BIN 940*940*1000 D92 B2",OTRO,LISTA
14121,TRO140012000101C20,"TAPA 985*985*100 C20 AA TRO",TROZADO,LISTA
14121,TRO140012000101C20,"TAPA 985*985*100 C20 AA TRO",TROQUELADO,LISTA
14121,TRO140012000101C20,"TAPA 985*985*100 C20 AA TRO",OTRO,LISTA
14122,REL1100002537.509B,"RELLENO 110C25 37.5 09B CELDA 249",OTRO,LISTA
14122,REL1100002537.509B,"RELLENO 110C25 37.5 09B CELDA 249",ENCOLADO,LISTA
14122,REL1100002537.509B,"RELLENO 110C25 37.5 09B CELDA 249",MULTIPLE,LISTA
14123,REL1100002537.509B,"RELLENO 110C25 37.5 09B CELDA 249",OTRO,PENDIENTE
14123,REL1100002537.509B,"RELLENO 110C25 37.5 09B CELDA 249",ENCOLADO,PENDIENTE
14123,REL1100002537.509B,"RELLENO 110C25 37.5 09B CELDA 249",MULTIPLE,PENDIENTE
14124,CAJ055003250150C20,"CAJA 550*325*150 C20 NO",PLIZADO,LISTA
14124,CAJ055003250150C20,"CAJA 550*325*150 C20 NO",CALADO,LISTA
14124,CAJ055003250150C20,"CAJA 550*325*150 C20 NO",PEGADO,LISTA
14124,CAJ055003250150C20,"CAJA 550*325*150 C20 NO",OTRO,LISTA
14124,CAJ055003250150C20,"CAJA 550*325*150 C20 NO",IMPRESION,LISTA
14125,REL0950001837.509B,"RELLENO 95C18 37,5 09B CELDA 287.",MULTIPLE,LISTA
14125,REL0950001837.509B,"RELLENO 95C18 37,5 09B CELDA 287.",OTRO,LISTA
14125,REL0950001837.509B,"RELLENO 95C18 37,5 09B CELDA 287.",ENCOLADO,LISTA
14126,CAJ209508950175C20,"TAPA 2095*895*175 C20 FO",PLIZADO,LISTA
14126,CAJ209508950175C20,"TAPA 2095*895*175 C20 FO",CALADO,LISTA
14126,CAJ209508950175C20,"TAPA 2095*895*175 C20 FO",TROZADO,LISTA
14126,CAJ209508950175C20,"TAPA 2095*895*175 C20 FO",OTRO,LISTA
14127,CAJ076005700600D94,"CAJA 760*570*600 D94 FN",PLIZADO,LISTA
14127,CAJ076005700600D94,"CAJA 760*570*600 D94 FN",CALADO,LISTA
14127,CAJ076005700600D94,"CAJA 760*570*600 D94 FN",PEGADO,LISTA
14127,CAJ076005700600D94,"CAJA 760*570*600 D94 FN",TROZADO,LISTA
14127,CAJ076005700600D94,"CAJA 760*570*600 D94 FN",OTRO,LISTA
14127,CAJ076005700600D94,"CAJA 760*570*600 D94 FN",IMPRESION,LISTA
14127,CAJ078005900100C20,"TAPA 780*590*100 C20 AA",PLIZADO,LISTA
14127,CAJ078005900100C20,"TAPA 780*590*100 C20 AA",CALADO,LISTA
14127,CAJ078005900100C20,"TAPA 780*590*100 C20 AA",TROZADO,LISTA
14127,CAJ078005900100C20,"TAPA 780*590*100 C20 AA",OTRO,LISTA
14128,CAJ023002300235D92,"CAJA 230*230*235 D92 NO",PLIZADO,LISTA
14128,CAJ023002300235D92,"CAJA 230*230*235 D92 NO",PEGADO,LISTA
14128,CAJ023002300235D92,"CAJA 230*230*235 D92 NO",TROZADO,LISTA
14128,CAJ023002300235D92,"CAJA 230*230*235 D92 NO",OTRO,LISTA
14128,CAJ023002300235D92,"CAJA 230*230*235 D92 NO",OTRO,LISTA
14129,REL0950002137.509B,"RELLENO 95C21 37.5 09B CELDA 287",ENCOLADO,LISTA
14129,REL0950002137.509B,"RELLENO 95C21 37.5 09B CELDA 287",MULTIPLE,LISTA
14129,REL0950002137.509B,"RELLENO 95C21 37.5 09B CELDA 287",OTRO,LISTA
14130,CAJ118009700120C20,"TAPA 1180*970*120 C20 FO",PLIZADO,LISTA
14130,CAJ118009700120C20,"TAPA 1180*970*120 C20 FO",CALADO,LISTA
14130,CAJ118009700120C20,"TAPA 1180*970*120 C20 FO",TROZADO,LISTA
14130,CAJ118009700120C20,"TAPA 1180*970*120 C20 FO",OTRO,LISTA
14131,REL0950002137.709B,"RELLENO 95C21 37.7 09B CELDA 287",OTRO,LISTA
14131,REL0950002137.709B,"RELLENO 95C21 37.7 09B CELDA 287",ENCOLADO,LISTA
14131,REL0950002137.709B,"RELLENO 95C21 37.7 09B CELDA 287",MULTIPLE,LISTA
14131,REL0950002137.709B,"RELLENO 95C21 37.7 09B CELDA 287",OTRO,LISTA
14131,REL1100002137.709B,"RELLENO 110C21 37.7 09B CELDA 291",ENCOLADO,LISTA
14131,REL1100002137.709B,"RELLENO 110C21 37.7 09B CELDA 291",MULTIPLE,LISTA
14131,REL1100002137.709B,"RELLENO 110C21 37.7 09B CELDA 291",OTRO,LISTA
14132,CAJ039503600325D92,"CAJA 395*360*325 D92 NO.",PLIZADO,LISTA
14132,CAJ039503600325D92,"CAJA 395*360*325 D92 NO.",CALADO,LISTA
14132,CAJ039503600325D92,"CAJA 395*360*325 D92 NO.",PEGADO,LISTA
14132,CAJ039503600325D92,"CAJA 395*360*325 D92 NO.",TROZADO,LISTA
14132,CAJ039503600325D92,"CAJA 395*360*325 D92 NO.",OTRO,LISTA
14132,CAJ039503600325D92,"CAJA 395*360*325 D92 NO.",IMPRESION,LISTA
14133,REL1100002132.509B,"RELLENO 110C21 32.5 09B CELDA 291",ENCOLADO,LISTA
14133,REL1100002132.509B,"RELLENO 110C21 32.5 09B CELDA 291",MULTIPLE,LISTA
14133,REL1100002132.509B,"RELLENO 110C21 32.5 09B CELDA 291",OTRO,LISTA
14133,REL1100002138.509B,"RELLENO 110C21 38.5 09B CELDA 291",OTRO,LISTA
14133,REL1100002138.509B,"RELLENO 110C21 38.5 09B CELDA 291",ENCOLADO,LISTA
14133,REL1100002138.509B,"RELLENO 110C21 38.5 09B CELDA 291",MULTIPLE,LISTA
14133,REL1100002138.509B,"RELLENO 110C21 38.5 09B CELDA 291",OTRO,LISTA
14134,CAJ195005000720C20,"CAJA 1950*500*720 C20 TR.",CALADO,LISTA
14134,CAJ195005000720C20,"CAJA 1950*500*720 C20 TR.",PEGADO,LISTA
14134,CAJ195005000720C20,"CAJA 1950*500*720 C20 TR.",TROZADO,LISTA
14134,CAJ195005000720C20,"CAJA 1950*500*720 C20 TR.",OTRO,LISTA
14134,CAJ195005000720C20,"CAJA 1950*500*720 C20 TR.",PLIZADO,LISTA
14135,REL11000030002710E,"RELLENO 110C30 27.0 10E CELDA 239",OTRO,LISTA
14135,REL11000030002710E,"RELLENO 110C30 27.0 10E CELDA 239",MULTIPLE,LISTA
14135,REL11000030002710E,"RELLENO 110C30 27.0 10E CELDA 239",ENCOLADO,LISTA
14135,REL11000030002710E,"RELLENO 110C30 27.0 10E CELDA 239",OTRO,LISTA
14135,REL11000030003410E,"RELLENO 110C30 34.0 10E CELDA 239",OTRO,LISTA
14135,REL11000030003410E,"RELLENO 110C30 34.0 10E CELDA 239",MULTIPLE,LISTA
14135,REL11000030003410E,"RELLENO 110C30 34.0 10E CELDA 239",ENCOLADO,LISTA
14135,REL11000030003410E,"RELLENO 110C30 34.0 10E CELDA 239",OTRO,LISTA
14135,REL11000030003710E,"RELLENO 110C30 37.0 10E CELDA 239",OTRO,LISTA
14135,REL11000030003710E,"RELLENO 110C30 37.0 10E CELDA 239",MULTIPLE,LISTA
14135,REL11000030003710E,"RELLENO 110C30 37.0 10E CELDA 239",ENCOLADO,LISTA
14136,REL1100002537.509B,"RELLENO 110C25 37.5 09B CELDA 249",OTRO,LISTA
14136,REL1100002537.509B,"RELLENO 110C25 37.5 09B CELDA 249",ENCOLADO,LISTA
14136,REL1100002537.509B,"RELLENO 110C25 37.5 09B CELDA 249",MULTIPLE,LISTA
14137,TRO187607880003C20,"CAJA 685*233/553 C20 NO TROQUELADA",PEGADO,LISTA
14137,TRO187607880003C20,"CAJA 685*233/553 C20 NO TROQUELADA",TROZADO,LISTA
14137,TRO187607880003C20,"CAJA 685*233/553 C20 NO TROQUELADA",OTRO,LISTA
14137,TRO187607880003C20,"CAJA 685*233/553 C20 NO TROQUELADA",IMPRESION,LISTA
14137,TRO187607880003C20,"CAJA 685*233/553 C20 NO TROQUELADA",TROQUELADO,LISTA
14137,TRO187607880003C20,"CAJA 685*233/553 C20 NO TROQUELADA",OTRO,LISTA
14138,EMP032001600030D92,"PROTECTOR 300*150*30 D92 E4 TRO 2 MODELO",TROZADO,LISTA
14138,EMP032001600030D92,"PROTECTOR 300*150*30 D92 E4 TRO 2 MODELO",OTRO,LISTA
14138,EMP032001600030D92,"PROTECTOR 300*150*30 D92 E4 TRO 2 MODELO",OTRO,LISTA
14138,EMP032001600030D92,"PROTECTOR 300*150*30 D92 E4 TRO 2 MODELO",TROQUELADO,LISTA
14138,EMP032001600030D92,"PROTECTOR 300*150*30 D92 E4 TRO 2 MODELO",OTRO,LISTA
14138,EMP032001600030D92,"PROTECTOR 300*150*30 D92 E4 TRO 2 MODELO",EMPLACADO,LISTA
14138,EMP046003750040D92,"PROTECTOR 460*375*40 D92 E6 TRO.",TROZADO,LISTA
14138,EMP046003750040D92,"PROTECTOR 460*375*40 D92 E6 TRO.",OTRO,LISTA
14138,EMP046003750040D92,"PROTECTOR 460*375*40 D92 E6 TRO.",OTRO,LISTA
14138,EMP046003750040D92,"PROTECTOR 460*375*40 D92 E6 TRO.",TROQUELADO,LISTA
14138,EMP046003750040D92,"PROTECTOR 460*375*40 D92 E6 TRO.",OTRO,LISTA
14138,EMP046003750040D92,"PROTECTOR 460*375*40 D92 E6 TRO.",EMPLACADO,LISTA
14138,TRO112009300004C20,"CAJA 500*390*100 C20 TRO COFRE.",TROZADO,LISTA
14138,TRO112009300004C20,"CAJA 500*390*100 C20 TRO COFRE.",IMPRESION,LISTA
14138,TRO112009300004C20,"CAJA 500*390*100 C20 TRO COFRE.",OTRO,LISTA
14138,TRO112009300004C20,"CAJA 500*390*100 C20 TRO COFRE.",OTRO,LISTA
14138,TRO112009300004C20,"CAJA 500*390*100 C20 TRO COFRE.",TROQUELADO,LISTA
14138,TRO112009300004C20,"CAJA 500*390*100 C20 TRO COFRE.",OTRO,LISTA
14139,CAJ192002901250D92,"CAJA 1920*290*1250 D92 TR.",CALADO,LISTA
14139,CAJ192002901250D92,"CAJA 1920*290*1250 D92 TR.",PEGADO,LISTA
14139,CAJ192002901250D92,"CAJA 1920*290*1250 D92 TR.",TROZADO,LISTA
14139,CAJ192002901250D92,"CAJA 1920*290*1250 D92 TR.",OTRO,LISTA
14139,CAJ192002901250D92,"CAJA 1920*290*1250 D92 TR.",PLIZADO,LISTA
14140,REL1100002532.509B,"RELLENO 110C25 32.5 09B CELDA 249",OTRO,LISTA
14140,REL1100002532.509B,"RELLENO 110C25 32.5 09B CELDA 249",ENCOLADO,LISTA
14140,REL1100002532.509B,"RELLENO 110C25 32.5 09B CELDA 249",MULTIPLE,LISTA
14140,REL1100002532.509B,"RELLENO 110C25 32.5 09B CELDA 249",OTRO,LISTA
14140,REL1100002532.509B,"RELLENO 110C25 32.5 09B CELDA 249",OTRO,LISTA
14140,REL1100002537.509B,"RELLENO 110C25 37.5 09B CELDA 249",OTRO,LISTA
14140,REL1100002537.509B,"RELLENO 110C25 37.5 09B CELDA 249",ENCOLADO,LISTA
14140,REL1100002537.509B,"RELLENO 110C25 37.5 09B CELDA 249",MULTIPLE,LISTA
14141,REL1100002532.509B,"RELLENO 110C25 32.5 09B CELDA 249",OTRO,LISTA
14141,REL1100002532.509B,"RELLENO 110C25 32.5 09B CELDA 249",ENCOLADO,LISTA
14141,REL1100002532.509B,"RELLENO 110C25 32.5 09B CELDA 249",MULTIPLE,LISTA
14141,REL1100002532.509B,"RELLENO 110C25 32.5 09B CELDA 249",OTRO,LISTA
14141,REL1100002532.509B,"RELLENO 110C25 32.5 09B CELDA 249",OTRO,LISTA
14141,REL1100002536.509B,"RELLENO 110C25 36.5 09B CELDA 249",OTRO,LISTA
14141,REL1100002536.509B,"RELLENO 110C25 36.5 09B CELDA 249",ENCOLADO,LISTA
14141,REL1100002536.509B,"RELLENO 110C25 36.5 09B CELDA 249",MULTIPLE,LISTA
14141,REL1100002536.509B,"RELLENO 110C25 36.5 09B CELDA 249",OTRO,LISTA
14141,REL1100002537.509B,"RELLENO 110C25 37.5 09B CELDA 249",OTRO,LISTA
14141,REL1100002537.509B,"RELLENO 110C25 37.5 09B CELDA 249",ENCOLADO,LISTA
14141,REL1100002537.509B,"RELLENO 110C25 37.5 09B CELDA 249",MULTIPLE,LISTA
14142,REL0950001837.509B,"RELLENO 95C18 37,5 09B CELDA 287.",MULTIPLE,LISTA
14142,REL0950001837.509B,"RELLENO 95C18 37,5 09B CELDA 287.",OTRO,LISTA
14142,REL0950001837.509B,"RELLENO 95C18 37,5 09B CELDA 287.",ENCOLADO,LISTA
14142,REL0950001839.509B,"RELLENO 95C18 39.5 09B CELDA 287",MULTIPLE,LISTA
14142,REL0950001839.509B,"RELLENO 95C18 39.5 09B CELDA 287",OTRO,LISTA
14142,REL0950001839.509B,"RELLENO 95C18 39.5 09B CELDA 287",ENCOLADO,LISTA
14143,REL0950001837.509B,"RELLENO 95C18 37,5 09B CELDA 287.",MULTIPLE,LISTA
14143,REL0950001837.509B,"RELLENO 95C18 37,5 09B CELDA 287.",OTRO,LISTA
14143,REL0950001837.509B,"RELLENO 95C18 37,5 09B CELDA 287.",ENCOLADO,LISTA
14143,REL0950001839.509B,"RELLENO 95C18 39.5 09B CELDA 287",MULTIPLE,LISTA
14143,REL0950001839.509B,"RELLENO 95C18 39.5 09B CELDA 287",OTRO,LISTA
14143,REL0950001839.509B,"RELLENO 95C18 39.5 09B CELDA 287",ENCOLADO,LISTA
14143,REL1100001839.509B,"RELLENO 110C18 39.5 09B CELDA 337",MULTIPLE,LISTA
14143,REL1100001839.509B,"RELLENO 110C18 39.5 09B CELDA 337",OTRO,LISTA
14143,REL1100001839.509B,"RELLENO 110C18 39.5 09B CELDA 337",ENCOLADO,LISTA
14144,REL0950001839.509B,"RELLENO 95C18 39.5 09B CELDA 287",MULTIPLE,LISTA
14144,REL0950001839.509B,"RELLENO 95C18 39.5 09B CELDA 287",OTRO,LISTA
14144,REL0950001839.509B,"RELLENO 95C18 39.5 09B CELDA 287",ENCOLADO,LISTA
14145,REL0390000629.509B,"RELLENO BASTON 39 C6 39.5 09B SOLIDO",MULTIPLE,LISTA
14145,REL0390000629.509B,"RELLENO BASTON 39 C6 39.5 09B SOLIDO",TROZADO,LISTA
14145,REL0390000629.509B,"RELLENO BASTON 39 C6 39.5 09B SOLIDO",OTRO,LISTA
14145,REL0390000629.509B,"RELLENO BASTON 39 C6 39.5 09B SOLIDO",ENCOLADO,LISTA
14145,REL0950001839.509B,"RELLENO 95C18 39.5 09B CELDA 287",MULTIPLE,LISTA
14145,REL0950001839.509B,"RELLENO 95C18 39.5 09B CELDA 287",OTRO,LISTA
14145,REL0950001839.509B,"RELLENO 95C18 39.5 09B CELDA 287",ENCOLADO,LISTA
14145,REL1100001839.509B,"RELLENO 110C18 39.5 09B CELDA 337",MULTIPLE,LISTA
14145,REL1100001839.509B,"RELLENO 110C18 39.5 09B CELDA 337",OTRO,LISTA
14145,REL1100001839.509B,"RELLENO 110C18 39.5 09B CELDA 337",ENCOLADO,LISTA
14145,REL1100002538.509B,"RELLENO 110C25 38.5 09B CELDA 249",OTRO,LISTA
14145,REL1100002538.509B,"RELLENO 110C25 38.5 09B CELDA 249",ENCOLADO,LISTA
14145,REL1100002538.509B,"RELLENO 110C25 38.5 09B CELDA 249",MULTIPLE,LISTA
14145,REL1100002538.509B,"RELLENO 110C25 38.5 09B CELDA 249",OTRO,LISTA
14145,REL1100002538.509B,"RELLENO 110C25 38.5 09B CELDA 249",OTRO,LISTA
14146,CAJ209508950175C20,"TAPA 2095*895*175 C20 FO",PLIZADO,LISTA
14146,CAJ209508950175C20,"TAPA 2095*895*175 C20 FO",CALADO,LISTA
14146,CAJ209508950175C20,"TAPA 2095*895*175 C20 FO",TROZADO,LISTA
14146,CAJ209508950175C20,"TAPA 2095*895*175 C20 FO",OTRO,LISTA
14148,REL0950002139.709B,"RELLENO 95C21 39.7 09B CELDA 287",ENCOLADO,LISTA
14148,REL0950002139.709B,"RELLENO 95C21 39.7 09B CELDA 287",MULTIPLE,LISTA
14148,REL0950002139.709B,"RELLENO 95C21 39.7 09B CELDA 287",OTRO,LISTA
14149,CAJ102406420225C20,"TAPA 1024*642*225 C20 FO",PLIZADO,LISTA
14149,CAJ102406420225C20,"TAPA 1024*642*225 C20 FO",CALADO,LISTA
14149,CAJ102406420225C20,"TAPA 1024*642*225 C20 FO",TROZADO,LISTA
14149,CAJ102406420225C20,"TAPA 1024*642*225 C20 FO",OTRO,LISTA
14149,CAJ118506420200C20,"TAPA EMBALAJE 1185*642*200 C20",PLIZADO,LISTA
14149,CAJ118506420200C20,"TAPA EMBALAJE 1185*642*200 C20",CALADO,LISTA
14149,CAJ118506420200C20,"TAPA EMBALAJE 1185*642*200 C20",OTRO,LISTA
14150,REL0950002139.709B,"RELLENO 95C21 39.7 09B CELDA 287",ENCOLADO,LISTA
14150,REL0950002139.709B,"RELLENO 95C21 39.7 09B CELDA 287",MULTIPLE,LISTA
14150,REL0950002139.709B,"RELLENO 95C21 39.7 09B CELDA 287",OTRO,LISTA
14151,EMP093009301025D99,"BIN 465*465*465*1025 D99 O3 OCTO1000.",TROZADO,LISTA
14151,EMP093009301025D99,"BIN 465*465*465*1025 D99 O3 OCTO1000.",OTRO,LISTA
14151,EMP093009301025D99,"BIN 465*465*465*1025 D99 O3 OCTO1000.",OTRO,LISTA
14151,EMP093009301025D99,"BIN 465*465*465*1025 D99 O3 OCTO1000.",OTRO,LISTA
14151,EMP093009301025D99,"BIN 465*465*465*1025 D99 O3 OCTO1000.",EMPLACADO,LISTA
14151,EMP093009301025D99,"BIN 465*465*465*1025 D99 O3 OCTO1000.",PEGADO,LISTA
14151,EMP093009301025D99,"BIN 465*465*465*1025 D99 O3 OCTO1000.",IMPRESION,LISTA
14151,EMP093009301025D99,"BIN 465*465*465*1025 D99 O3 OCTO1000.",OTRO,LISTA
14151,EMP093009301150D98,"BIN 465*465*1150 D98 O3 OCTO 1100",TROZADO,LISTA
14151,EMP093009301150D98,"BIN 465*465*1150 D98 O3 OCTO 1100",OTRO,LISTA
14151,EMP093009301150D98,"BIN 465*465*1150 D98 O3 OCTO 1100",OTRO,LISTA
14151,EMP093009301150D98,"BIN 465*465*1150 D98 O3 OCTO 1100",OTRO,LISTA
14151,EMP093009301150D98,"BIN 465*465*1150 D98 O3 OCTO 1100",OTRO,LISTA
14151,EMP093009301150D98,"BIN 465*465*1150 D98 O3 OCTO 1100",EMPLACADO,LISTA
14151,EMP093009301150D98,"BIN 465*465*1150 D98 O3 OCTO 1100",PEGADO,LISTA
14151,EMP093009301150D98,"BIN 465*465*1150 D98 O3 OCTO 1100",IMPRESION,LISTA
14151,EMP093009301150D98,"BIN 465*465*1150 D98 O3 OCTO 1100",OTRO,LISTA
14151,TRO141513150120C30,"FONDO 445*445*120 C30 TRO OCTO1000",TROZADO,LISTA
14151,TRO141513150120C30,"FONDO 445*445*120 C30 TRO OCTO1000",OTRO,LISTA
14151,TRO141513150120C30,"FONDO 445*445*120 C30 TRO OCTO1000",TROQUELADO,LISTA
14152,REL0390000629.509B,"RELLENO BASTON 39 C6 39.5 09B SOLIDO",MULTIPLE,LISTA
14152,REL0390000629.509B,"RELLENO BASTON 39 C6 39.5 09B SOLIDO",TROZADO,LISTA
14152,REL0390000629.509B,"RELLENO BASTON 39 C6 39.5 09B SOLIDO",OTRO,LISTA
14152,REL0390000629.509B,"RELLENO BASTON 39 C6 39.5 09B SOLIDO",ENCOLADO,LISTA
14153,REL1100002532.509B,"RELLENO 110C25 32.5 09B CELDA 249",OTRO,LISTA
14153,REL1100002532.509B,"RELLENO 110C25 32.5 09B CELDA 249",ENCOLADO,LISTA
14153,REL1100002532.509B,"RELLENO 110C25 32.5 09B CELDA 249",MULTIPLE,LISTA
14153,REL1100002532.509B,"RELLENO 110C25 32.5 09B CELDA 249",OTRO,LISTA
14153,REL1100002532.509B,"RELLENO 110C25 32.5 09B CELDA 249",OTRO,LISTA
14153,REL1100002537,509B,"RELLENO 110C25 37.5 09B CELDA 291",ENCOLADO,LISTA
14153,REL1100002537,509B,"RELLENO 110C25 37.5 09B CELDA 291",MULTIPLE,LISTA
14153,REL1100002537,509B,"RELLENO 110C25 37.5 09B CELDA 291",OTRO,LISTA
14155,TRO058104210250C30,"CAJA 581*421*250 C30 NO TRO.",TROZADO,LISTA
14155,TRO058104210250C30,"CAJA 581*421*250 C30 NO TRO.",OTRO,LISTA
14155,TRO058104210250C30,"CAJA 581*421*250 C30 NO TRO.",IMPRESION,LISTA
14155,TRO058104210250C30,"CAJA 581*421*250 C30 NO TRO.",TROQUELADO,LISTA
14155,TRO058104210250C30,"CAJA 581*421*250 C30 NO TRO.",OTRO,LISTA
14156,TRO058104210250C30,"CAJA 581*421*250 C30 NO TRO.
",TROZADO,LISTA
14156,TRO058104210250C30,"CAJA 581*421*250 C30 NO TRO.
",OTRO,LISTA
14156,TRO058104210250C30,"CAJA 581*421*250 C30 NO TRO.
",IMPRESION,LISTA
14156,TRO058104210250C30,"CAJA 581*421*250 C30 NO TRO.
",TROQUELADO,LISTA
14156,TRO058104210250C30,"CAJA 581*421*250 C30 NO TRO.
",OTRO,LISTA
14157,TRO075003170003C20,"CAJA 190*145*162 C20 NO TRO",PEGADO,LISTA
14157,TRO075003170003C20,"CAJA 190*145*162 C20 NO TRO",TROZADO,LISTA
14157,TRO075003170003C20,"CAJA 190*145*162 C20 NO TRO",IMPRESION,LISTA
14157,TRO075003170003C20,"CAJA 190*145*162 C20 NO TRO",TROQUELADO,LISTA
14158,EMP104008500600D94,"BIN 740*550*300*600 D94 O2",EMPLACADO,LISTA
14158,EMP104008500600D94,"BIN 740*550*300*600 D94 O2",TROZADO,LISTA
14158,EMP104008500600D94,"BIN 740*550*300*600 D94 O2",OTRO,LISTA
14158,EMP104008500600D94,"BIN 740*550*300*600 D94 O2",OTRO,LISTA
14158,EMP104008500600D94,"BIN 740*550*300*600 D94 O2",OTRO,LISTA
14158,EMP104008500600D94,"BIN 740*550*300*600 D94 O2",OTRO,LISTA
14158,EMP104008500600D94,"BIN 740*550*300*600 D94 O2",PEGADO,LISTA
14158,EMP104008500600D94,"BIN 740*550*300*600 D94 O2",IMPRESION,LISTA
14158,EMP104008500910D94,"BIN 740*550*300*910 D94 O2 RECTOCTO EXT.",EMPLACADO,LISTA
14158,EMP104008500910D94,"BIN 740*550*300*910 D94 O2 RECTOCTO EXT.",TROZADO,LISTA
14158,EMP104008500910D94,"BIN 740*550*300*910 D94 O2 RECTOCTO EXT.",OTRO,LISTA
14158,EMP104008500910D94,"BIN 740*550*300*910 D94 O2 RECTOCTO EXT.",OTRO,LISTA
14158,EMP104008500910D94,"BIN 740*550*300*910 D94 O2 RECTOCTO EXT.",OTRO,LISTA
14158,EMP104008500910D94,"BIN 740*550*300*910 D94 O2 RECTOCTO EXT.",OTRO,LISTA
14158,EMP104008500910D94,"BIN 740*550*300*910 D94 O2 RECTOCTO EXT.",PEGADO,LISTA
14158,EMP104008500910D94,"BIN 740*550*300*910 D94 O2 RECTOCTO EXT.",IMPRESION,LISTA
14158,EMP104008500910D94,"BIN 740*550*300*910 D94 O2 RECTOCTO EXT.",OTRO,LISTA
14158,TRO149712980150D92,"TAPA 750*540*320*150 D92 TRO RECTOCTO S/V",TROZADO,LISTA
14158,TRO149712980150D92,"TAPA 750*540*320*150 D92 TRO RECTOCTO S/V",TROQUELADO,LISTA
14159,EMP104008500600D94,"BIN 740*550*300*600 D94 O2",EMPLACADO,LISTA
14159,EMP104008500600D94,"BIN 740*550*300*600 D94 O2",TROZADO,LISTA
14159,EMP104008500600D94,"BIN 740*550*300*600 D94 O2",OTRO,LISTA
14159,EMP104008500600D94,"BIN 740*550*300*600 D94 O2",OTRO,LISTA
14159,EMP104008500600D94,"BIN 740*550*300*600 D94 O2",OTRO,LISTA
14159,EMP104008500600D94,"BIN 740*550*300*600 D94 O2",OTRO,LISTA
14159,EMP104008500600D94,"BIN 740*550*300*600 D94 O2",PEGADO,LISTA
14159,EMP104008500600D94,"BIN 740*550*300*600 D94 O2",IMPRESION,LISTA
14159,EMP104008500910D94,"BIN 740*550*300*910 D94 O2 RECTOCTO EXT.",EMPLACADO,LISTA
14159,EMP104008500910D94,"BIN 740*550*300*910 D94 O2 RECTOCTO EXT.",TROZADO,LISTA
14159,EMP104008500910D94,"BIN 740*550*300*910 D94 O2 RECTOCTO EXT.",OTRO,LISTA
14159,EMP104008500910D94,"BIN 740*550*300*910 D94 O2 RECTOCTO EXT.",OTRO,LISTA
14159,EMP104008500910D94,"BIN 740*550*300*910 D94 O2 RECTOCTO EXT.",OTRO,LISTA
14159,EMP104008500910D94,"BIN 740*550*300*910 D94 O2 RECTOCTO EXT.",OTRO,LISTA
14159,EMP104008500910D94,"BIN 740*550*300*910 D94 O2 RECTOCTO EXT.",PEGADO,LISTA
14159,EMP104008500910D94,"BIN 740*550*300*910 D94 O2 RECTOCTO EXT.",IMPRESION,LISTA
14159,EMP104008500910D94,"BIN 740*550*300*910 D94 O2 RECTOCTO EXT.",OTRO,LISTA
14159,TRO149712980150D92,"TAPA 750*540*320*150 D92 TRO RECTOCTO S/V",TROZADO,LISTA
14159,TRO149712980150D92,"TAPA 750*540*320*150 D92 TRO RECTOCTO S/V",TROQUELADO,LISTA
14160,REL0950002139.509B,"RELLENO 95C21 39.5 09B CELDA 287",ENCOLADO,LISTA
14160,REL0950002139.509B,"RELLENO 95C21 39.5 09B CELDA 287",MULTIPLE,LISTA
14160,REL0950002139.509B,"RELLENO 95C21 39.5 09B CELDA 287",OTRO,LISTA
14161,REL0950001837.509B,"RELLENO 95C18 37,5 09B CELDA 287.",MULTIPLE,LISTA
14161,REL0950001837.509B,"RELLENO 95C18 37,5 09B CELDA 287.",OTRO,LISTA
14161,REL0950001837.509B,"RELLENO 95C18 37,5 09B CELDA 287.",ENCOLADO,LISTA
14162,REL0950003232.710E,"RELLENO 95C32 32.7 10E CELDA 201",MULTIPLE,LISTA
14162,REL0950003232.710E,"RELLENO 95C32 32.7 10E CELDA 201",OTRO,LISTA
14162,REL0950003232.710E,"RELLENO 95C32 32.7 10E CELDA 201",ENCOLADO,LISTA
14162,REL0950003237.710E,"RELLENO 95C32 37.7 10E CELDA 201",MULTIPLE,LISTA
14162,REL0950003237.710E,"RELLENO 95C32 37.7 10E CELDA 201",OTRO,LISTA
14162,REL0950003237.710E,"RELLENO 95C32 37.7 10E CELDA 201",ENCOLADO,LISTA
14163,REL0950003232.710E,"RELLENO 95C32 32.7 10E CELDA 201",MULTIPLE,LISTA
14163,REL0950003232.710E,"RELLENO 95C32 32.7 10E CELDA 201",OTRO,LISTA
14163,REL0950003232.710E,"RELLENO 95C32 32.7 10E CELDA 201",ENCOLADO,LISTA
14163,REL0950003237.710E,"RELLENO 95C32 37.7 10E CELDA 201",MULTIPLE,LISTA
14163,REL0950003237.710E,"RELLENO 95C32 37.7 10E CELDA 201",OTRO,LISTA
14163,REL0950003237.710E,"RELLENO 95C32 37.7 10E CELDA 201",ENCOLADO,LISTA
14164,CAJ117009701001D98,"PERIMETRAL 1170*970*1000 D98 TU.",PEGADO,LISTA
14164,CAJ117009701001D98,"PERIMETRAL 1170*970*1000 D98 TU.",TROZADO,LISTA
14164,CAJ117009701001D98,"PERIMETRAL 1170*970*1000 D98 TU.",OTRO,LISTA
14164,CAJ117009701001D98,"PERIMETRAL 1170*970*1000 D98 TU.",PLIZADO,LISTA
14164,CAJ119009900240D94,"TAPA 1190*990*240 D94 FO",PLIZADO,LISTA
14164,CAJ119009900240D94,"TAPA 1190*990*240 D94 FO",CALADO,LISTA
14164,CAJ119009900240D94,"TAPA 1190*990*240 D94 FO",TROZADO,LISTA
14164,CAJ119009900240D94,"TAPA 1190*990*240 D94 FO",OTRO,LISTA
14165,TER175010201020D94,"ARBOL NAVIDAD",OTRO,PENDIENTE
14166,REL0950002139.709B,"RELLENO 95C21 39.7 09B CELDA 287",ENCOLADO,LISTA
14166,REL0950002139.709B,"RELLENO 95C21 39.7 09B CELDA 287",MULTIPLE,LISTA
14166,REL0950002139.709B,"RELLENO 95C21 39.7 09B CELDA 287",OTRO,LISTA
14167,REL1100002139.509B,"RELLENO 110C21 39.5 09B CELDA 291",ENCOLADO,LISTA
14167,REL1100002139.509B,"RELLENO 110C21 39.5 09B CELDA 291",MULTIPLE,LISTA
14167,REL1100002139.509B,"RELLENO 110C21 39.5 09B CELDA 291",OTRO,LISTA
14167,REL1100002139.709B,"RELLENO 110C21 A 39.7 09B CELDA 291",ENCOLADO,LISTA
14167,REL1100002139.709B,"RELLENO 110C21 A 39.7 09B CELDA 291",MULTIPLE,LISTA
14167,REL1100002139.709B,"RELLENO 110C21 A 39.7 09B CELDA 291",OTRO,LISTA
14167,REL1100002139.709B,"RELLENO 110C21 A 39.7 09B CELDA 291",OTRO,LISTA
14168,REL11000020003809B,"RELLENO 110C20 A 38.0 09B CELDA 291",MULTIPLE,LISTA
14168,REL11000020003809B,"RELLENO 110C20 A 38.0 09B CELDA 291",OTRO,LISTA
14168,REL11000020003809B,"RELLENO 110C20 A 38.0 09B CELDA 291",OTRO,LISTA
14168,REL11000020003809B,"RELLENO 110C20 A 38.0 09B CELDA 291",ENCOLADO,LISTA
14169,CAJ209508950175C20,"TAPA 2095*895*175 C20 FO",PLIZADO,LISTA
14169,CAJ209508950175C20,"TAPA 2095*895*175 C20 FO",CALADO,LISTA
14169,CAJ209508950175C20,"TAPA 2095*895*175 C20 FO",TROZADO,LISTA
14169,CAJ209508950175C20,"TAPA 2095*895*175 C20 FO",OTRO,LISTA
14170,REL1100002537.509B,"RELLENO 110C25 37.5 09B CELDA 249",OTRO,LISTA
14170,REL1100002537.509B,"RELLENO 110C25 37.5 09B CELDA 249",ENCOLADO,LISTA
14170,REL1100002537.509B,"RELLENO 110C25 37.5 09B CELDA 249",MULTIPLE,LISTA
14171,REL1100002534.509B,"RELLENO 110C25 34.5 09B CELDA 249",OTRO,LISTA
14171,REL1100002534.509B,"RELLENO 110C25 34.5 09B CELDA 249",ENCOLADO,LISTA
14171,REL1100002534.509B,"RELLENO 110C25 34.5 09B CELDA 249",MULTIPLE,LISTA
14171,REL1100002534.509B,"RELLENO 110C25 34.5 09B CELDA 249",OTRO,LISTA
14171,REL1100002539.509B,"RELLENO 110C25 39.5 09B CELDA 249",ENCOLADO,LISTA
14171,REL1100002539.509B,"RELLENO 110C25 39.5 09B CELDA 249",MULTIPLE,LISTA
14171,REL1100002539.509B,"RELLENO 110C25 39.5 09B CELDA 249",OTRO,LISTA
14172,EMP093009301025D99,"BIN 465*465*465*1025 D99 O3 OCTO1000.",TROZADO,LISTA
14172,EMP093009301025D99,"BIN 465*465*465*1025 D99 O3 OCTO1000.",OTRO,LISTA
14172,EMP093009301025D99,"BIN 465*465*465*1025 D99 O3 OCTO1000.",OTRO,LISTA
14172,EMP093009301025D99,"BIN 465*465*465*1025 D99 O3 OCTO1000.",OTRO,LISTA
14172,EMP093009301025D99,"BIN 465*465*465*1025 D99 O3 OCTO1000.",EMPLACADO,LISTA
14172,EMP093009301025D99,"BIN 465*465*465*1025 D99 O3 OCTO1000.",PEGADO,LISTA
14172,EMP093009301025D99,"BIN 465*465*465*1025 D99 O3 OCTO1000.",IMPRESION,LISTA
14172,EMP093009301025D99,"BIN 465*465*465*1025 D99 O3 OCTO1000.",OTRO,LISTA
14172,TRO141513150120C30,"FONDO 445*445*120 C30 TRO OCTO1000",TROZADO,LISTA
14172,TRO141513150120C30,"FONDO 445*445*120 C30 TRO OCTO1000",OTRO,LISTA
14172,TRO141513150120C30,"FONDO 445*445*120 C30 TRO OCTO1000",TROQUELADO,LISTA
14173,REL1100002537.509B,"RELLENO 110C25 37.5 09B CELDA 249",OTRO,LISTA
14173,REL1100002537.509B,"RELLENO 110C25 37.5 09B CELDA 249",ENCOLADO,LISTA
14173,REL1100002537.509B,"RELLENO 110C25 37.5 09B CELDA 249",MULTIPLE,LISTA
14174,REL1200002136.509B,"RELLENO 120C21 36.5 09B CELDA 274",ENCOLADO,LISTA
14174,REL1200002136.509B,"RELLENO 120C21 36.5 09B CELDA 274",MULTIPLE,LISTA
14174,REL1200002136.509B,"RELLENO 120C21 36.5 09B CELDA 274",OTRO,LISTA
14175,REL11000025003409B,"RELLENO 110C25 34.0 09B CELDA 249",OTRO,LISTA
14175,REL11000025003409B,"RELLENO 110C25 34.0 09B CELDA 249",ENCOLADO,LISTA
14175,REL11000025003409B,"RELLENO 110C25 34.0 09B CELDA 249",MULTIPLE,LISTA
14175,REL11000025003409B,"RELLENO 110C25 34.0 09B CELDA 249",OTRO,LISTA
14175,REL1100002537.509B,"RELLENO 110C25 37.5 09B CELDA 249",OTRO,LISTA
14175,REL1100002537.509B,"RELLENO 110C25 37.5 09B CELDA 249",ENCOLADO,LISTA
14175,REL1100002537.509B,"RELLENO 110C25 37.5 09B CELDA 249",MULTIPLE,LISTA
14176,EMP105008501000D94,"BIN 735*535*315*1000 D94 03 RECTOCTO",TROZADO,LISTA
14176,EMP105008501000D94,"BIN 735*535*315*1000 D94 03 RECTOCTO",OTRO,LISTA
14176,EMP105008501000D94,"BIN 735*535*315*1000 D94 03 RECTOCTO",OTRO,LISTA
14176,EMP105008501000D94,"BIN 735*535*315*1000 D94 03 RECTOCTO",EMPLACADO,LISTA
14176,EMP105008501000D94,"BIN 735*535*315*1000 D94 03 RECTOCTO",PEGADO,LISTA
14176,EMP105008501000D94,"BIN 735*535*315*1000 D94 03 RECTOCTO",IMPRESION,LISTA
14176,EMP105008501000D94,"BIN 735*535*315*1000 D94 03 RECTOCTO",OTRO,LISTA
14176,TRO149829000150C20,"TAPA 750*540*320*150 C20 TRO RECTOCTO S/V",TROZADO,LISTA
14176,TRO149829000150C20,"TAPA 750*540*320*150 C20 TRO RECTOCTO S/V",TROQUELADO,LISTA
14177,REL0950001839.509B,"RELLENO 95C18 39.5 09B CELDA 287",MULTIPLE,LISTA
14177,REL0950001839.509B,"RELLENO 95C18 39.5 09B CELDA 287",OTRO,LISTA
14177,REL0950001839.509B,"RELLENO 95C18 39.5 09B CELDA 287",ENCOLADO,LISTA
14177,REL1100001839.509B,"RELLENO 110C18 39.5 09B CELDA 337",MULTIPLE,LISTA
14177,REL1100001839.509B,"RELLENO 110C18 39.5 09B CELDA 337",OTRO,LISTA
14177,REL1100001839.509B,"RELLENO 110C18 39.5 09B CELDA 337",ENCOLADO,LISTA
14178,REL0950001839.509B,"RELLENO 95C18 39.5 09B CELDA 287",MULTIPLE,LISTA
14178,REL0950001839.509B,"RELLENO 95C18 39.5 09B CELDA 287",OTRO,LISTA
14178,REL0950001839.509B,"RELLENO 95C18 39.5 09B CELDA 287",ENCOLADO,LISTA
14178,REL1100001839.509B,"RELLENO 110C18 39.5 09B CELDA 337",MULTIPLE,LISTA
14178,REL1100001839.509B,"RELLENO 110C18 39.5 09B CELDA 337",OTRO,LISTA
14178,REL1100001839.509B,"RELLENO 110C18 39.5 09B CELDA 337",ENCOLADO,LISTA
14179,REL0950001839.509B,"RELLENO 95C18 39.5 09B CELDA 287",MULTIPLE,LISTA
14179,REL0950001839.509B,"RELLENO 95C18 39.5 09B CELDA 287",OTRO,LISTA
14179,REL0950001839.509B,"RELLENO 95C18 39.5 09B CELDA 287",ENCOLADO,LISTA
14180,CUB09700655009009B,"CUBIERTA 970*655*90 09B C1.",EMPLACADO,LISTA
14180,CUB09700655009009B,"CUBIERTA 970*655*90 09B C1.",OTRO,LISTA
14180,CUB09700655009009B,"CUBIERTA 970*655*90 09B C1.",OTRO,LISTA
14180,CUB09700655009009B,"CUBIERTA 970*655*90 09B C1.",OTRO,LISTA
14180,CUB10400185004009B,"CUBIERTA 1040*185*40 09B C1.",EMPLACADO,LISTA
14180,CUB10400185004009B,"CUBIERTA 1040*185*40 09B C1.",TROZADO,LISTA
14180,CUB10400185004009B,"CUBIERTA 1040*185*40 09B C1.",OTRO,LISTA
14180,CUB10400185004009B,"CUBIERTA 1040*185*40 09B C1.",OTRO,LISTA
14180,CUB10400185004009B,"CUBIERTA 1040*185*40 09B C1.",OTRO,LISTA
14180,CUB10400320003009B,"CUBIERTA 1040*320*30 09B C1.",EMPLACADO,LISTA
14180,CUB10400320003009B,"CUBIERTA 1040*320*30 09B C1.",TROZADO,LISTA
14180,CUB10400320003009B,"CUBIERTA 1040*320*30 09B C1.",OTRO,LISTA
14180,CUB10400320003009B,"CUBIERTA 1040*320*30 09B C1.",OTRO,LISTA
14180,CUB10400320003009B,"CUBIERTA 1040*320*30 09B C1.",OTRO,LISTA
14180,EMP107009800660D94,"BIN 1070*980*660 D94 B2.",EMPLACADO,LISTA
14180,EMP107009800660D94,"BIN 1070*980*660 D94 B2.",TROZADO,LISTA
14180,EMP107009800660D94,"BIN 1070*980*660 D94 B2.",OTRO,LISTA
14180,EMP107009800660D94,"BIN 1070*980*660 D94 B2.",OTRO,LISTA
14180,EMP107009800660D94,"BIN 1070*980*660 D94 B2.",OTRO,LISTA
14180,EMP107009800660D94,"BIN 1070*980*660 D94 B2.",PEGADO,LISTA
14180,EMP107009800660D94,"BIN 1070*980*660 D94 B2.",IMPRESION,LISTA
14180,SEP10600970000210E,"SEPARADOR 1060*970*2 10E SEP.",TROZADO,LISTA
14180,SEP10600970000210E,"SEPARADOR 1060*970*2 10E SEP.",OTRO,LISTA
14180,SEP10600970000210E,"SEPARADOR 1060*970*2 10E SEP.",OTRO,LISTA
14180,TRO154512400004C20,"TAPA 1120*1030*100 C20 AA TRO.",TROZADO,LISTA
14180,TRO154512400004C20,"TAPA 1120*1030*100 C20 AA TRO.",TROQUELADO,LISTA
14180,TRO154512400004C20,"TAPA 1120*1030*100 C20 AA TRO.",OTRO,LISTA
14181,TER010000500005CT5,"ESQUINERO 100*50*5 CT5 B5 BLANCO",OTRO,LISTA
14181,TER010000500005CT5,"ESQUINERO 100*50*5 CT5 B5 BLANCO",OTRO,LISTA
14182,CAJ057005500090C30,"FONDO PERIMETRAL 570*550*90 C30 FO C/YUGO",PLIZADO,LISTA
14182,CAJ057005500090C30,"FONDO PERIMETRAL 570*550*90 C30 FO C/YUGO",CALADO,LISTA
14182,CAJ057005500090C30,"FONDO PERIMETRAL 570*550*90 C30 FO C/YUGO",CALADO,LISTA
14182,CAJ057005500090C30,"FONDO PERIMETRAL 570*550*90 C30 FO C/YUGO",OTRO,LISTA
14182,CAJ057005500090C30,"FONDO PERIMETRAL 570*550*90 C30 FO C/YUGO",OTRO,LISTA
14182,CAJ057005510090C30,"TAPA 570*550*90 C30 FO ENG.",PLIZADO,LISTA
14182,CAJ057005510090C30,"TAPA 570*550*90 C30 FO ENG.",CALADO,LISTA
14182,CAJ057005510090C30,"TAPA 570*550*90 C30 FO ENG.",CALADO,LISTA
14182,CAJ057005510090C30,"TAPA 570*550*90 C30 FO ENG.",OTRO,LISTA
14182,CAJ057005510090C30,"TAPA 570*550*90 C30 FO ENG.",OTRO,LISTA
14182,CAJ114004700515C20,"CAJA 1140*470*515 C20 TN EMB 4C",CALADO,LISTA
14182,CAJ114004700515C20,"CAJA 1140*470*515 C20 TN EMB 4C",PEGADO,LISTA
14182,CAJ114004700515C20,"CAJA 1140*470*515 C20 TN EMB 4C",TROZADO,LISTA
14182,CAJ114004700515C20,"CAJA 1140*470*515 C20 TN EMB 4C",OTRO,LISTA
14182,CAJ114004700515C20,"CAJA 1140*470*515 C20 TN EMB 4C",IMPRESION,LISTA
14182,CAJ114004700515C20,"CAJA 1140*470*515 C20 TN EMB 4C",PLIZADO,LISTA
14182,CAJ115004800120C30,"TAPA 1150*480*120 C30 FO EMB 4C",CALADO,LISTA
14182,CAJ115004800120C30,"TAPA 1150*480*120 C30 FO EMB 4C",TROZADO,LISTA
14182,CAJ115004800120C30,"TAPA 1150*480*120 C30 FO EMB 4C",IMPRESION,LISTA
14182,CAJ115004800120C30,"TAPA 1150*480*120 C30 FO EMB 4C",OTRO,LISTA
14182,CAJ115004800120C30,"TAPA 1150*480*120 C30 FO EMB 4C",PLIZADO,LISTA
14182,CUB022501400050D92,"CUBIERTA APOYO 225*140*50 D92 C1",EMPLACADO,LISTA
14182,CUB022501400050D92,"CUBIERTA APOYO 225*140*50 D92 C1",TROZADO,LISTA
14182,CUB022501400050D92,"CUBIERTA APOYO 225*140*50 D92 C1",OTRO,LISTA
14182,CUB022501400050D92,"CUBIERTA APOYO 225*140*50 D92 C1",OTRO,LISTA
14182,CUB022501400050D92,"CUBIERTA APOYO 225*140*50 D92 C1",OTRO,LISTA
14182,CUB023004000100D92,"CUBIERTA FRONTAL 230*400*100 D92 C1",EMPLACADO,LISTA
14182,CUB023004000100D92,"CUBIERTA FRONTAL 230*400*100 D92 C1",TROZADO,LISTA
14182,CUB023004000100D92,"CUBIERTA FRONTAL 230*400*100 D92 C1",OTRO,LISTA
14182,CUB023004000100D92,"CUBIERTA FRONTAL 230*400*100 D92 C1",OTRO,LISTA
14182,CUB023004000100D92,"CUBIERTA FRONTAL 230*400*100 D92 C1",OTRO,LISTA
14182,CUB047501000075C20,"CUBIERTA 475*100*75 C20  C3",TROZADO,LISTA
14182,CUB047501000075C20,"CUBIERTA 475*100*75 C20  C3",OTRO,LISTA
14182,CUB047501000075C20,"CUBIERTA 475*100*75 C20  C3",OTRO,LISTA
14182,CUB047501000075C20,"CUBIERTA 475*100*75 C20  C3",EMPLACADO,LISTA
14182,CUB047501150028C20,"CUBIERTA BASE 475*115*28 C20 C1",EMPLACADO,LISTA
14182,CUB047501150028C20,"CUBIERTA BASE 475*115*28 C20 C1",TROZADO,LISTA
14182,CUB047501150028C20,"CUBIERTA BASE 475*115*28 C20 C1",OTRO,LISTA
14182,CUB047501150028C20,"CUBIERTA BASE 475*115*28 C20 C1",OTRO,LISTA
14182,CUB047501150028C20,"CUBIERTA BASE 475*115*28 C20 C1",OTRO,LISTA
14182,CUB047503200028C20,"CUBIERTA BASE 475*320*28 C20 C1",EMPLACADO,LISTA
14182,CUB047503200028C20,"CUBIERTA BASE 475*320*28 C20 C1",TROZADO,LISTA
14182,CUB047503200028C20,"CUBIERTA BASE 475*320*28 C20 C1",OTRO,LISTA
14182,CUB047503200028C20,"CUBIERTA BASE 475*320*28 C20 C1",OTRO,LISTA
14182,CUB047503200028C20,"CUBIERTA BASE 475*320*28 C20 C1",OTRO,LISTA
14182,CUB051004250028C20,"CUBIERTA LATERAL 510*425*28 C20 C1",EMPLACADO,LISTA
14182,CUB051004250028C20,"CUBIERTA LATERAL 510*425*28 C20 C1",TROZADO,LISTA
14182,CUB051004250028C20,"CUBIERTA LATERAL 510*425*28 C20 C1",OTRO,LISTA
14182,CUB051004250028C20,"CUBIERTA LATERAL 510*425*28 C20 C1",OTRO,LISTA
14182,CUB051004250028C20,"CUBIERTA LATERAL 510*425*28 C20 C1",OTRO,LISTA
14182,EMP053505150440D92,"PERIMETRAL EMP 535*515*440 D92 B2",EMPLACADO,LISTA
14182,EMP053505150440D92,"PERIMETRAL EMP 535*515*440 D92 B2",TROZADO,LISTA
14182,EMP053505150440D92,"PERIMETRAL EMP 535*515*440 D92 B2",OTRO,LISTA
14182,EMP053505150440D92,"PERIMETRAL EMP 535*515*440 D92 B2",OTRO,LISTA
14182,EMP053505150440D92,"PERIMETRAL EMP 535*515*440 D92 B2",OTRO,LISTA
14182,EMP054005100015D92,"EMPLACADO BASE 540*510*15 D92 E2",EMPLACADO,LISTA
14182,EMP054005100015D92,"EMPLACADO BASE 540*510*15 D92 E2",TROZADO,LISTA
14182,EMP054005100015D92,"EMPLACADO BASE 540*510*15 D92 E2",OTRO,LISTA
14182,EMP054005100015D92,"EMPLACADO BASE 540*510*15 D92 E2",OTRO,LISTA
14182,EMP054005100015D92,"EMPLACADO BASE 540*510*15 D92 E2",OTRO,LISTA
14182,EMP110004300510D92,"PERIMETRAL 1100*430*510 D92 B2 EMB 4C",EMPLACADO,LISTA
14182,EMP110004300510D92,"PERIMETRAL 1100*430*510 D92 B2 EMB 4C",TROZADO,LISTA
14182,EMP110004300510D92,"PERIMETRAL 1100*430*510 D92 B2 EMB 4C",OTRO,LISTA
14182,EMP110004300510D92,"PERIMETRAL 1100*430*510 D92 B2 EMB 4C",OTRO,LISTA
14182,EMP110004300510D92,"PERIMETRAL 1100*430*510 D92 B2 EMB 4C",OTRO,LISTA
14182,EMP110004300510D92,"PERIMETRAL 1100*430*510 D92 B2 EMB 4C",PEGADO,LISTA
14182,EMP110004300510D92,"PERIMETRAL 1100*430*510 D92 B2 EMB 4C",OTRO,LISTA
14182,TER00010001000009B,"ARMADO DE JUEGO",OTRO,LISTA
14183,CAJ114004700515C20,"CAJA 1140*470*515 C20 TN EMB 4C",CALADO,LISTA
14183,CAJ114004700515C20,"CAJA 1140*470*515 C20 TN EMB 4C",PEGADO,LISTA
14183,CAJ114004700515C20,"CAJA 1140*470*515 C20 TN EMB 4C",TROZADO,LISTA
14183,CAJ114004700515C20,"CAJA 1140*470*515 C20 TN EMB 4C",OTRO,LISTA
14183,CAJ114004700515C20,"CAJA 1140*470*515 C20 TN EMB 4C",IMPRESION,LISTA
14183,CAJ114004700515C20,"CAJA 1140*470*515 C20 TN EMB 4C",PLIZADO,LISTA
14183,CAJ115004800120C30,"TAPA 1150*480*120 C30 FO EMB 4C",CALADO,LISTA
14183,CAJ115004800120C30,"TAPA 1150*480*120 C30 FO EMB 4C",TROZADO,LISTA
14183,CAJ115004800120C30,"TAPA 1150*480*120 C30 FO EMB 4C",IMPRESION,LISTA
14183,CAJ115004800120C30,"TAPA 1150*480*120 C30 FO EMB 4C",OTRO,LISTA
14183,CAJ115004800120C30,"TAPA 1150*480*120 C30 FO EMB 4C",PLIZADO,LISTA
14183,EMP110004300510D92,"PERIMETRAL 1100*430*510 D92 B2 EMB 4C",EMPLACADO,LISTA
14183,EMP110004300510D92,"PERIMETRAL 1100*430*510 D92 B2 EMB 4C",TROZADO,LISTA
14183,EMP110004300510D92,"PERIMETRAL 1100*430*510 D92 B2 EMB 4C",OTRO,LISTA
14183,EMP110004300510D92,"PERIMETRAL 1100*430*510 D92 B2 EMB 4C",OTRO,LISTA
14183,EMP110004300510D92,"PERIMETRAL 1100*430*510 D92 B2 EMB 4C",OTRO,LISTA
14183,EMP110004300510D92,"PERIMETRAL 1100*430*510 D92 B2 EMB 4C",PEGADO,LISTA
14183,EMP110004300510D92,"PERIMETRAL 1100*430*510 D92 B2 EMB 4C",OTRO,LISTA
14184,REL1100003032.510E,"RELLENO 110C30 32.5 10E CELDA 239",MULTIPLE,LISTA
14184,REL1100003032.510E,"RELLENO 110C30 32.5 10E CELDA 239",ENCOLADO,LISTA
14184,REL1100003032.510E,"RELLENO 110C30 32.5 10E CELDA 239",OTRO,LISTA
14184,REL1100003232.510E,"RELLENO 110C32 32.5 10E CELDA 239",MULTIPLE,LISTA
14184,REL1100003232.510E,"RELLENO 110C32 32.5 10E CELDA 239",OTRO,LISTA
14184,REL1100003232.510E,"RELLENO 110C32 32.5 10E CELDA 239",ENCOLADO,LISTA
14185,CAJ076506420235C20,"TAPA 765*642*235 C20 FO.",PLIZADO,LISTA
14185,CAJ076506420235C20,"TAPA 765*642*235 C20 FO.",CALADO,LISTA
14185,CAJ076506420235C20,"TAPA 765*642*235 C20 FO.",CALADO,LISTA
14185,CAJ076506420235C20,"TAPA 765*642*235 C20 FO.",OTRO,LISTA
14185,CAJ118506420200C20,"TAPA EMBALAJE 1185*642*200 C20",PLIZADO,LISTA
14185,CAJ118506420200C20,"TAPA EMBALAJE 1185*642*200 C20",CALADO,LISTA
14185,CAJ118506420200C20,"TAPA EMBALAJE 1185*642*200 C20",OTRO,LISTA
14186,CAJ102406420225C20,"TAPA 1024*642*225 C20 FO",PLIZADO,PENDIENTE
14186,CAJ102406420225C20,"TAPA 1024*642*225 C20 FO",CALADO,PENDIENTE
14186,CAJ102406420225C20,"TAPA 1024*642*225 C20 FO",TROZADO,PENDIENTE
14186,CAJ102406420225C20,"TAPA 1024*642*225 C20 FO",OTRO,PENDIENTE
14187,CAJ102406420225C20,"TAPA 1024*642*225 C20 FO",PLIZADO,PENDIENTE
14187,CAJ102406420225C20,"TAPA 1024*642*225 C20 FO",CALADO,PENDIENTE
14187,CAJ102406420225C20,"TAPA 1024*642*225 C20 FO",TROZADO,PENDIENTE
14187,CAJ102406420225C20,"TAPA 1024*642*225 C20 FO",OTRO,PENDIENTE
14188,REL1100002133.509B,"RELLENO 110C21 33.5 09B CELDA 291",OTRO,LISTA
14188,REL1100002133.509B,"RELLENO 110C21 33.5 09B CELDA 291",ENCOLADO,LISTA
14188,REL1100002133.509B,"RELLENO 110C21 33.5 09B CELDA 291",MULTIPLE,LISTA
14188,REL1100002133.509B,"RELLENO 110C21 33.5 09B CELDA 291",OTRO,LISTA
14189,CAJ117009701001D98,"PERIMETRAL 1170*970*1000 D98 TU.",PEGADO,LISTA
14189,CAJ117009701001D98,"PERIMETRAL 1170*970*1000 D98 TU.",TROZADO,LISTA
14189,CAJ117009701001D98,"PERIMETRAL 1170*970*1000 D98 TU.",OTRO,LISTA
14189,CAJ117009701001D98,"PERIMETRAL 1170*970*1000 D98 TU.",PLIZADO,LISTA
14189,CAJ119009900240D94,"TAPA 1190*990*240 D94 FO",PLIZADO,LISTA
14189,CAJ119009900240D94,"TAPA 1190*990*240 D94 FO",CALADO,LISTA
14189,CAJ119009900240D94,"TAPA 1190*990*240 D94 FO",TROZADO,LISTA
14189,CAJ119009900240D94,"TAPA 1190*990*240 D94 FO",OTRO,LISTA
14190,REL1100002537.509B,"RELLENO 110C25 37.5 09B CELDA 249",OTRO,LISTA
14190,REL1100002537.509B,"RELLENO 110C25 37.5 09B CELDA 249",ENCOLADO,LISTA
14190,REL1100002537.509B,"RELLENO 110C25 37.5 09B CELDA 249",MULTIPLE,LISTA
14191,TRO152013200003C20,"TAPA 1220*1020*150 C20 TRO",TROZADO,LISTA
14191,TRO152013200003C20,"TAPA 1220*1020*150 C20 TRO",TROQUELADO,LISTA
14191,TRO152013200003C20,"TAPA 1220*1020*150 C20 TRO",OTRO,LISTA
14191,TRO152013200003C20,"TAPA 1220*1020*150 C20 TRO",OTRO,LISTA
14191,TRO152013200003C20,"TAPA 1220*1020*150 C20 TRO",OTRO,LISTA
14192,REL09500027038009B,"RELLENO 95C27 38.0 09B CELDA 249",MULTIPLE,LISTA
14192,REL09500027038009B,"RELLENO 95C27 38.0 09B CELDA 249",OTRO,LISTA
14192,REL09500027038009B,"RELLENO 95C27 38.0 09B CELDA 249",ENCOLADO,LISTA
14192,REL1100002738.009B,"RELLENO 110C27 38.0 09B CELDA 249",MULTIPLE,LISTA
14192,REL1100002738.009B,"RELLENO 110C27 38.0 09B CELDA 249",OTRO,LISTA
14192,REL1100002738.009B,"RELLENO 110C27 38.0 09B CELDA 249",ENCOLADO,LISTA
14193,EMP116009600820D94,"BIN 1160*960*820 D94/C20 B2  BIN 1200*1000",PEGADO,LISTA
14193,EMP116009600820D94,"BIN 1160*960*820 D94/C20 B2  BIN 1200*1000",EMPLACADO,LISTA
14193,EMP116009600820D94,"BIN 1160*960*820 D94/C20 B2  BIN 1200*1000",TROZADO,LISTA
14193,EMP116009600820D94,"BIN 1160*960*820 D94/C20 B2  BIN 1200*1000",OTRO,LISTA
14193,EMP116009600820D94,"BIN 1160*960*820 D94/C20 B2  BIN 1200*1000",OTRO,LISTA
14193,EMP116009600820D94,"BIN 1160*960*820 D94/C20 B2  BIN 1200*1000",PEGADO,LISTA
14193,EMP116009600820D94,"BIN 1160*960*820 D94/C20 B2  BIN 1200*1000",OTRO,LISTA
14193,EMP116009600820D94,"BIN 1160*960*820 D94/C20 B2  BIN 1200*1000",OTRO,LISTA
14194,REL1100002337.509B,"RELLENO 110C23 37.5 09B CELDA 291",MULTIPLE,LISTA
14194,REL1100002337.509B,"RELLENO 110C23 37.5 09B CELDA 291",OTRO,LISTA
14194,REL1100002337.509B,"RELLENO 110C23 37.5 09B CELDA 291",ENCOLADO,LISTA
14195,REL1100002532.509B,"RELLENO 110C25 32.5 09B CELDA 249",OTRO,LISTA
14195,REL1100002532.509B,"RELLENO 110C25 32.5 09B CELDA 249",ENCOLADO,LISTA
14195,REL1100002532.509B,"RELLENO 110C25 32.5 09B CELDA 249",MULTIPLE,LISTA
14195,REL1100002532.509B,"RELLENO 110C25 32.5 09B CELDA 249",OTRO,LISTA
14195,REL1100002532.509B,"RELLENO 110C25 32.5 09B CELDA 249",OTRO,LISTA
14195,REL1100002537.509B,"RELLENO 110C25 37.5 09B CELDA 249",OTRO,LISTA
14195,REL1100002537.509B,"RELLENO 110C25 37.5 09B CELDA 249",ENCOLADO,LISTA
14195,REL1100002537.509B,"RELLENO 110C25 37.5 09B CELDA 249",MULTIPLE,LISTA
14196,CAJ195005000720C20,"CAJA 1950*500*720 C20 TR.",CALADO,LISTA
14196,CAJ195005000720C20,"CAJA 1950*500*720 C20 TR.",PEGADO,LISTA
14196,CAJ195005000720C20,"CAJA 1950*500*720 C20 TR.",TROZADO,LISTA
14196,CAJ195005000720C20,"CAJA 1950*500*720 C20 TR.",OTRO,LISTA
14196,CAJ195005000720C20,"CAJA 1950*500*720 C20 TR.",PLIZADO,LISTA
14197,REL0390000629.509B,"RELLENO BASTON 39 C6 39.5 09B SOLIDO",MULTIPLE,LISTA
14197,REL0390000629.509B,"RELLENO BASTON 39 C6 39.5 09B SOLIDO",TROZADO,LISTA
14197,REL0390000629.509B,"RELLENO BASTON 39 C6 39.5 09B SOLIDO",OTRO,LISTA
14197,REL0390000629.509B,"RELLENO BASTON 39 C6 39.5 09B SOLIDO",ENCOLADO,LISTA
14198,REL09500021002809B,"RELLENO 95C21 28.0 09B CELDA 287",ENCOLADO,PENDIENTE
14198,REL09500021002809B,"RELLENO 95C21 28.0 09B CELDA 287",MULTIPLE,PENDIENTE
14198,REL09500021002809B,"RELLENO 95C21 28.0 09B CELDA 287",OTRO,PENDIENTE
14199,EMP094009401001D92,"BIN 940*940*1000 D92 B2",EMPLACADO,LISTA
14199,EMP094009401001D92,"BIN 940*940*1000 D92 B2",TROZADO,LISTA
14199,EMP094009401001D92,"BIN 940*940*1000 D92 B2",OTRO,LISTA
14199,EMP094009401001D92,"BIN 940*940*1000 D92 B2",OTRO,LISTA
14199,EMP094009401001D92,"BIN 940*940*1000 D92 B2",PEGADO,LISTA
14199,EMP094009401001D92,"BIN 940*940*1000 D92 B2",OTRO,LISTA
14199,TRO140012000101C20,"TAPA 985*985*100 C20 AA TRO",TROZADO,LISTA
14199,TRO140012000101C20,"TAPA 985*985*100 C20 AA TRO",TROQUELADO,LISTA
14199,TRO140012000101C20,"TAPA 985*985*100 C20 AA TRO",OTRO,LISTA
14200,REL1100025275.09B,"RELLENO 110C25 27.5 09B CELDA 249",ENCOLADO,LISTA
14200,REL1100025275.09B,"RELLENO 110C25 27.5 09B CELDA 249",MULTIPLE,LISTA
14200,REL1100025275.09B,"RELLENO 110C25 27.5 09B CELDA 249",OTRO,LISTA
14200,REL1100025275.09B,"RELLENO 110C25 27.5 09B CELDA 249",OTRO,LISTA
14201,CAJ171001851180D92,"CAJA 1710*185*1180 D92 TR",PLIZADO,LISTA
14201,CAJ171001851180D92,"CAJA 1710*185*1180 D92 TR",CALADO,LISTA
14201,CAJ171001851180D92,"CAJA 1710*185*1180 D92 TR",PEGADO,LISTA
14201,CAJ171001851180D92,"CAJA 1710*185*1180 D92 TR",TROZADO,LISTA
14201,CAJ171001851180D92,"CAJA 1710*185*1180 D92 TR",OTRO,LISTA
14201,CAJ171001851180D92,"CAJA 1710*185*1180 D92 TR",IMPRESION,LISTA
14201,CUB11100175002510C,"CUBIERTA CABEZAL 1110*175*25 10C C1",EMPLACADO,LISTA
14201,CUB11100175002510C,"CUBIERTA CABEZAL 1110*175*25 10C C1",TROZADO,LISTA
14201,CUB11100175002510C,"CUBIERTA CABEZAL 1110*175*25 10C C1",OTRO,LISTA
14201,CUB11100175002510C,"CUBIERTA CABEZAL 1110*175*25 10C C1",OTRO,LISTA
14201,CUB11100175002510C,"CUBIERTA CABEZAL 1110*175*25 10C C1",OTRO,LISTA
14201,CUB11100175002510C,"CUBIERTA CABEZAL 1110*175*25 10C C1",OTRO,LISTA
14201,CUB16601140003010C,"CUBIERTA LATERAL 1660*1140*30 10C C1",EMPLACADO,LISTA
14201,CUB16601140003010C,"CUBIERTA LATERAL 1660*1140*30 10C C1",TROZADO,LISTA
14201,CUB16601140003010C,"CUBIERTA LATERAL 1660*1140*30 10C C1",OTRO,LISTA
14201,CUB16601140003010C,"CUBIERTA LATERAL 1660*1140*30 10C C1",OTRO,LISTA
14201,CUB16601140003010C,"CUBIERTA LATERAL 1660*1140*30 10C C1",OTRO,LISTA
14201,CUB16700175002510C,"CUBIERTA BASE 1670*175*25 10C C1",OTRO,LISTA
14201,CUB16700175002510C,"CUBIERTA BASE 1670*175*25 10C C1",EMPLACADO,LISTA
14201,CUB16700175002510C,"CUBIERTA BASE 1670*175*25 10C C1",TROZADO,LISTA
14201,CUB16700175002510C,"CUBIERTA BASE 1670*175*25 10C C1",OTRO,LISTA
14201,CUB16700175002510C,"CUBIERTA BASE 1670*175*25 10C C1",OTRO,LISTA
14201,TRO012015400004C20,"PUNTERA VIDRIO 120*1540*4 C20",TROZADO,LISTA
14201,TRO012015400004C20,"PUNTERA VIDRIO 120*1540*4 C20",TROQUELADO,LISTA
14201,TRO012015400004C20,"PUNTERA VIDRIO 120*1540*4 C20",OTRO,LISTA
14202,REL0950002137.709B,"RELLENO 95C21 37.7 09B CELDA 287",OTRO,LISTA
14202,REL0950002137.709B,"RELLENO 95C21 37.7 09B CELDA 287",ENCOLADO,LISTA
14202,REL0950002137.709B,"RELLENO 95C21 37.7 09B CELDA 287",MULTIPLE,LISTA
14202,REL0950002137.709B,"RELLENO 95C21 37.7 09B CELDA 287",OTRO,LISTA
14202,REL1100002137.709B,"RELLENO 110C21 37.7 09B CELDA 291",ENCOLADO,LISTA
14202,REL1100002137.709B,"RELLENO 110C21 37.7 09B CELDA 291",MULTIPLE,LISTA
14202,REL1100002137.709B,"RELLENO 110C21 37.7 09B CELDA 291",OTRO,LISTA
14203,REL0390000629.509B,"RELLENO BASTON 39 C6 39.5 09B SOLIDO",MULTIPLE,LISTA
14203,REL0390000629.509B,"RELLENO BASTON 39 C6 39.5 09B SOLIDO",TROZADO,LISTA
14203,REL0390000629.509B,"RELLENO BASTON 39 C6 39.5 09B SOLIDO",OTRO,LISTA
14203,REL0390000629.509B,"RELLENO BASTON 39 C6 39.5 09B SOLIDO",ENCOLADO,LISTA
14204,REL0390000629.509B,"RELLENO BASTON 39 C6 39.5 09B SOLIDO",MULTIPLE,LISTA
14204,REL0390000629.509B,"RELLENO BASTON 39 C6 39.5 09B SOLIDO",TROZADO,LISTA
14204,REL0390000629.509B,"RELLENO BASTON 39 C6 39.5 09B SOLIDO",OTRO,LISTA
14204,REL0390000629.509B,"RELLENO BASTON 39 C6 39.5 09B SOLIDO",ENCOLADO,LISTA
14205,EMP050001200014D92,"SEPARADOR 500*120 D92 E2",EMPLACADO,LISTA
14205,EMP050001200014D92,"SEPARADOR 500*120 D92 E2",TROZADO,LISTA
14205,EMP050001200014D92,"SEPARADOR 500*120 D92 E2",OTRO,LISTA
14205,EMP050001200014D92,"SEPARADOR 500*120 D92 E2",OTRO,LISTA
14206,REL1100002532.509B,"RELLENO 110C25 32.5 09B CELDA 249",OTRO,LISTA
14206,REL1100002532.509B,"RELLENO 110C25 32.5 09B CELDA 249",ENCOLADO,LISTA
14206,REL1100002532.509B,"RELLENO 110C25 32.5 09B CELDA 249",MULTIPLE,LISTA
14206,REL1100002532.509B,"RELLENO 110C25 32.5 09B CELDA 249",OTRO,LISTA
14206,REL1100002532.509B,"RELLENO 110C25 32.5 09B CELDA 249",OTRO,LISTA
14207,EMP094009401001D92,"BIN 940*940*1000 D92 B2",EMPLACADO,LISTA
14207,EMP094009401001D92,"BIN 940*940*1000 D92 B2",TROZADO,LISTA
14207,EMP094009401001D92,"BIN 940*940*1000 D92 B2",OTRO,LISTA
14207,EMP094009401001D92,"BIN 940*940*1000 D92 B2",OTRO,LISTA
14207,EMP094009401001D92,"BIN 940*940*1000 D92 B2",PEGADO,LISTA
14207,EMP094009401001D92,"BIN 940*940*1000 D92 B2",OTRO,LISTA
14207,TRO140012000101C20,"TAPA 985*985*100 C20 AA TRO",TROZADO,LISTA
14207,TRO140012000101C20,"TAPA 985*985*100 C20 AA TRO",TROQUELADO,LISTA
14207,TRO140012000101C20,"TAPA 985*985*100 C20 AA TRO",OTRO,LISTA
14208,CAJ050004300281C20,"CAJA 500*430*280 C20 NO",PLIZADO,LISTA
14208,CAJ050004300281C20,"CAJA 500*430*280 C20 NO",CALADO,LISTA
14208,CAJ050004300281C20,"CAJA 500*430*280 C20 NO",PEGADO,LISTA
14208,CAJ050004300281C20,"CAJA 500*430*280 C20 NO",TROZADO,LISTA
14208,CAJ050004300281C20,"CAJA 500*430*280 C20 NO",OTRO,LISTA
14208,CAJ050004300281C20,"CAJA 500*430*280 C20 NO",IMPRESION,LISTA
14210,REL0950002138.509B,"RELLENO 95C21 38.5 09B CELDA 287",ENCOLADO,LISTA
14210,REL0950002138.509B,"RELLENO 95C21 38.5 09B CELDA 287",MULTIPLE,LISTA
14210,REL0950002138.509B,"RELLENO 95C21 38.5 09B CELDA 287",OTRO,LISTA
14211,REL1100002134.709B,"RELLENO 110C21 34.7 09B CELDA 291",ENCOLADO,LISTA
14211,REL1100002134.709B,"RELLENO 110C21 34.7 09B CELDA 291",MULTIPLE,LISTA
14211,REL1100002134.709B,"RELLENO 110C21 34.7 09B CELDA 291",OTRO,LISTA
14212,REL1100002137.709B,"RELLENO 110C21 37.7 09B CELDA 291",ENCOLADO,LISTA
14212,REL1100002137.709B,"RELLENO 110C21 37.7 09B CELDA 291",MULTIPLE,LISTA
14212,REL1100002137.709B,"RELLENO 110C21 37.7 09B CELDA 291",OTRO,LISTA
14213,REL1100002538.509B,"RELLENO 110C25 38.5 09B CELDA 249",OTRO,LISTA
14213,REL1100002538.509B,"RELLENO 110C25 38.5 09B CELDA 249",ENCOLADO,LISTA
14213,REL1100002538.509B,"RELLENO 110C25 38.5 09B CELDA 249",MULTIPLE,LISTA
14213,REL1100002538.509B,"RELLENO 110C25 38.5 09B CELDA 249",OTRO,LISTA
14213,REL1100002538.509B,"RELLENO 110C25 38.5 09B CELDA 249",OTRO,LISTA
14214,TRO02500250000309B,"ESQUINERO PTA. ALMA 45 250*250 09B TRO.",OTRO,LISTA
14214,TRO02500250000309B,"ESQUINERO PTA. ALMA 45 250*250 09B TRO.",TROQUELADO,LISTA
14214,TRO02500250000309B,"ESQUINERO PTA. ALMA 45 250*250 09B TRO.",OTRO,LISTA
14215,REL1100002532.509B,"RELLENO 110C25 32.5 09B CELDA 249",OTRO,PENDIENTE
14215,REL1100002532.509B,"RELLENO 110C25 32.5 09B CELDA 249",ENCOLADO,PENDIENTE
14215,REL1100002532.509B,"RELLENO 110C25 32.5 09B CELDA 249",MULTIPLE,PENDIENTE
14215,REL1100002532.509B,"RELLENO 110C25 32.5 09B CELDA 249",OTRO,PENDIENTE
14215,REL1100002532.509B,"RELLENO 110C25 32.5 09B CELDA 249",OTRO,PENDIENTE
14215,REL1100002537.509B,"RELLENO 110C25 37.5 09B CELDA 249",OTRO,PENDIENTE
14215,REL1100002537.509B,"RELLENO 110C25 37.5 09B CELDA 249",ENCOLADO,PENDIENTE
14215,REL1100002537.509B,"RELLENO 110C25 37.5 09B CELDA 249",MULTIPLE,PENDIENTE
14216,CAJ118506420200C20,"TAPA EMBALAJE 1185*642*200 C20",PLIZADO,LISTA
14216,CAJ118506420200C20,"TAPA EMBALAJE 1185*642*200 C20",CALADO,LISTA
14216,CAJ118506420200C20,"TAPA EMBALAJE 1185*642*200 C20",OTRO,LISTA
14216,CAJ138506420215C20,"TAPA 1385*642*215 C20 FO",PLIZADO,LISTA
14216,CAJ138506420215C20,"TAPA 1385*642*215 C20 FO",CALADO,LISTA
14216,CAJ138506420215C20,"TAPA 1385*642*215 C20 FO",TROZADO,LISTA
14216,CAJ138506420215C20,"TAPA 1385*642*215 C20 FO",OTRO,LISTA
14217,CAJ120008500085C20,"TAPA 1200*850*85 C20 AA",PLIZADO,LISTA
14217,CAJ120008500085C20,"TAPA 1200*850*85 C20 AA",CALADO,LISTA
14217,CAJ120008500085C20,"TAPA 1200*850*85 C20 AA",OTRO,LISTA
14217,CAJ120008500085C20,"TAPA 1200*850*85 C20 AA",TROZADO,LISTA
14217,EMP115008000850D94,"BIN 1150*800*850 D94 B3",PEGADO,LISTA
14217,EMP115008000850D94,"BIN 1150*800*850 D94 B3",TROZADO,LISTA
14217,EMP115008000850D94,"BIN 1150*800*850 D94 B3",OTRO,LISTA
14217,EMP115008000850D94,"BIN 1150*800*850 D94 B3",OTRO,LISTA
14217,EMP115008000850D94,"BIN 1150*800*850 D94 B3",OTRO,LISTA
14217,EMP115008000850D94,"BIN 1150*800*850 D94 B3",EMPLACADO,LISTA
14217,EMP115008000850D94,"BIN 1150*800*850 D94 B3",OTRO,LISTA
14218,REL1100002537.509B,"RELLENO 110C25 37.5 09B CELDA 249",OTRO,LISTA
14218,REL1100002537.509B,"RELLENO 110C25 37.5 09B CELDA 249",ENCOLADO,LISTA
14218,REL1100002537.509B,"RELLENO 110C25 37.5 09B CELDA 249",MULTIPLE,LISTA
14219,REL09500030003310E,"RELLENO 95C30 33.0 10E CELDA 240",OTRO,LISTA
14219,REL09500030003310E,"RELLENO 95C30 33.0 10E CELDA 240",MULTIPLE,LISTA
14219,REL09500030003310E,"RELLENO 95C30 33.0 10E CELDA 240",ENCOLADO,LISTA
14219,REL09500030003310E,"RELLENO 95C30 33.0 10E CELDA 240",OTRO,LISTA
14219,REL09500030003810E,"RELLENO 95C30 38.0 10E CELDA 240",OTRO,LISTA
14219,REL09500030003810E,"RELLENO 95C30 38.0 10E CELDA 240",MULTIPLE,LISTA
14219,REL09500030003810E,"RELLENO 95C30 38.0 10E CELDA 240",ENCOLADO,LISTA
14219,REL09500030003810E,"RELLENO 95C30 38.0 10E CELDA 240",OTRO,LISTA
14220,REL11000020003809B,"RELLENO 110C20 A 38.0 09B CELDA 291",MULTIPLE,LISTA
14220,REL11000020003809B,"RELLENO 110C20 A 38.0 09B CELDA 291",OTRO,LISTA
14220,REL11000020003809B,"RELLENO 110C20 A 38.0 09B CELDA 291",OTRO,LISTA
14220,REL11000020003809B,"RELLENO 110C20 A 38.0 09B CELDA 291",ENCOLADO,LISTA
14221,REL1100002532.509B,"RELLENO 110C25 32.5 09B CELDA 249",OTRO,LISTA
14221,REL1100002532.509B,"RELLENO 110C25 32.5 09B CELDA 249",ENCOLADO,LISTA
14221,REL1100002532.509B,"RELLENO 110C25 32.5 09B CELDA 249",MULTIPLE,LISTA
14221,REL1100002532.509B,"RELLENO 110C25 32.5 09B CELDA 249",OTRO,LISTA
14221,REL1100002532.509B,"RELLENO 110C25 32.5 09B CELDA 249",OTRO,LISTA
14222,EMP093009301025D99,"BIN 465*465*465*1025 D99 O3 OCTO1000.",TROZADO,LISTA
14222,EMP093009301025D99,"BIN 465*465*465*1025 D99 O3 OCTO1000.",OTRO,LISTA
14222,EMP093009301025D99,"BIN 465*465*465*1025 D99 O3 OCTO1000.",OTRO,LISTA
14222,EMP093009301025D99,"BIN 465*465*465*1025 D99 O3 OCTO1000.",OTRO,LISTA
14222,EMP093009301025D99,"BIN 465*465*465*1025 D99 O3 OCTO1000.",EMPLACADO,LISTA
14222,EMP093009301025D99,"BIN 465*465*465*1025 D99 O3 OCTO1000.",PEGADO,LISTA
14222,EMP093009301025D99,"BIN 465*465*465*1025 D99 O3 OCTO1000.",IMPRESION,LISTA
14222,EMP093009301025D99,"BIN 465*465*465*1025 D99 O3 OCTO1000.",OTRO,LISTA
14222,TRO141513150120C30,"FONDO 445*445*120 C30 TRO OCTO1000",TROZADO,LISTA
14222,TRO141513150120C30,"FONDO 445*445*120 C30 TRO OCTO1000",OTRO,LISTA
14222,TRO141513150120C30,"FONDO 445*445*120 C30 TRO OCTO1000",TROQUELADO,LISTA
14223,EMP104008501000D94,"BIN 740*550*300*1000 D94 02 RECTOCTO",EMPLACADO,LISTA
14223,EMP104008501000D94,"BIN 740*550*300*1000 D94 02 RECTOCTO",TROZADO,LISTA
14223,EMP104008501000D94,"BIN 740*550*300*1000 D94 02 RECTOCTO",OTRO,LISTA
14223,EMP104008501000D94,"BIN 740*550*300*1000 D94 02 RECTOCTO",OTRO,LISTA
14223,EMP104008501000D94,"BIN 740*550*300*1000 D94 02 RECTOCTO",OTRO,LISTA
14223,EMP104008501000D94,"BIN 740*550*300*1000 D94 02 RECTOCTO",PEGADO,LISTA
14223,EMP104008501000D94,"BIN 740*550*300*1000 D94 02 RECTOCTO",IMPRESION,LISTA
14223,EMP104008501000D94,"BIN 740*550*300*1000 D94 02 RECTOCTO",OTRO,LISTA
14223,TER023002300100TUB,"BOLSA 230*230*100 POLIETILENO",OTRO,LISTA
14223,TRO149829000150C20,"TAPA 750*540*320*150 C20 TRO RECTOCTO S/V",TROZADO,LISTA
14223,TRO149829000150C20,"TAPA 750*540*320*150 C20 TRO RECTOCTO S/V",TROQUELADO,LISTA
14224,REL0950002139.709B,"RELLENO 95C21 39.7 09B CELDA 287",ENCOLADO,LISTA
14224,REL0950002139.709B,"RELLENO 95C21 39.7 09B CELDA 287",MULTIPLE,LISTA
14224,REL0950002139.709B,"RELLENO 95C21 39.7 09B CELDA 287",OTRO,LISTA
14225,REL11000025003809B,"RELLENO 110C25 38.0 09B CELDA 249",ENCOLADO,LISTA
14225,REL11000025003809B,"RELLENO 110C25 38.0 09B CELDA 249",MULTIPLE,LISTA
14225,REL11000025003809B,"RELLENO 110C25 38.0 09B CELDA 249",OTRO,LISTA
14226,REL0950002137.709B,"RELLENO 95C21 37.7 09B CELDA 287",OTRO,LISTA
14226,REL0950002137.709B,"RELLENO 95C21 37.7 09B CELDA 287",ENCOLADO,LISTA
14226,REL0950002137.709B,"RELLENO 95C21 37.7 09B CELDA 287",MULTIPLE,LISTA
14226,REL0950002137.709B,"RELLENO 95C21 37.7 09B CELDA 287",OTRO,LISTA
14227,REL0950001839.509B,"RELLENO 95C18 39.5 09B CELDA 287",MULTIPLE,LISTA
14227,REL0950001839.509B,"RELLENO 95C18 39.5 09B CELDA 287",OTRO,LISTA
14227,REL0950001839.509B,"RELLENO 95C18 39.5 09B CELDA 287",ENCOLADO,LISTA
14227,REL1100001839.509B,"RELLENO 110C18 39.5 09B CELDA 337",MULTIPLE,LISTA
14227,REL1100001839.509B,"RELLENO 110C18 39.5 09B CELDA 337",OTRO,LISTA
14227,REL1100001839.509B,"RELLENO 110C18 39.5 09B CELDA 337",ENCOLADO,LISTA
14228,REL0950001839.509B,"RELLENO 95C18 39.5 09B CELDA 287",MULTIPLE,LISTA
14228,REL0950001839.509B,"RELLENO 95C18 39.5 09B CELDA 287",OTRO,LISTA
14228,REL0950001839.509B,"RELLENO 95C18 39.5 09B CELDA 287",ENCOLADO,LISTA
14229,REL0950001839.509B,"RELLENO 95C18 39.5 09B CELDA 287",MULTIPLE,LISTA
14229,REL0950001839.509B,"RELLENO 95C18 39.5 09B CELDA 287",OTRO,LISTA
14229,REL0950001839.509B,"RELLENO 95C18 39.5 09B CELDA 287",ENCOLADO,LISTA
14230,EMP116009600820D94,"BIN 1160*960*820 D94/C20 B2  BIN 1200*1000",PEGADO,LISTA
14230,EMP116009600820D94,"BIN 1160*960*820 D94/C20 B2  BIN 1200*1000",EMPLACADO,LISTA
14230,EMP116009600820D94,"BIN 1160*960*820 D94/C20 B2  BIN 1200*1000",TROZADO,LISTA
14230,EMP116009600820D94,"BIN 1160*960*820 D94/C20 B2  BIN 1200*1000",OTRO,LISTA
14230,EMP116009600820D94,"BIN 1160*960*820 D94/C20 B2  BIN 1200*1000",OTRO,LISTA
14230,EMP116009600820D94,"BIN 1160*960*820 D94/C20 B2  BIN 1200*1000",PEGADO,LISTA
14230,EMP116009600820D94,"BIN 1160*960*820 D94/C20 B2  BIN 1200*1000",OTRO,LISTA
14230,EMP116009600820D94,"BIN 1160*960*820 D94/C20 B2  BIN 1200*1000",OTRO,LISTA
14230,EMP117509750500C30,"BIN 1175*975*500 C20/C30 B2  BIN 1200*1000",PEGADO,LISTA
14230,EMP117509750500C30,"BIN 1175*975*500 C20/C30 B2  BIN 1200*1000",EMPLACADO,LISTA
14230,EMP117509750500C30,"BIN 1175*975*500 C20/C30 B2  BIN 1200*1000",TROZADO,LISTA
14230,EMP117509750500C30,"BIN 1175*975*500 C20/C30 B2  BIN 1200*1000",OTRO,LISTA
14230,EMP117509750500C30,"BIN 1175*975*500 C20/C30 B2  BIN 1200*1000",OTRO,LISTA
14230,EMP117509750500C30,"BIN 1175*975*500 C20/C30 B2  BIN 1200*1000",PEGADO,LISTA
14230,EMP117509750500C30,"BIN 1175*975*500 C20/C30 B2  BIN 1200*1000",OTRO,LISTA
14230,EMP117509750500C30,"BIN 1175*975*500 C20/C30 B2  BIN 1200*1000",OTRO,LISTA
14231,REL0950002139.509B,"RELLENO 95C21 39.5 09B CELDA 287",ENCOLADO,LISTA
14231,REL0950002139.509B,"RELLENO 95C21 39.5 09B CELDA 287",MULTIPLE,LISTA
14231,REL0950002139.509B,"RELLENO 95C21 39.5 09B CELDA 287",OTRO,LISTA
14231,REL1100002139.509B,"RELLENO 110C21 39.5 09B CELDA 291",ENCOLADO,LISTA
14231,REL1100002139.509B,"RELLENO 110C21 39.5 09B CELDA 291",MULTIPLE,LISTA
14231,REL1100002139.509B,"RELLENO 110C21 39.5 09B CELDA 291",OTRO,LISTA
14232,REL0950002537.509B,"RELLENO 95C25 37.5 09B CELDA 249",OTRO,LISTA
14232,REL0950002537.509B,"RELLENO 95C25 37.5 09B CELDA 249",ENCOLADO,LISTA
14232,REL0950002537.509B,"RELLENO 95C25 37.5 09B CELDA 249",MULTIPLE,LISTA
14232,REL1100002537.509B,"RELLENO 110C25 37.5 09B CELDA 249",OTRO,LISTA
14232,REL1100002537.509B,"RELLENO 110C25 37.5 09B CELDA 249",ENCOLADO,LISTA
14232,REL1100002537.509B,"RELLENO 110C25 37.5 09B CELDA 249",MULTIPLE,LISTA
14234,TER09000050005B4  ,"ESQUINERO 900*50*50  ",TROZADO,LISTA
14234,TER09000050005B4  ,"ESQUINERO 900*50*50  ",OTRO,LISTA
14234,TER09000050005B4  ,"ESQUINERO 900*50*50  ",OTRO,LISTA
14234,TER09000050005B4  ,"ESQUINERO 900*50*50  ",TROZADO,LISTA
14234,TER09000050005B4  ,"ESQUINERO 900*50*50  ",OTRO,LISTA
14234,TER09000050005B4  ,"ESQUINERO 900*50*50  ",OTRO,LISTA
14234,TER09000050005B4  ,"ESQUINERO 900*50*50  ",TROZADO,LISTA
14234,TER09000050005B4  ,"ESQUINERO 900*50*50  ",OTRO,LISTA
14234,TER09000050005B4  ,"ESQUINERO 900*50*50  ",OTRO,LISTA
14234,TER09000050005B4  ,"ESQUINERO 900*50*50  ",TROZADO,LISTA
14234,TER09000050005B4  ,"ESQUINERO 900*50*50  ",OTRO,LISTA
14234,TER09000050005B4  ,"ESQUINERO 900*50*50  ",OTRO,LISTA
14234,TER09000050005B4  ,"ESQUINERO 900*50*50  ",TROZADO,LISTA
14234,TER09000050005B4  ,"ESQUINERO 900*50*50  ",OTRO,LISTA
14234,TER09000050005B4  ,"ESQUINERO 900*50*50  ",OTRO,LISTA
14234,TER09000050005B4  ,"ESQUINERO 900*50*50  ",TROZADO,LISTA
14234,TER09000050005B4  ,"ESQUINERO 900*50*50  ",OTRO,LISTA
14234,TER09000050005B4  ,"ESQUINERO 900*50*50  ",OTRO,LISTA
14234,TER09000050005B4  ,"ESQUINERO 900*50*50  ",TROZADO,LISTA
14234,TER09000050005B4  ,"ESQUINERO 900*50*50  ",OTRO,LISTA
14234,TER09000050005B4  ,"ESQUINERO 900*50*50  ",OTRO,LISTA
14234,TER09000050005B4  ,"ESQUINERO 900*50*50  ",TROZADO,LISTA
14234,TER09000050005B4  ,"ESQUINERO 900*50*50  ",OTRO,LISTA
14234,TER09000050005B4  ,"ESQUINERO 900*50*50  ",OTRO,LISTA
14234,TER09000050005B4  ,"ESQUINERO 900*50*50  ",TROZADO,LISTA
14234,TER09000050005B4  ,"ESQUINERO 900*50*50  ",OTRO,LISTA
14234,TER09000050005B4  ,"ESQUINERO 900*50*50  ",OTRO,LISTA
14234,TER09000050005B4  ,"ESQUINERO 900*50*50  ",TROZADO,LISTA
14234,TER09000050005B4  ,"ESQUINERO 900*50*50  ",OTRO,LISTA
14234,TER09000050005B4  ,"ESQUINERO 900*50*50  ",OTRO,LISTA
14234,TER09000050005B4  ,"ESQUINERO 900*50*50  ",TROZADO,LISTA
14234,TER09000050005B4  ,"ESQUINERO 900*50*50  ",OTRO,LISTA
14234,TER09000050005B4  ,"ESQUINERO 900*50*50  ",OTRO,LISTA
14234,TER09000050005B4  ,"ESQUINERO 900*50*50  ",TROZADO,LISTA
14234,TER09000050005B4  ,"ESQUINERO 900*50*50  ",OTRO,LISTA
14234,TER09000050005B4  ,"ESQUINERO 900*50*50  ",OTRO,LISTA
14234,TER09000050005B4  ,"ESQUINERO 900*50*50  ",TROZADO,LISTA
14234,TER09000050005B4  ,"ESQUINERO 900*50*50  ",OTRO,LISTA
14234,TER09000050005B4  ,"ESQUINERO 900*50*50  ",OTRO,LISTA
14234,TER09000050005B4  ,"ESQUINERO 900*50*50  ",TROZADO,LISTA
14234,TER09000050005B4  ,"ESQUINERO 900*50*50  ",OTRO,LISTA
14234,TER09000050005B4  ,"ESQUINERO 900*50*50  ",OTRO,LISTA
14234,TER09000050005B4  ,"ESQUINERO 900*50*50  ",TROZADO,LISTA
14234,TER09000050005B4  ,"ESQUINERO 900*50*50  ",OTRO,LISTA
14234,TER09000050005B4  ,"ESQUINERO 900*50*50  ",OTRO,LISTA
14234,TER09000050005B4  ,"ESQUINERO 900*50*50  ",TROZADO,LISTA
14234,TER09000050005B4  ,"ESQUINERO 900*50*50  ",OTRO,LISTA
14234,TER09000050005B4  ,"ESQUINERO 900*50*50  ",OTRO,LISTA
14234,TER09000050005B4  ,"ESQUINERO 900*50*50  ",TROZADO,LISTA
14234,TER09000050005B4  ,"ESQUINERO 900*50*50  ",OTRO,LISTA
14234,TER09000050005B4  ,"ESQUINERO 900*50*50  ",OTRO,LISTA
14234,TER09000050005B4  ,"ESQUINERO 900*50*50  ",TROZADO,LISTA
14234,TER09000050005B4  ,"ESQUINERO 900*50*50  ",OTRO,LISTA
14234,TER09000050005B4  ,"ESQUINERO 900*50*50  ",OTRO,LISTA
14234,TER09000050005B4  ,"ESQUINERO 900*50*50  ",TROZADO,LISTA
14234,TER09000050005B4  ,"ESQUINERO 900*50*50  ",OTRO,LISTA
14234,TER09000050005B4  ,"ESQUINERO 900*50*50  ",OTRO,LISTA
14234,TER09000050005B4  ,"ESQUINERO 900*50*50  ",TROZADO,LISTA
14234,TER09000050005B4  ,"ESQUINERO 900*50*50  ",OTRO,LISTA
14234,TER09000050005B4  ,"ESQUINERO 900*50*50  ",OTRO,LISTA
14234,TER09000050005B4  ,"ESQUINERO 900*50*50  ",TROZADO,LISTA
14234,TER09000050005B4  ,"ESQUINERO 900*50*50  ",OTRO,LISTA
14234,TER09000050005B4  ,"ESQUINERO 900*50*50  ",OTRO,LISTA
14234,TER09000050005B4  ,"ESQUINERO 900*50*50  ",TROZADO,LISTA
14234,TER09000050005B4  ,"ESQUINERO 900*50*50  ",OTRO,LISTA
14234,TER09000050005B4  ,"ESQUINERO 900*50*50  ",OTRO,LISTA
14234,TER09000050005B4  ,"ESQUINERO 900*50*50  ",TROZADO,LISTA
14234,TER09000050005B4  ,"ESQUINERO 900*50*50  ",OTRO,LISTA
14234,TER09000050005B4  ,"ESQUINERO 900*50*50  ",OTRO,LISTA
14234,TER09000050005B4  ,"ESQUINERO 900*50*50  ",TROZADO,LISTA
14234,TER09000050005B4  ,"ESQUINERO 900*50*50  ",OTRO,LISTA
14234,TER09000050005B4  ,"ESQUINERO 900*50*50  ",OTRO,LISTA
14234,TER09000050005B4  ,"ESQUINERO 900*50*50  ",TROZADO,LISTA
14234,TER09000050005B4  ,"ESQUINERO 900*50*50  ",OTRO,LISTA
14234,TER09000050005B4  ,"ESQUINERO 900*50*50  ",OTRO,LISTA
14234,TER09000050005B4  ,"ESQUINERO 900*50*50  ",TROZADO,LISTA
14234,TER09000050005B4  ,"ESQUINERO 900*50*50  ",OTRO,LISTA
14234,TER09000050005B4  ,"ESQUINERO 900*50*50  ",OTRO,LISTA
14234,TER09000050005B4  ,"ESQUINERO 900*50*50  ",TROZADO,LISTA
14234,TER09000050005B4  ,"ESQUINERO 900*50*50  ",OTRO,LISTA
14234,TER09000050005B4  ,"ESQUINERO 900*50*50  ",OTRO,LISTA
14234,TER09000050005B4  ,"ESQUINERO 900*50*50  ",TROZADO,LISTA
14234,TER09000050005B4  ,"ESQUINERO 900*50*50  ",OTRO,LISTA
14234,TER09000050005B4  ,"ESQUINERO 900*50*50  ",OTRO,LISTA
14234,TER09000050005B4  ,"ESQUINERO 900*50*50  ",TROZADO,LISTA
14234,TER09000050005B4  ,"ESQUINERO 900*50*50  ",OTRO,LISTA
14234,TER09000050005B4  ,"ESQUINERO 900*50*50  ",OTRO,LISTA
14234,TER09000050005B4  ,"ESQUINERO 900*50*50  ",TROZADO,LISTA
14234,TER09000050005B4  ,"ESQUINERO 900*50*50  ",OTRO,LISTA
14234,TER09000050005B4  ,"ESQUINERO 900*50*50  ",OTRO,LISTA
14234,TER09000050005B4  ,"ESQUINERO 900*50*50  ",TROZADO,LISTA
14234,TER09000050005B4  ,"ESQUINERO 900*50*50  ",OTRO,LISTA
14234,TER09000050005B4  ,"ESQUINERO 900*50*50  ",OTRO,LISTA
14234,TER09000050005B4  ,"ESQUINERO 900*50*50  ",TROZADO,LISTA
14234,TER09000050005B4  ,"ESQUINERO 900*50*50  ",OTRO,LISTA
14234,TER09000050005B4  ,"ESQUINERO 900*50*50  ",OTRO,LISTA
14234,TER09000050005B4  ,"ESQUINERO 900*50*50  ",TROZADO,LISTA
14234,TER09000050005B4  ,"ESQUINERO 900*50*50  ",OTRO,LISTA
14234,TER09000050005B4  ,"ESQUINERO 900*50*50  ",OTRO,LISTA
14234,TER09000050005B4  ,"ESQUINERO 900*50*50  ",TROZADO,LISTA
14234,TER09000050005B4  ,"ESQUINERO 900*50*50  ",OTRO,LISTA
14234,TER09000050005B4  ,"ESQUINERO 900*50*50  ",OTRO,LISTA
14234,TER09000050005B4  ,"ESQUINERO 900*50*50  ",TROZADO,LISTA
14234,TER09000050005B4  ,"ESQUINERO 900*50*50  ",OTRO,LISTA
14234,TER09000050005B4  ,"ESQUINERO 900*50*50  ",OTRO,LISTA
14234,TER09000050005B4  ,"ESQUINERO 900*50*50  ",TROZADO,LISTA
14234,TER09000050005B4  ,"ESQUINERO 900*50*50  ",OTRO,LISTA
14234,TER09000050005B4  ,"ESQUINERO 900*50*50  ",OTRO,LISTA
14234,TER09000050005B4  ,"ESQUINERO 900*50*50  ",TROZADO,LISTA
14234,TER09000050005B4  ,"ESQUINERO 900*50*50  ",OTRO,LISTA
14234,TER09000050005B4  ,"ESQUINERO 900*50*50  ",OTRO,LISTA
14234,TER09000050005B4  ,"ESQUINERO 900*50*50  ",TROZADO,LISTA
14234,TER09000050005B4  ,"ESQUINERO 900*50*50  ",OTRO,LISTA
14234,TER09000050005B4  ,"ESQUINERO 900*50*50  ",OTRO,LISTA
14234,TER09000050005B4  ,"ESQUINERO 900*50*50  ",TROZADO,LISTA
14234,TER09000050005B4  ,"ESQUINERO 900*50*50  ",OTRO,LISTA
14234,TER09000050005B4  ,"ESQUINERO 900*50*50  ",OTRO,LISTA
14234,TER09000050005B4  ,"ESQUINERO 900*50*50  ",TROZADO,LISTA
14234,TER09000050005B4  ,"ESQUINERO 900*50*50  ",OTRO,LISTA
14234,TER09000050005B4  ,"ESQUINERO 900*50*50  ",OTRO,LISTA
14234,TER09000050005B4  ,"ESQUINERO 900*50*50  ",TROZADO,LISTA
14234,TER09000050005B4  ,"ESQUINERO 900*50*50  ",OTRO,LISTA
14234,TER09000050005B4  ,"ESQUINERO 900*50*50  ",OTRO,LISTA
14234,TER09000050005B4  ,"ESQUINERO 900*50*50  ",TROZADO,LISTA
14234,TER09000050005B4  ,"ESQUINERO 900*50*50  ",OTRO,LISTA
14234,TER09000050005B4  ,"ESQUINERO 900*50*50  ",OTRO,LISTA
14234,TER09000050005B4  ,"ESQUINERO 900*50*50  ",TROZADO,LISTA
14234,TER09000050005B4  ,"ESQUINERO 900*50*50  ",OTRO,LISTA
14234,TER09000050005B4  ,"ESQUINERO 900*50*50  ",OTRO,LISTA
14234,TER09000050005B4  ,"ESQUINERO 900*50*50  ",TROZADO,LISTA
14234,TER09000050005B4  ,"ESQUINERO 900*50*50  ",OTRO,LISTA
14234,TER09000050005B4  ,"ESQUINERO 900*50*50  ",OTRO,LISTA
14234,TER09000050005B4  ,"ESQUINERO 900*50*50  ",TROZADO,LISTA
14234,TER09000050005B4  ,"ESQUINERO 900*50*50  ",OTRO,LISTA
14234,TER09000050005B4  ,"ESQUINERO 900*50*50  ",OTRO,LISTA
14234,TER09000050005B4  ,"ESQUINERO 900*50*50  ",TROZADO,LISTA
14234,TER09000050005B4  ,"ESQUINERO 900*50*50  ",OTRO,LISTA
14234,TER09000050005B4  ,"ESQUINERO 900*50*50  ",OTRO,LISTA
14234,TER09000050005B4  ,"ESQUINERO 900*50*50  ",TROZADO,LISTA
14234,TER09000050005B4  ,"ESQUINERO 900*50*50  ",OTRO,LISTA
14234,TER09000050005B4  ,"ESQUINERO 900*50*50  ",OTRO,LISTA
14234,TER09000050005B4  ,"ESQUINERO 900*50*50  ",TROZADO,LISTA
14234,TER09000050005B4  ,"ESQUINERO 900*50*50  ",OTRO,LISTA
14234,TER09000050005B4  ,"ESQUINERO 900*50*50  ",OTRO,LISTA
14234,TER09000050005B4  ,"ESQUINERO 900*50*50  ",TROZADO,LISTA
14234,TER09000050005B4  ,"ESQUINERO 900*50*50  ",OTRO,LISTA
14234,TER09000050005B4  ,"ESQUINERO 900*50*50  ",OTRO,LISTA
14234,TER09000050005B4  ,"ESQUINERO 900*50*50  ",TROZADO,LISTA
14234,TER09000050005B4  ,"ESQUINERO 900*50*50  ",OTRO,LISTA
14234,TER09000050005B4  ,"ESQUINERO 900*50*50  ",OTRO,LISTA
14234,TER09000050005B4  ,"ESQUINERO 900*50*50  ",TROZADO,LISTA
14234,TER09000050005B4  ,"ESQUINERO 900*50*50  ",OTRO,LISTA
14234,TER09000050005B4  ,"ESQUINERO 900*50*50  ",OTRO,LISTA
14234,TER09000050005B4  ,"ESQUINERO 900*50*50  ",TROZADO,LISTA
14234,TER09000050005B4  ,"ESQUINERO 900*50*50  ",OTRO,LISTA
14234,TER09000050005B4  ,"ESQUINERO 900*50*50  ",OTRO,LISTA
14234,TER09000050005B4  ,"ESQUINERO 900*50*50  ",TROZADO,LISTA
14234,TER09000050005B4  ,"ESQUINERO 900*50*50  ",OTRO,LISTA
14234,TER09000050005B4  ,"ESQUINERO 900*50*50  ",OTRO,LISTA
14234,TER09000050005B4  ,"ESQUINERO 900*50*50  ",TROZADO,LISTA
14234,TER09000050005B4  ,"ESQUINERO 900*50*50  ",OTRO,LISTA
14234,TER09000050005B4  ,"ESQUINERO 900*50*50  ",OTRO,LISTA
14234,TER09000050005B4  ,"ESQUINERO 900*50*50  ",TROZADO,LISTA
14234,TER09000050005B4  ,"ESQUINERO 900*50*50  ",OTRO,LISTA
14234,TER09000050005B4  ,"ESQUINERO 900*50*50  ",OTRO,LISTA
14234,TER09000050005B4  ,"ESQUINERO 900*50*50  ",TROZADO,LISTA
14234,TER09000050005B4  ,"ESQUINERO 900*50*50  ",OTRO,LISTA
14234,TER09000050005B4  ,"ESQUINERO 900*50*50  ",OTRO,LISTA
14234,TER09000050005B4  ,"ESQUINERO 900*50*50  ",TROZADO,LISTA
14234,TER09000050005B4  ,"ESQUINERO 900*50*50  ",OTRO,LISTA
14234,TER09000050005B4  ,"ESQUINERO 900*50*50  ",OTRO,LISTA
14234,TER09000050005B4  ,"ESQUINERO 900*50*50  ",TROZADO,LISTA
14234,TER09000050005B4  ,"ESQUINERO 900*50*50  ",OTRO,LISTA
14234,TER09000050005B4  ,"ESQUINERO 900*50*50  ",OTRO,LISTA
14234,TER09000050005B4  ,"ESQUINERO 900*50*50  ",TROZADO,LISTA
14234,TER09000050005B4  ,"ESQUINERO 900*50*50  ",OTRO,LISTA
14234,TER09000050005B4  ,"ESQUINERO 900*50*50  ",OTRO,LISTA
14234,TER09000050005B4  ,"ESQUINERO 900*50*50  ",TROZADO,LISTA
14234,TER09000050005B4  ,"ESQUINERO 900*50*50  ",OTRO,LISTA
14234,TER09000050005B4  ,"ESQUINERO 900*50*50  ",OTRO,LISTA
14234,TER09000050005B4  ,"ESQUINERO 900*50*50  ",TROZADO,LISTA
14234,TER09000050005B4  ,"ESQUINERO 900*50*50  ",OTRO,LISTA
14234,TER09000050005B4  ,"ESQUINERO 900*50*50  ",OTRO,LISTA
14234,TER09000050005B4  ,"ESQUINERO 900*50*50  ",TROZADO,LISTA
14234,TER09000050005B4  ,"ESQUINERO 900*50*50  ",OTRO,LISTA
14234,TER09000050005B4  ,"ESQUINERO 900*50*50  ",OTRO,LISTA
14234,TER09000050005B4  ,"ESQUINERO 900*50*50  ",TROZADO,LISTA
14234,TER09000050005B4  ,"ESQUINERO 900*50*50  ",OTRO,LISTA
14234,TER09000050005B4  ,"ESQUINERO 900*50*50  ",OTRO,LISTA
14234,TER09000050005B4  ,"ESQUINERO 900*50*50  ",TROZADO,LISTA
14234,TER09000050005B4  ,"ESQUINERO 900*50*50  ",OTRO,LISTA
14234,TER09000050005B4  ,"ESQUINERO 900*50*50  ",OTRO,LISTA
14234,TER09000050005B4  ,"ESQUINERO 900*50*50  ",TROZADO,LISTA
14234,TER09000050005B4  ,"ESQUINERO 900*50*50  ",OTRO,LISTA
14234,TER09000050005B4  ,"ESQUINERO 900*50*50  ",OTRO,LISTA
14234,TER09000050005B4  ,"ESQUINERO 900*50*50  ",TROZADO,LISTA
14234,TER09000050005B4  ,"ESQUINERO 900*50*50  ",OTRO,LISTA
14234,TER09000050005B4  ,"ESQUINERO 900*50*50  ",OTRO,LISTA
14234,TER09000050005B4  ,"ESQUINERO 900*50*50  ",TROZADO,LISTA
14234,TER09000050005B4  ,"ESQUINERO 900*50*50  ",OTRO,LISTA
14234,TER09000050005B4  ,"ESQUINERO 900*50*50  ",OTRO,LISTA
14234,TER09000050005B4  ,"ESQUINERO 900*50*50  ",TROZADO,LISTA
14234,TER09000050005B4  ,"ESQUINERO 900*50*50  ",OTRO,LISTA
14234,TER09000050005B4  ,"ESQUINERO 900*50*50  ",OTRO,LISTA
14234,TER09000050005B4  ,"ESQUINERO 900*50*50  ",TROZADO,LISTA
14234,TER09000050005B4  ,"ESQUINERO 900*50*50  ",OTRO,LISTA
14234,TER09000050005B4  ,"ESQUINERO 900*50*50  ",OTRO,LISTA
14234,TER09000050005B4  ,"ESQUINERO 900*50*50  ",TROZADO,LISTA
14234,TER09000050005B4  ,"ESQUINERO 900*50*50  ",OTRO,LISTA
14234,TER09000050005B4  ,"ESQUINERO 900*50*50  ",OTRO,LISTA
14234,TER09000050005B4  ,"ESQUINERO 900*50*50  ",TROZADO,LISTA
14234,TER09000050005B4  ,"ESQUINERO 900*50*50  ",OTRO,LISTA
14234,TER09000050005B4  ,"ESQUINERO 900*50*50  ",OTRO,LISTA
14234,TER09000050005B4  ,"ESQUINERO 900*50*50  ",TROZADO,LISTA
14234,TER09000050005B4  ,"ESQUINERO 900*50*50  ",OTRO,LISTA
14234,TER09000050005B4  ,"ESQUINERO 900*50*50  ",OTRO,LISTA
14234,TER09000050005B4  ,"ESQUINERO 900*50*50  ",TROZADO,LISTA
14234,TER09000050005B4  ,"ESQUINERO 900*50*50  ",OTRO,LISTA
14234,TER09000050005B4  ,"ESQUINERO 900*50*50  ",OTRO,LISTA
14234,TER09000050005B4  ,"ESQUINERO 900*50*50  ",TROZADO,LISTA
14234,TER09000050005B4  ,"ESQUINERO 900*50*50  ",OTRO,LISTA
14234,TER09000050005B4  ,"ESQUINERO 900*50*50  ",OTRO,LISTA
14234,TER09000050005B4  ,"ESQUINERO 900*50*50  ",TROZADO,LISTA
14234,TER09000050005B4  ,"ESQUINERO 900*50*50  ",OTRO,LISTA
14234,TER09000050005B4  ,"ESQUINERO 900*50*50  ",OTRO,LISTA
14234,TER09000050005B4  ,"ESQUINERO 900*50*50  ",TROZADO,LISTA
14234,TER09000050005B4  ,"ESQUINERO 900*50*50  ",OTRO,LISTA
14234,TER09000050005B4  ,"ESQUINERO 900*50*50  ",OTRO,LISTA
14234,TER09000050005B4  ,"ESQUINERO 900*50*50  ",TROZADO,LISTA
14234,TER09000050005B4  ,"ESQUINERO 900*50*50  ",OTRO,LISTA
14234,TER09000050005B4  ,"ESQUINERO 900*50*50  ",OTRO,LISTA
14234,TER09000050005B4  ,"ESQUINERO 900*50*50  ",TROZADO,LISTA
14234,TER09000050005B4  ,"ESQUINERO 900*50*50  ",OTRO,LISTA
14234,TER09000050005B4  ,"ESQUINERO 900*50*50  ",OTRO,LISTA
14234,TER09000050005B4  ,"ESQUINERO 900*50*50  ",TROZADO,LISTA
14234,TER09000050005B4  ,"ESQUINERO 900*50*50  ",OTRO,LISTA
14234,TER09000050005B4  ,"ESQUINERO 900*50*50  ",OTRO,LISTA
14234,TER09000050005B4  ,"ESQUINERO 900*50*50  ",TROZADO,LISTA
14234,TER09000050005B4  ,"ESQUINERO 900*50*50  ",OTRO,LISTA
14234,TER09000050005B4  ,"ESQUINERO 900*50*50  ",OTRO,LISTA
14234,TER09000050005B4  ,"ESQUINERO 900*50*50  ",TROZADO,LISTA
14234,TER09000050005B4  ,"ESQUINERO 900*50*50  ",OTRO,LISTA
14234,TER09000050005B4  ,"ESQUINERO 900*50*50  ",OTRO,LISTA
14234,TER09000050005B4  ,"ESQUINERO 900*50*50  ",TROZADO,LISTA
14234,TER09000050005B4  ,"ESQUINERO 900*50*50  ",OTRO,LISTA
14234,TER09000050005B4  ,"ESQUINERO 900*50*50  ",OTRO,LISTA
14234,TER09000050005B4  ,"ESQUINERO 900*50*50  ",TROZADO,LISTA
14234,TER09000050005B4  ,"ESQUINERO 900*50*50  ",OTRO,LISTA
14234,TER09000050005B4  ,"ESQUINERO 900*50*50  ",OTRO,LISTA
14234,TER09000050005B4  ,"ESQUINERO 900*50*50  ",TROZADO,LISTA
14234,TER09000050005B4  ,"ESQUINERO 900*50*50  ",OTRO,LISTA
14234,TER09000050005B4  ,"ESQUINERO 900*50*50  ",OTRO,LISTA
14234,TER09000050005B4  ,"ESQUINERO 900*50*50  ",TROZADO,LISTA
14234,TER09000050005B4  ,"ESQUINERO 900*50*50  ",OTRO,LISTA
14234,TER09000050005B4  ,"ESQUINERO 900*50*50  ",OTRO,LISTA
14234,TER09000050005B4  ,"ESQUINERO 900*50*50  ",TROZADO,LISTA
14234,TER09000050005B4  ,"ESQUINERO 900*50*50  ",OTRO,LISTA
14234,TER09000050005B4  ,"ESQUINERO 900*50*50  ",OTRO,LISTA
14234,TER09000050005B4  ,"ESQUINERO 900*50*50  ",TROZADO,LISTA
14234,TER09000050005B4  ,"ESQUINERO 900*50*50  ",OTRO,LISTA
14234,TER09000050005B4  ,"ESQUINERO 900*50*50  ",OTRO,LISTA
14234,TER09000050005B4  ,"ESQUINERO 900*50*50  ",TROZADO,LISTA
14234,TER09000050005B4  ,"ESQUINERO 900*50*50  ",OTRO,LISTA
14234,TER09000050005B4  ,"ESQUINERO 900*50*50  ",OTRO,LISTA
14234,TER09000050005B4  ,"ESQUINERO 900*50*50  ",TROZADO,LISTA
14234,TER09000050005B4  ,"ESQUINERO 900*50*50  ",OTRO,LISTA
14234,TER09000050005B4  ,"ESQUINERO 900*50*50  ",OTRO,LISTA
14234,TER09000050005B4  ,"ESQUINERO 900*50*50  ",TROZADO,LISTA
14234,TER09000050005B4  ,"ESQUINERO 900*50*50  ",OTRO,LISTA
14234,TER09000050005B4  ,"ESQUINERO 900*50*50  ",OTRO,LISTA
14234,TER09000050005B4  ,"ESQUINERO 900*50*50  ",TROZADO,LISTA
14234,TER09000050005B4  ,"ESQUINERO 900*50*50  ",OTRO,LISTA
14234,TER09000050005B4  ,"ESQUINERO 900*50*50  ",OTRO,LISTA
14234,TER09000050005B4  ,"ESQUINERO 900*50*50  ",TROZADO,LISTA
14234,TER09000050005B4  ,"ESQUINERO 900*50*50  ",OTRO,LISTA
14234,TER09000050005B4  ,"ESQUINERO 900*50*50  ",OTRO,LISTA
14234,TER09000050005B4  ,"ESQUINERO 900*50*50  ",TROZADO,LISTA
14234,TER09000050005B4  ,"ESQUINERO 900*50*50  ",OTRO,LISTA
14234,TER09000050005B4  ,"ESQUINERO 900*50*50  ",OTRO,LISTA
14234,TER09000050005B4  ,"ESQUINERO 900*50*50  ",TROZADO,LISTA
14234,TER09000050005B4  ,"ESQUINERO 900*50*50  ",OTRO,LISTA
14234,TER09000050005B4  ,"ESQUINERO 900*50*50  ",OTRO,LISTA
14234,TER09000050005B4  ,"ESQUINERO 900*50*50  ",TROZADO,LISTA
14234,TER09000050005B4  ,"ESQUINERO 900*50*50  ",OTRO,LISTA
14234,TER09000050005B4  ,"ESQUINERO 900*50*50  ",OTRO,LISTA
14234,TER09000050005B4  ,"ESQUINERO 900*50*50  ",TROZADO,LISTA
14234,TER09000050005B4  ,"ESQUINERO 900*50*50  ",OTRO,LISTA
14234,TER09000050005B4  ,"ESQUINERO 900*50*50  ",OTRO,LISTA
14234,TER09000050005B4  ,"ESQUINERO 900*50*50  ",TROZADO,LISTA
14234,TER09000050005B4  ,"ESQUINERO 900*50*50  ",OTRO,LISTA
14234,TER09000050005B4  ,"ESQUINERO 900*50*50  ",OTRO,LISTA
14234,TER09000050005B4  ,"ESQUINERO 900*50*50  ",TROZADO,LISTA
14234,TER09000050005B4  ,"ESQUINERO 900*50*50  ",OTRO,LISTA
14234,TER09000050005B4  ,"ESQUINERO 900*50*50  ",OTRO,LISTA
14234,TER09000050005B4  ,"ESQUINERO 900*50*50  ",TROZADO,LISTA
14234,TER09000050005B4  ,"ESQUINERO 900*50*50  ",OTRO,LISTA
14234,TER09000050005B4  ,"ESQUINERO 900*50*50  ",OTRO,LISTA
14234,TER09000050005B4  ,"ESQUINERO 900*50*50  ",TROZADO,LISTA
14234,TER09000050005B4  ,"ESQUINERO 900*50*50  ",OTRO,LISTA
14234,TER09000050005B4  ,"ESQUINERO 900*50*50  ",OTRO,LISTA
14234,TER09000050005B4  ,"ESQUINERO 900*50*50  ",TROZADO,LISTA
14234,TER09000050005B4  ,"ESQUINERO 900*50*50  ",OTRO,LISTA
14234,TER09000050005B4  ,"ESQUINERO 900*50*50  ",OTRO,LISTA
14234,TER09000050005B4  ,"ESQUINERO 900*50*50  ",TROZADO,LISTA
14234,TER09000050005B4  ,"ESQUINERO 900*50*50  ",OTRO,LISTA
14234,TER09000050005B4  ,"ESQUINERO 900*50*50  ",OTRO,LISTA
14234,TER09000050005B4  ,"ESQUINERO 900*50*50  ",TROZADO,LISTA
14234,TER09000050005B4  ,"ESQUINERO 900*50*50  ",OTRO,LISTA
14234,TER09000050005B4  ,"ESQUINERO 900*50*50  ",OTRO,LISTA
14234,TER09000050005B4  ,"ESQUINERO 900*50*50  ",TROZADO,LISTA
14234,TER09000050005B4  ,"ESQUINERO 900*50*50  ",OTRO,LISTA
14234,TER09000050005B4  ,"ESQUINERO 900*50*50  ",OTRO,LISTA
14234,TER09000050005B4  ,"ESQUINERO 900*50*50  ",TROZADO,LISTA
14234,TER09000050005B4  ,"ESQUINERO 900*50*50  ",OTRO,LISTA
14234,TER09000050005B4  ,"ESQUINERO 900*50*50  ",OTRO,LISTA
14234,TER09000050005B4  ,"ESQUINERO 900*50*50  ",TROZADO,LISTA
14234,TER09000050005B4  ,"ESQUINERO 900*50*50  ",OTRO,LISTA
14234,TER09000050005B4  ,"ESQUINERO 900*50*50  ",OTRO,LISTA
14234,TER09000050005B4  ,"ESQUINERO 900*50*50  ",TROZADO,LISTA
14234,TER09000050005B4  ,"ESQUINERO 900*50*50  ",OTRO,LISTA
14234,TER09000050005B4  ,"ESQUINERO 900*50*50  ",OTRO,LISTA
14234,TER09000050005B4  ,"ESQUINERO 900*50*50  ",TROZADO,LISTA
14234,TER09000050005B4  ,"ESQUINERO 900*50*50  ",OTRO,LISTA
14234,TER09000050005B4  ,"ESQUINERO 900*50*50  ",OTRO,LISTA
14234,TER09000050005B4  ,"ESQUINERO 900*50*50  ",TROZADO,LISTA
14234,TER09000050005B4  ,"ESQUINERO 900*50*50  ",OTRO,LISTA
14234,TER09000050005B4  ,"ESQUINERO 900*50*50  ",OTRO,LISTA
14234,TER09000050005B4  ,"ESQUINERO 900*50*50  ",TROZADO,LISTA
14234,TER09000050005B4  ,"ESQUINERO 900*50*50  ",OTRO,LISTA
14234,TER09000050005B4  ,"ESQUINERO 900*50*50  ",OTRO,LISTA
14234,TER09000050005B4  ,"ESQUINERO 900*50*50  ",TROZADO,LISTA
14234,TER09000050005B4  ,"ESQUINERO 900*50*50  ",OTRO,LISTA
14234,TER09000050005B4  ,"ESQUINERO 900*50*50  ",OTRO,LISTA
14234,TER09000050005B4  ,"ESQUINERO 900*50*50  ",TROZADO,LISTA
14234,TER09000050005B4  ,"ESQUINERO 900*50*50  ",OTRO,LISTA
14234,TER09000050005B4  ,"ESQUINERO 900*50*50  ",OTRO,LISTA
14234,TER09000050005B4  ,"ESQUINERO 900*50*50  ",TROZADO,LISTA
14234,TER09000050005B4  ,"ESQUINERO 900*50*50  ",OTRO,LISTA
14234,TER09000050005B4  ,"ESQUINERO 900*50*50  ",OTRO,LISTA
14234,TER09000050005B4  ,"ESQUINERO 900*50*50  ",TROZADO,LISTA
14234,TER09000050005B4  ,"ESQUINERO 900*50*50  ",OTRO,LISTA
14234,TER09000050005B4  ,"ESQUINERO 900*50*50  ",OTRO,LISTA
14234,TER09000050005B4  ,"ESQUINERO 900*50*50  ",TROZADO,LISTA
14234,TER09000050005B4  ,"ESQUINERO 900*50*50  ",OTRO,LISTA
14234,TER09000050005B4  ,"ESQUINERO 900*50*50  ",OTRO,LISTA
14234,TER09000050005B4  ,"ESQUINERO 900*50*50  ",TROZADO,LISTA
14234,TER09000050005B4  ,"ESQUINERO 900*50*50  ",OTRO,LISTA
14234,TER09000050005B4  ,"ESQUINERO 900*50*50  ",OTRO,LISTA
14234,TER09000050005B4  ,"ESQUINERO 900*50*50  ",TROZADO,LISTA
14234,TER09000050005B4  ,"ESQUINERO 900*50*50  ",OTRO,LISTA
14234,TER09000050005B4  ,"ESQUINERO 900*50*50  ",OTRO,LISTA
14234,TER09000050005B4  ,"ESQUINERO 900*50*50  ",TROZADO,LISTA
14234,TER09000050005B4  ,"ESQUINERO 900*50*50  ",OTRO,LISTA
14234,TER09000050005B4  ,"ESQUINERO 900*50*50  ",OTRO,LISTA
14234,TER09000050005B4  ,"ESQUINERO 900*50*50  ",TROZADO,LISTA
14234,TER09000050005B4  ,"ESQUINERO 900*50*50  ",OTRO,LISTA
14234,TER09000050005B4  ,"ESQUINERO 900*50*50  ",OTRO,LISTA
14234,TER09000050005B4  ,"ESQUINERO 900*50*50  ",TROZADO,LISTA
14234,TER09000050005B4  ,"ESQUINERO 900*50*50  ",OTRO,LISTA
14234,TER09000050005B4  ,"ESQUINERO 900*50*50  ",OTRO,LISTA
14234,TER09000050005B4  ,"ESQUINERO 900*50*50  ",TROZADO,LISTA
14234,TER09000050005B4  ,"ESQUINERO 900*50*50  ",OTRO,LISTA
14234,TER09000050005B4  ,"ESQUINERO 900*50*50  ",OTRO,LISTA
14234,TER09000050005B4  ,"ESQUINERO 900*50*50  ",TROZADO,LISTA
14234,TER09000050005B4  ,"ESQUINERO 900*50*50  ",OTRO,LISTA
14234,TER09000050005B4  ,"ESQUINERO 900*50*50  ",OTRO,LISTA
14234,TER09000050005B4  ,"ESQUINERO 900*50*50  ",TROZADO,LISTA
14234,TER09000050005B4  ,"ESQUINERO 900*50*50  ",OTRO,LISTA
14234,TER09000050005B4  ,"ESQUINERO 900*50*50  ",OTRO,LISTA
14234,TER09000050005B4  ,"ESQUINERO 900*50*50  ",TROZADO,LISTA
14234,TER09000050005B4  ,"ESQUINERO 900*50*50  ",OTRO,LISTA
14234,TER09000050005B4  ,"ESQUINERO 900*50*50  ",OTRO,LISTA
14234,TER09000050005B4  ,"ESQUINERO 900*50*50  ",TROZADO,LISTA
14234,TER09000050005B4  ,"ESQUINERO 900*50*50  ",OTRO,LISTA
14234,TER09000050005B4  ,"ESQUINERO 900*50*50  ",OTRO,LISTA
14234,TER09000050005B4  ,"ESQUINERO 900*50*50  ",TROZADO,LISTA
14234,TER09000050005B4  ,"ESQUINERO 900*50*50  ",OTRO,LISTA
14234,TER09000050005B4  ,"ESQUINERO 900*50*50  ",OTRO,LISTA
14234,TER09000050005B4  ,"ESQUINERO 900*50*50  ",TROZADO,LISTA
14234,TER09000050005B4  ,"ESQUINERO 900*50*50  ",OTRO,LISTA
14234,TER09000050005B4  ,"ESQUINERO 900*50*50  ",OTRO,LISTA
14234,TER09000050005B4  ,"ESQUINERO 900*50*50  ",TROZADO,LISTA
14234,TER09000050005B4  ,"ESQUINERO 900*50*50  ",OTRO,LISTA
14234,TER09000050005B4  ,"ESQUINERO 900*50*50  ",OTRO,LISTA
14234,TER09000050005B4  ,"ESQUINERO 900*50*50  ",TROZADO,LISTA
14234,TER09000050005B4  ,"ESQUINERO 900*50*50  ",OTRO,LISTA
14234,TER09000050005B4  ,"ESQUINERO 900*50*50  ",OTRO,LISTA
14234,TER09000050005B4  ,"ESQUINERO 900*50*50  ",TROZADO,LISTA
14234,TER09000050005B4  ,"ESQUINERO 900*50*50  ",OTRO,LISTA
14234,TER09000050005B4  ,"ESQUINERO 900*50*50  ",OTRO,LISTA
14234,TER09000050005B4  ,"ESQUINERO 900*50*50  ",TROZADO,LISTA
14234,TER09000050005B4  ,"ESQUINERO 900*50*50  ",OTRO,LISTA
14234,TER09000050005B4  ,"ESQUINERO 900*50*50  ",OTRO,LISTA
14234,TER09000050005B4  ,"ESQUINERO 900*50*50  ",TROZADO,LISTA
14234,TER09000050005B4  ,"ESQUINERO 900*50*50  ",OTRO,LISTA
14234,TER09000050005B4  ,"ESQUINERO 900*50*50  ",OTRO,LISTA
14234,TER09000050005B4  ,"ESQUINERO 900*50*50  ",TROZADO,LISTA
14234,TER09000050005B4  ,"ESQUINERO 900*50*50  ",OTRO,LISTA
14234,TER09000050005B4  ,"ESQUINERO 900*50*50  ",OTRO,LISTA
14234,TER09000050005B4  ,"ESQUINERO 900*50*50  ",TROZADO,LISTA
14234,TER09000050005B4  ,"ESQUINERO 900*50*50  ",OTRO,LISTA
14234,TER09000050005B4  ,"ESQUINERO 900*50*50  ",OTRO,LISTA
14234,TER09000050005B4  ,"ESQUINERO 900*50*50  ",TROZADO,LISTA
14234,TER09000050005B4  ,"ESQUINERO 900*50*50  ",OTRO,LISTA
14234,TER09000050005B4  ,"ESQUINERO 900*50*50  ",OTRO,LISTA
14234,TER09000050005B4  ,"ESQUINERO 900*50*50  ",TROZADO,LISTA
14234,TER09000050005B4  ,"ESQUINERO 900*50*50  ",OTRO,LISTA
14234,TER09000050005B4  ,"ESQUINERO 900*50*50  ",OTRO,LISTA
14234,TER09000050005B4  ,"ESQUINERO 900*50*50  ",TROZADO,LISTA
14234,TER09000050005B4  ,"ESQUINERO 900*50*50  ",OTRO,LISTA
14234,TER09000050005B4  ,"ESQUINERO 900*50*50  ",OTRO,LISTA
14234,TER09000050005B4  ,"ESQUINERO 900*50*50  ",TROZADO,LISTA
14234,TER09000050005B4  ,"ESQUINERO 900*50*50  ",OTRO,LISTA
14234,TER09000050005B4  ,"ESQUINERO 900*50*50  ",OTRO,LISTA
14234,TER09000050005B4  ,"ESQUINERO 900*50*50  ",TROZADO,LISTA
14234,TER09000050005B4  ,"ESQUINERO 900*50*50  ",OTRO,LISTA
14234,TER09000050005B4  ,"ESQUINERO 900*50*50  ",OTRO,LISTA
14234,TER09000050005B4  ,"ESQUINERO 900*50*50  ",TROZADO,LISTA
14234,TER09000050005B4  ,"ESQUINERO 900*50*50  ",OTRO,LISTA
14234,TER09000050005B4  ,"ESQUINERO 900*50*50  ",OTRO,LISTA
14234,TER09000050005B4  ,"ESQUINERO 900*50*50  ",TROZADO,LISTA
14234,TER09000050005B4  ,"ESQUINERO 900*50*50  ",OTRO,LISTA
14234,TER09000050005B4  ,"ESQUINERO 900*50*50  ",OTRO,LISTA
14234,TER09000050005B4  ,"ESQUINERO 900*50*50  ",TROZADO,LISTA
14234,TER09000050005B4  ,"ESQUINERO 900*50*50  ",OTRO,LISTA
14234,TER09000050005B4  ,"ESQUINERO 900*50*50  ",OTRO,LISTA
14234,TER09000050005B4  ,"ESQUINERO 900*50*50  ",TROZADO,LISTA
14234,TER09000050005B4  ,"ESQUINERO 900*50*50  ",OTRO,LISTA
14234,TER09000050005B4  ,"ESQUINERO 900*50*50  ",OTRO,LISTA
14234,TER09000050005B4  ,"ESQUINERO 900*50*50  ",TROZADO,LISTA
14234,TER09000050005B4  ,"ESQUINERO 900*50*50  ",OTRO,LISTA
14234,TER09000050005B4  ,"ESQUINERO 900*50*50  ",OTRO,LISTA
14234,TER09000050005B4  ,"ESQUINERO 900*50*50  ",TROZADO,LISTA
14234,TER09000050005B4  ,"ESQUINERO 900*50*50  ",OTRO,LISTA
14234,TER09000050005B4  ,"ESQUINERO 900*50*50  ",OTRO,LISTA
14234,TER09000050005B4  ,"ESQUINERO 900*50*50  ",TROZADO,LISTA
14234,TER09000050005B4  ,"ESQUINERO 900*50*50  ",OTRO,LISTA
14234,TER09000050005B4  ,"ESQUINERO 900*50*50  ",OTRO,LISTA
14234,TER09000050005B4  ,"ESQUINERO 900*50*50  ",TROZADO,LISTA
14234,TER09000050005B4  ,"ESQUINERO 900*50*50  ",OTRO,LISTA
14234,TER09000050005B4  ,"ESQUINERO 900*50*50  ",OTRO,LISTA
14234,TER09000050005B4  ,"ESQUINERO 900*50*50  ",TROZADO,LISTA
14234,TER09000050005B4  ,"ESQUINERO 900*50*50  ",OTRO,LISTA
14234,TER09000050005B4  ,"ESQUINERO 900*50*50  ",OTRO,LISTA
14234,TER09000050005B4  ,"ESQUINERO 900*50*50  ",TROZADO,LISTA
14234,TER09000050005B4  ,"ESQUINERO 900*50*50  ",OTRO,LISTA
14234,TER09000050005B4  ,"ESQUINERO 900*50*50  ",OTRO,LISTA
14234,TER09000050005B4  ,"ESQUINERO 900*50*50  ",TROZADO,LISTA
14234,TER09000050005B4  ,"ESQUINERO 900*50*50  ",OTRO,LISTA
14234,TER09000050005B4  ,"ESQUINERO 900*50*50  ",OTRO,LISTA
14234,TER09000050005B4  ,"ESQUINERO 900*50*50  ",TROZADO,LISTA
14234,TER09000050005B4  ,"ESQUINERO 900*50*50  ",OTRO,LISTA
14234,TER09000050005B4  ,"ESQUINERO 900*50*50  ",OTRO,LISTA
14234,TER09000050005B4  ,"ESQUINERO 900*50*50  ",TROZADO,LISTA
14234,TER09000050005B4  ,"ESQUINERO 900*50*50  ",OTRO,LISTA
14234,TER09000050005B4  ,"ESQUINERO 900*50*50  ",OTRO,LISTA
14234,TER09000050005B4  ,"ESQUINERO 900*50*50  ",TROZADO,LISTA
14234,TER09000050005B4  ,"ESQUINERO 900*50*50  ",OTRO,LISTA
14234,TER09000050005B4  ,"ESQUINERO 900*50*50  ",OTRO,LISTA
14234,TER09000050005B4  ,"ESQUINERO 900*50*50  ",TROZADO,LISTA
14234,TER09000050005B4  ,"ESQUINERO 900*50*50  ",OTRO,LISTA
14234,TER09000050005B4  ,"ESQUINERO 900*50*50  ",OTRO,LISTA
14234,TER09000050005B4  ,"ESQUINERO 900*50*50  ",TROZADO,LISTA
14234,TER09000050005B4  ,"ESQUINERO 900*50*50  ",OTRO,LISTA
14234,TER09000050005B4  ,"ESQUINERO 900*50*50  ",OTRO,LISTA
14234,TER09000050005B4  ,"ESQUINERO 900*50*50  ",TROZADO,LISTA
14234,TER09000050005B4  ,"ESQUINERO 900*50*50  ",OTRO,LISTA
14234,TER09000050005B4  ,"ESQUINERO 900*50*50  ",OTRO,LISTA
14234,TER09000050005B4  ,"ESQUINERO 900*50*50  ",TROZADO,LISTA
14234,TER09000050005B4  ,"ESQUINERO 900*50*50  ",OTRO,LISTA
14234,TER09000050005B4  ,"ESQUINERO 900*50*50  ",OTRO,LISTA
14234,TER09000050005B4  ,"ESQUINERO 900*50*50  ",TROZADO,LISTA
14234,TER09000050005B4  ,"ESQUINERO 900*50*50  ",OTRO,LISTA
14234,TER09000050005B4  ,"ESQUINERO 900*50*50  ",OTRO,LISTA
14234,TER09000050005B4  ,"ESQUINERO 900*50*50  ",TROZADO,LISTA
14234,TER09000050005B4  ,"ESQUINERO 900*50*50  ",OTRO,LISTA
14234,TER09000050005B4  ,"ESQUINERO 900*50*50  ",OTRO,LISTA
14234,TER09000050005B4  ,"ESQUINERO 900*50*50  ",TROZADO,LISTA
14234,TER09000050005B4  ,"ESQUINERO 900*50*50  ",OTRO,LISTA
14234,TER09000050005B4  ,"ESQUINERO 900*50*50  ",OTRO,LISTA
14234,TER09000050005B4  ,"ESQUINERO 900*50*50  ",TROZADO,LISTA
14234,TER09000050005B4  ,"ESQUINERO 900*50*50  ",OTRO,LISTA
14234,TER09000050005B4  ,"ESQUINERO 900*50*50  ",OTRO,LISTA
14234,TER09000050005B4  ,"ESQUINERO 900*50*50  ",TROZADO,LISTA
14234,TER09000050005B4  ,"ESQUINERO 900*50*50  ",OTRO,LISTA
14234,TER09000050005B4  ,"ESQUINERO 900*50*50  ",OTRO,LISTA
14234,TER09000050005B4  ,"ESQUINERO 900*50*50  ",TROZADO,LISTA
14234,TER09000050005B4  ,"ESQUINERO 900*50*50  ",OTRO,LISTA
14234,TER09000050005B4  ,"ESQUINERO 900*50*50  ",OTRO,LISTA
14234,TER09000050005B4  ,"ESQUINERO 900*50*50  ",TROZADO,LISTA
14234,TER09000050005B4  ,"ESQUINERO 900*50*50  ",OTRO,LISTA
14234,TER09000050005B4  ,"ESQUINERO 900*50*50  ",OTRO,LISTA
14234,TER09000050005B4  ,"ESQUINERO 900*50*50  ",TROZADO,LISTA
14234,TER09000050005B4  ,"ESQUINERO 900*50*50  ",OTRO,LISTA
14234,TER09000050005B4  ,"ESQUINERO 900*50*50  ",OTRO,LISTA
14234,TER09000050005B4  ,"ESQUINERO 900*50*50  ",TROZADO,LISTA
14234,TER09000050005B4  ,"ESQUINERO 900*50*50  ",OTRO,LISTA
14234,TER09000050005B4  ,"ESQUINERO 900*50*50  ",OTRO,LISTA
14234,TER09000050005B4  ,"ESQUINERO 900*50*50  ",TROZADO,LISTA
14234,TER09000050005B4  ,"ESQUINERO 900*50*50  ",OTRO,LISTA
14234,TER09000050005B4  ,"ESQUINERO 900*50*50  ",OTRO,LISTA
14234,TER09000050005B4  ,"ESQUINERO 900*50*50  ",TROZADO,LISTA
14234,TER09000050005B4  ,"ESQUINERO 900*50*50  ",OTRO,LISTA
14234,TER09000050005B4  ,"ESQUINERO 900*50*50  ",OTRO,LISTA
14234,TER09000050005B4  ,"ESQUINERO 900*50*50  ",TROZADO,LISTA
14234,TER09000050005B4  ,"ESQUINERO 900*50*50  ",OTRO,LISTA
14234,TER09000050005B4  ,"ESQUINERO 900*50*50  ",OTRO,LISTA
14234,TER09000050005B4  ,"ESQUINERO 900*50*50  ",TROZADO,LISTA
14234,TER09000050005B4  ,"ESQUINERO 900*50*50  ",OTRO,LISTA
14234,TER09000050005B4  ,"ESQUINERO 900*50*50  ",OTRO,LISTA
14234,TER09000050005B4  ,"ESQUINERO 900*50*50  ",TROZADO,LISTA
14234,TER09000050005B4  ,"ESQUINERO 900*50*50  ",OTRO,LISTA
14234,TER09000050005B4  ,"ESQUINERO 900*50*50  ",OTRO,LISTA
14234,TER09000050005B4  ,"ESQUINERO 900*50*50  ",TROZADO,LISTA
14234,TER09000050005B4  ,"ESQUINERO 900*50*50  ",OTRO,LISTA
14234,TER09000050005B4  ,"ESQUINERO 900*50*50  ",OTRO,LISTA
14234,TER09000050005B4  ,"ESQUINERO 900*50*50  ",TROZADO,LISTA
14234,TER09000050005B4  ,"ESQUINERO 900*50*50  ",OTRO,LISTA
14234,TER09000050005B4  ,"ESQUINERO 900*50*50  ",OTRO,LISTA
14234,TER09000050005B4  ,"ESQUINERO 900*50*50  ",TROZADO,LISTA
14234,TER09000050005B4  ,"ESQUINERO 900*50*50  ",OTRO,LISTA
14234,TER09000050005B4  ,"ESQUINERO 900*50*50  ",OTRO,LISTA
14234,TER09000050005B4  ,"ESQUINERO 900*50*50  ",TROZADO,LISTA
14234,TER09000050005B4  ,"ESQUINERO 900*50*50  ",OTRO,LISTA
14234,TER09000050005B4  ,"ESQUINERO 900*50*50  ",OTRO,LISTA
14234,TER09000050005B4  ,"ESQUINERO 900*50*50  ",TROZADO,LISTA
14234,TER09000050005B4  ,"ESQUINERO 900*50*50  ",OTRO,LISTA
14234,TER09000050005B4  ,"ESQUINERO 900*50*50  ",OTRO,LISTA
14234,TER09000050005B4  ,"ESQUINERO 900*50*50  ",TROZADO,LISTA
14234,TER09000050005B4  ,"ESQUINERO 900*50*50  ",OTRO,LISTA
14234,TER09000050005B4  ,"ESQUINERO 900*50*50  ",OTRO,LISTA
14234,TER09000050005B4  ,"ESQUINERO 900*50*50  ",TROZADO,LISTA
14234,TER09000050005B4  ,"ESQUINERO 900*50*50  ",OTRO,LISTA
14234,TER09000050005B4  ,"ESQUINERO 900*50*50  ",OTRO,LISTA
14234,TER09000050005B4  ,"ESQUINERO 900*50*50  ",TROZADO,LISTA
14234,TER09000050005B4  ,"ESQUINERO 900*50*50  ",OTRO,LISTA
14234,TER09000050005B4  ,"ESQUINERO 900*50*50  ",OTRO,LISTA
14234,TER09000050005B4  ,"ESQUINERO 900*50*50  ",TROZADO,LISTA
14234,TER09000050005B4  ,"ESQUINERO 900*50*50  ",OTRO,LISTA
14234,TER09000050005B4  ,"ESQUINERO 900*50*50  ",OTRO,LISTA
14234,TER09000050005B4  ,"ESQUINERO 900*50*50  ",TROZADO,LISTA
14234,TER09000050005B4  ,"ESQUINERO 900*50*50  ",OTRO,LISTA
14234,TER09000050005B4  ,"ESQUINERO 900*50*50  ",OTRO,LISTA
14234,TER09000050005B4  ,"ESQUINERO 900*50*50  ",TROZADO,LISTA
14234,TER09000050005B4  ,"ESQUINERO 900*50*50  ",OTRO,LISTA
14234,TER09000050005B4  ,"ESQUINERO 900*50*50  ",OTRO,LISTA
14234,TER09000050005B4  ,"ESQUINERO 900*50*50  ",TROZADO,LISTA
14234,TER09000050005B4  ,"ESQUINERO 900*50*50  ",OTRO,LISTA
14234,TER09000050005B4  ,"ESQUINERO 900*50*50  ",OTRO,LISTA
14234,TER09000050005B4  ,"ESQUINERO 900*50*50  ",TROZADO,LISTA
14234,TER09000050005B4  ,"ESQUINERO 900*50*50  ",OTRO,LISTA
14234,TER09000050005B4  ,"ESQUINERO 900*50*50  ",OTRO,LISTA
14234,TER09000050005B4  ,"ESQUINERO 900*50*50  ",TROZADO,LISTA
14234,TER09000050005B4  ,"ESQUINERO 900*50*50  ",OTRO,LISTA
14234,TER09000050005B4  ,"ESQUINERO 900*50*50  ",OTRO,LISTA
14234,TER09000050005B4  ,"ESQUINERO 900*50*50  ",TROZADO,LISTA
14234,TER09000050005B4  ,"ESQUINERO 900*50*50  ",OTRO,LISTA
14234,TER09000050005B4  ,"ESQUINERO 900*50*50  ",OTRO,LISTA
14234,TER09000050005B4  ,"ESQUINERO 900*50*50  ",TROZADO,LISTA
14234,TER09000050005B4  ,"ESQUINERO 900*50*50  ",OTRO,LISTA
14234,TER09000050005B4  ,"ESQUINERO 900*50*50  ",OTRO,LISTA
14234,TER09000050005B4  ,"ESQUINERO 900*50*50  ",TROZADO,LISTA
14234,TER09000050005B4  ,"ESQUINERO 900*50*50  ",OTRO,LISTA
14234,TER09000050005B4  ,"ESQUINERO 900*50*50  ",OTRO,LISTA
14234,TER09000050005B4  ,"ESQUINERO 900*50*50  ",TROZADO,LISTA
14234,TER09000050005B4  ,"ESQUINERO 900*50*50  ",OTRO,LISTA
14234,TER09000050005B4  ,"ESQUINERO 900*50*50  ",OTRO,LISTA
14234,TER09000050005B4  ,"ESQUINERO 900*50*50  ",TROZADO,LISTA
14234,TER09000050005B4  ,"ESQUINERO 900*50*50  ",OTRO,LISTA
14234,TER09000050005B4  ,"ESQUINERO 900*50*50  ",OTRO,LISTA
14234,TER09000050005B4  ,"ESQUINERO 900*50*50  ",TROZADO,LISTA
14234,TER09000050005B4  ,"ESQUINERO 900*50*50  ",OTRO,LISTA
14234,TER09000050005B4  ,"ESQUINERO 900*50*50  ",OTRO,LISTA
14234,TER09000050005B4  ,"ESQUINERO 900*50*50  ",TROZADO,LISTA
14234,TER09000050005B4  ,"ESQUINERO 900*50*50  ",OTRO,LISTA
14234,TER09000050005B4  ,"ESQUINERO 900*50*50  ",OTRO,LISTA
14234,TER09000050005B4  ,"ESQUINERO 900*50*50  ",TROZADO,LISTA
14234,TER09000050005B4  ,"ESQUINERO 900*50*50  ",OTRO,LISTA
14234,TER09000050005B4  ,"ESQUINERO 900*50*50  ",OTRO,LISTA
14234,TER09000050005B4  ,"ESQUINERO 900*50*50  ",TROZADO,LISTA
14234,TER09000050005B4  ,"ESQUINERO 900*50*50  ",OTRO,LISTA
14234,TER09000050005B4  ,"ESQUINERO 900*50*50  ",OTRO,LISTA
14234,TER09000050005B4  ,"ESQUINERO 900*50*50  ",TROZADO,LISTA
14234,TER09000050005B4  ,"ESQUINERO 900*50*50  ",OTRO,LISTA
14234,TER09000050005B4  ,"ESQUINERO 900*50*50  ",OTRO,LISTA
14234,TER09000050005B4  ,"ESQUINERO 900*50*50  ",TROZADO,LISTA
14234,TER09000050005B4  ,"ESQUINERO 900*50*50  ",OTRO,LISTA
14234,TER09000050005B4  ,"ESQUINERO 900*50*50  ",OTRO,LISTA
14234,TER09000050005B4  ,"ESQUINERO 900*50*50  ",TROZADO,LISTA
14234,TER09000050005B4  ,"ESQUINERO 900*50*50  ",OTRO,LISTA
14234,TER09000050005B4  ,"ESQUINERO 900*50*50  ",OTRO,LISTA
14234,TER09000050005B4  ,"ESQUINERO 900*50*50  ",TROZADO,LISTA
14234,TER09000050005B4  ,"ESQUINERO 900*50*50  ",OTRO,LISTA
14234,TER09000050005B4  ,"ESQUINERO 900*50*50  ",OTRO,LISTA
14234,TER09000050005B4  ,"ESQUINERO 900*50*50  ",TROZADO,LISTA
14234,TER09000050005B4  ,"ESQUINERO 900*50*50  ",OTRO,LISTA
14234,TER09000050005B4  ,"ESQUINERO 900*50*50  ",OTRO,LISTA
14234,TER09000050005B4  ,"ESQUINERO 900*50*50  ",TROZADO,LISTA
14234,TER09000050005B4  ,"ESQUINERO 900*50*50  ",OTRO,LISTA
14234,TER09000050005B4  ,"ESQUINERO 900*50*50  ",OTRO,LISTA
14234,TER09000050005B4  ,"ESQUINERO 900*50*50  ",TROZADO,LISTA
14234,TER09000050005B4  ,"ESQUINERO 900*50*50  ",OTRO,LISTA
14234,TER09000050005B4  ,"ESQUINERO 900*50*50  ",OTRO,LISTA
14234,TER09000050005B4  ,"ESQUINERO 900*50*50  ",TROZADO,LISTA
14234,TER09000050005B4  ,"ESQUINERO 900*50*50  ",OTRO,LISTA
14234,TER09000050005B4  ,"ESQUINERO 900*50*50  ",OTRO,LISTA
14234,TER09000050005B4  ,"ESQUINERO 900*50*50  ",TROZADO,LISTA
14234,TER09000050005B4  ,"ESQUINERO 900*50*50  ",OTRO,LISTA
14234,TER09000050005B4  ,"ESQUINERO 900*50*50  ",OTRO,LISTA
14234,TER09000050005B4  ,"ESQUINERO 900*50*50  ",TROZADO,LISTA
14234,TER09000050005B4  ,"ESQUINERO 900*50*50  ",OTRO,LISTA
14234,TER09000050005B4  ,"ESQUINERO 900*50*50  ",OTRO,LISTA
14234,TER09000050005B4  ,"ESQUINERO 900*50*50  ",TROZADO,LISTA
14234,TER09000050005B4  ,"ESQUINERO 900*50*50  ",OTRO,LISTA
14234,TER09000050005B4  ,"ESQUINERO 900*50*50  ",OTRO,LISTA
14234,TER09000050005B4  ,"ESQUINERO 900*50*50  ",TROZADO,LISTA
14234,TER09000050005B4  ,"ESQUINERO 900*50*50  ",OTRO,LISTA
14234,TER09000050005B4  ,"ESQUINERO 900*50*50  ",OTRO,LISTA
14234,TER09000050005B4  ,"ESQUINERO 900*50*50  ",TROZADO,LISTA
14234,TER09000050005B4  ,"ESQUINERO 900*50*50  ",OTRO,LISTA
14234,TER09000050005B4  ,"ESQUINERO 900*50*50  ",OTRO,LISTA
14234,TER09000050005B4  ,"ESQUINERO 900*50*50  ",TROZADO,LISTA
14234,TER09000050005B4  ,"ESQUINERO 900*50*50  ",OTRO,LISTA
14234,TER09000050005B4  ,"ESQUINERO 900*50*50  ",OTRO,LISTA
14234,TER09000050005B4  ,"ESQUINERO 900*50*50  ",TROZADO,LISTA
14234,TER09000050005B4  ,"ESQUINERO 900*50*50  ",OTRO,LISTA
14234,TER09000050005B4  ,"ESQUINERO 900*50*50  ",OTRO,LISTA
14234,TER09000050005B4  ,"ESQUINERO 900*50*50  ",TROZADO,LISTA
14234,TER09000050005B4  ,"ESQUINERO 900*50*50  ",OTRO,LISTA
14234,TER09000050005B4  ,"ESQUINERO 900*50*50  ",OTRO,LISTA
14234,TER09000050005B4  ,"ESQUINERO 900*50*50  ",TROZADO,LISTA
14234,TER09000050005B4  ,"ESQUINERO 900*50*50  ",OTRO,LISTA
14234,TER09000050005B4  ,"ESQUINERO 900*50*50  ",OTRO,LISTA
14234,TER09000050005B4  ,"ESQUINERO 900*50*50  ",TROZADO,LISTA
14234,TER09000050005B4  ,"ESQUINERO 900*50*50  ",OTRO,LISTA
14234,TER09000050005B4  ,"ESQUINERO 900*50*50  ",OTRO,LISTA
14234,TER09000050005B4  ,"ESQUINERO 900*50*50  ",TROZADO,LISTA
14234,TER09000050005B4  ,"ESQUINERO 900*50*50  ",OTRO,LISTA
14234,TER09000050005B4  ,"ESQUINERO 900*50*50  ",OTRO,LISTA
14234,TER09000050005B4  ,"ESQUINERO 900*50*50  ",TROZADO,LISTA
14234,TER09000050005B4  ,"ESQUINERO 900*50*50  ",OTRO,LISTA
14234,TER09000050005B4  ,"ESQUINERO 900*50*50  ",OTRO,LISTA
14234,TER09000050005B4  ,"ESQUINERO 900*50*50  ",TROZADO,LISTA
14234,TER09000050005B4  ,"ESQUINERO 900*50*50  ",OTRO,LISTA
14234,TER09000050005B4  ,"ESQUINERO 900*50*50  ",OTRO,LISTA
14234,TER09000050005B4  ,"ESQUINERO 900*50*50  ",TROZADO,LISTA
14234,TER09000050005B4  ,"ESQUINERO 900*50*50  ",OTRO,LISTA
14234,TER09000050005B4  ,"ESQUINERO 900*50*50  ",OTRO,LISTA
14234,TER09000050005B4  ,"ESQUINERO 900*50*50  ",TROZADO,LISTA
14234,TER09000050005B4  ,"ESQUINERO 900*50*50  ",OTRO,LISTA
14234,TER09000050005B4  ,"ESQUINERO 900*50*50  ",OTRO,LISTA
14234,TER09000050005B4  ,"ESQUINERO 900*50*50  ",TROZADO,LISTA
14234,TER09000050005B4  ,"ESQUINERO 900*50*50  ",OTRO,LISTA
14234,TER09000050005B4  ,"ESQUINERO 900*50*50  ",OTRO,LISTA
14234,TER09000050005B4  ,"ESQUINERO 900*50*50  ",TROZADO,LISTA
14234,TER09000050005B4  ,"ESQUINERO 900*50*50  ",OTRO,LISTA
14234,TER09000050005B4  ,"ESQUINERO 900*50*50  ",OTRO,LISTA
14234,TER09000050005B4  ,"ESQUINERO 900*50*50  ",TROZADO,LISTA
14234,TER09000050005B4  ,"ESQUINERO 900*50*50  ",OTRO,LISTA
14234,TER09000050005B4  ,"ESQUINERO 900*50*50  ",OTRO,LISTA
14234,TER09000050005B4  ,"ESQUINERO 900*50*50  ",TROZADO,LISTA
14234,TER09000050005B4  ,"ESQUINERO 900*50*50  ",OTRO,LISTA
14234,TER09000050005B4  ,"ESQUINERO 900*50*50  ",OTRO,LISTA
14234,TER09000050005B4  ,"ESQUINERO 900*50*50  ",TROZADO,LISTA
14234,TER09000050005B4  ,"ESQUINERO 900*50*50  ",OTRO,LISTA
14234,TER09000050005B4  ,"ESQUINERO 900*50*50  ",OTRO,LISTA
14234,TER09000050005B4  ,"ESQUINERO 900*50*50  ",TROZADO,LISTA
14234,TER09000050005B4  ,"ESQUINERO 900*50*50  ",OTRO,LISTA
14234,TER09000050005B4  ,"ESQUINERO 900*50*50  ",OTRO,LISTA
14234,TER09000050005B4  ,"ESQUINERO 900*50*50  ",TROZADO,LISTA
14234,TER09000050005B4  ,"ESQUINERO 900*50*50  ",OTRO,LISTA
14234,TER09000050005B4  ,"ESQUINERO 900*50*50  ",OTRO,LISTA
14234,TER09000050005B4  ,"ESQUINERO 900*50*50  ",TROZADO,LISTA
14234,TER09000050005B4  ,"ESQUINERO 900*50*50  ",OTRO,LISTA
14234,TER09000050005B4  ,"ESQUINERO 900*50*50  ",OTRO,LISTA
14234,TER09000050005B4  ,"ESQUINERO 900*50*50  ",TROZADO,LISTA
14234,TER09000050005B4  ,"ESQUINERO 900*50*50  ",OTRO,LISTA
14234,TER09000050005B4  ,"ESQUINERO 900*50*50  ",OTRO,LISTA
14234,TER09000050005B4  ,"ESQUINERO 900*50*50  ",TROZADO,LISTA
14234,TER09000050005B4  ,"ESQUINERO 900*50*50  ",OTRO,LISTA
14234,TER09000050005B4  ,"ESQUINERO 900*50*50  ",OTRO,LISTA
14234,TER09000050005B4  ,"ESQUINERO 900*50*50  ",TROZADO,LISTA
14234,TER09000050005B4  ,"ESQUINERO 900*50*50  ",OTRO,LISTA
14234,TER09000050005B4  ,"ESQUINERO 900*50*50  ",OTRO,LISTA
14234,TER09000050005B4  ,"ESQUINERO 900*50*50  ",TROZADO,LISTA
14234,TER09000050005B4  ,"ESQUINERO 900*50*50  ",OTRO,LISTA
14234,TER09000050005B4  ,"ESQUINERO 900*50*50  ",OTRO,LISTA
14234,TER09000050005B4  ,"ESQUINERO 900*50*50  ",TROZADO,LISTA
14234,TER09000050005B4  ,"ESQUINERO 900*50*50  ",OTRO,LISTA
14234,TER09000050005B4  ,"ESQUINERO 900*50*50  ",OTRO,LISTA
14234,TER09000050005B4  ,"ESQUINERO 900*50*50  ",TROZADO,LISTA
14234,TER09000050005B4  ,"ESQUINERO 900*50*50  ",OTRO,LISTA
14234,TER09000050005B4  ,"ESQUINERO 900*50*50  ",OTRO,LISTA
14234,TER09000050005B4  ,"ESQUINERO 900*50*50  ",TROZADO,LISTA
14234,TER09000050005B4  ,"ESQUINERO 900*50*50  ",OTRO,LISTA
14234,TER09000050005B4  ,"ESQUINERO 900*50*50  ",OTRO,LISTA
14234,TER09000050005B4  ,"ESQUINERO 900*50*50  ",TROZADO,LISTA
14234,TER09000050005B4  ,"ESQUINERO 900*50*50  ",OTRO,LISTA
14234,TER09000050005B4  ,"ESQUINERO 900*50*50  ",OTRO,LISTA
14234,TER09000050005B4  ,"ESQUINERO 900*50*50  ",TROZADO,LISTA
14234,TER09000050005B4  ,"ESQUINERO 900*50*50  ",OTRO,LISTA
14234,TER09000050005B4  ,"ESQUINERO 900*50*50  ",OTRO,LISTA
14234,TER09000050005B4  ,"ESQUINERO 900*50*50  ",TROZADO,LISTA
14234,TER09000050005B4  ,"ESQUINERO 900*50*50  ",OTRO,LISTA
14234,TER09000050005B4  ,"ESQUINERO 900*50*50  ",OTRO,LISTA
14234,TER09000050005B4  ,"ESQUINERO 900*50*50  ",TROZADO,LISTA
14234,TER09000050005B4  ,"ESQUINERO 900*50*50  ",OTRO,LISTA
14234,TER09000050005B4  ,"ESQUINERO 900*50*50  ",OTRO,LISTA
14234,TER09000050005B4  ,"ESQUINERO 900*50*50  ",TROZADO,LISTA
14234,TER09000050005B4  ,"ESQUINERO 900*50*50  ",OTRO,LISTA
14234,TER09000050005B4  ,"ESQUINERO 900*50*50  ",OTRO,LISTA
14234,TER09000050005B4  ,"ESQUINERO 900*50*50  ",TROZADO,LISTA
14234,TER09000050005B4  ,"ESQUINERO 900*50*50  ",OTRO,LISTA
14234,TER09000050005B4  ,"ESQUINERO 900*50*50  ",OTRO,LISTA
14234,TER09000050005B4  ,"ESQUINERO 900*50*50  ",TROZADO,LISTA
14234,TER09000050005B4  ,"ESQUINERO 900*50*50  ",OTRO,LISTA
14234,TER09000050005B4  ,"ESQUINERO 900*50*50  ",OTRO,LISTA
14234,TER09000050005B4  ,"ESQUINERO 900*50*50  ",TROZADO,LISTA
14234,TER09000050005B4  ,"ESQUINERO 900*50*50  ",OTRO,LISTA
14234,TER09000050005B4  ,"ESQUINERO 900*50*50  ",OTRO,LISTA
14234,TER09000050005B4  ,"ESQUINERO 900*50*50  ",TROZADO,LISTA
14234,TER09000050005B4  ,"ESQUINERO 900*50*50  ",OTRO,LISTA
14234,TER09000050005B4  ,"ESQUINERO 900*50*50  ",OTRO,LISTA
14234,TER09000050005B4  ,"ESQUINERO 900*50*50  ",TROZADO,LISTA
14234,TER09000050005B4  ,"ESQUINERO 900*50*50  ",OTRO,LISTA
14234,TER09000050005B4  ,"ESQUINERO 900*50*50  ",OTRO,LISTA
14234,TER09000050005B4  ,"ESQUINERO 900*50*50  ",TROZADO,LISTA
14234,TER09000050005B4  ,"ESQUINERO 900*50*50  ",OTRO,LISTA
14234,TER09000050005B4  ,"ESQUINERO 900*50*50  ",OTRO,LISTA
14234,TER09000050005B4  ,"ESQUINERO 900*50*50  ",TROZADO,LISTA
14234,TER09000050005B4  ,"ESQUINERO 900*50*50  ",OTRO,LISTA
14234,TER09000050005B4  ,"ESQUINERO 900*50*50  ",OTRO,LISTA
14234,TER09000050005B4  ,"ESQUINERO 900*50*50  ",TROZADO,LISTA
14234,TER09000050005B4  ,"ESQUINERO 900*50*50  ",OTRO,LISTA
14234,TER09000050005B4  ,"ESQUINERO 900*50*50  ",OTRO,LISTA
14234,TER09000050005B4  ,"ESQUINERO 900*50*50  ",TROZADO,LISTA
14234,TER09000050005B4  ,"ESQUINERO 900*50*50  ",OTRO,LISTA
14234,TER09000050005B4  ,"ESQUINERO 900*50*50  ",OTRO,LISTA
14234,TER09000050005B4  ,"ESQUINERO 900*50*50  ",TROZADO,LISTA
14234,TER09000050005B4  ,"ESQUINERO 900*50*50  ",OTRO,LISTA
14234,TER09000050005B4  ,"ESQUINERO 900*50*50  ",OTRO,LISTA
14234,TER09000050005B4  ,"ESQUINERO 900*50*50  ",TROZADO,LISTA
14234,TER09000050005B4  ,"ESQUINERO 900*50*50  ",OTRO,LISTA
14234,TER09000050005B4  ,"ESQUINERO 900*50*50  ",OTRO,LISTA
14234,TER09000050005B4  ,"ESQUINERO 900*50*50  ",TROZADO,LISTA
14234,TER09000050005B4  ,"ESQUINERO 900*50*50  ",OTRO,LISTA
14234,TER09000050005B4  ,"ESQUINERO 900*50*50  ",OTRO,LISTA
14234,TER09000050005B4  ,"ESQUINERO 900*50*50  ",TROZADO,LISTA
14234,TER09000050005B4  ,"ESQUINERO 900*50*50  ",OTRO,LISTA
14234,TER09000050005B4  ,"ESQUINERO 900*50*50  ",OTRO,LISTA
14234,TER09000050005B4  ,"ESQUINERO 900*50*50  ",TROZADO,LISTA
14234,TER09000050005B4  ,"ESQUINERO 900*50*50  ",OTRO,LISTA
14234,TER09000050005B4  ,"ESQUINERO 900*50*50  ",OTRO,LISTA
14234,TER09000050005B4  ,"ESQUINERO 900*50*50  ",TROZADO,LISTA
14234,TER09000050005B4  ,"ESQUINERO 900*50*50  ",OTRO,LISTA
14234,TER09000050005B4  ,"ESQUINERO 900*50*50  ",OTRO,LISTA
14234,TER09000050005B4  ,"ESQUINERO 900*50*50  ",TROZADO,LISTA
14234,TER09000050005B4  ,"ESQUINERO 900*50*50  ",OTRO,LISTA
14234,TER09000050005B4  ,"ESQUINERO 900*50*50  ",OTRO,LISTA
14234,TER09000050005B4  ,"ESQUINERO 900*50*50  ",TROZADO,LISTA
14234,TER09000050005B4  ,"ESQUINERO 900*50*50  ",OTRO,LISTA
14234,TER09000050005B4  ,"ESQUINERO 900*50*50  ",OTRO,LISTA
14234,TER09000050005B4  ,"ESQUINERO 900*50*50  ",TROZADO,LISTA
14234,TER09000050005B4  ,"ESQUINERO 900*50*50  ",OTRO,LISTA
14234,TER09000050005B4  ,"ESQUINERO 900*50*50  ",OTRO,LISTA
14234,TER09000050005B4  ,"ESQUINERO 900*50*50  ",TROZADO,LISTA
14234,TER09000050005B4  ,"ESQUINERO 900*50*50  ",OTRO,LISTA
14234,TER09000050005B4  ,"ESQUINERO 900*50*50  ",OTRO,LISTA
14234,TER09000050005B4  ,"ESQUINERO 900*50*50  ",TROZADO,LISTA
14234,TER09000050005B4  ,"ESQUINERO 900*50*50  ",OTRO,LISTA
14234,TER09000050005B4  ,"ESQUINERO 900*50*50  ",OTRO,LISTA
14234,TER09000050005B4  ,"ESQUINERO 900*50*50  ",TROZADO,LISTA
14234,TER09000050005B4  ,"ESQUINERO 900*50*50  ",OTRO,LISTA
14234,TER09000050005B4  ,"ESQUINERO 900*50*50  ",OTRO,LISTA
14234,TER09000050005B4  ,"ESQUINERO 900*50*50  ",TROZADO,LISTA
14234,TER09000050005B4  ,"ESQUINERO 900*50*50  ",OTRO,LISTA
14234,TER09000050005B4  ,"ESQUINERO 900*50*50  ",OTRO,LISTA
14234,TER09000050005B4  ,"ESQUINERO 900*50*50  ",TROZADO,LISTA
14234,TER09000050005B4  ,"ESQUINERO 900*50*50  ",OTRO,LISTA
14234,TER09000050005B4  ,"ESQUINERO 900*50*50  ",OTRO,LISTA
14234,TER09000050005B4  ,"ESQUINERO 900*50*50  ",TROZADO,LISTA
14234,TER09000050005B4  ,"ESQUINERO 900*50*50  ",OTRO,LISTA
14234,TER09000050005B4  ,"ESQUINERO 900*50*50  ",OTRO,LISTA
14234,TER09000050005B4  ,"ESQUINERO 900*50*50  ",TROZADO,LISTA
14234,TER09000050005B4  ,"ESQUINERO 900*50*50  ",OTRO,LISTA
14234,TER09000050005B4  ,"ESQUINERO 900*50*50  ",OTRO,LISTA
14234,TER09000050005B4  ,"ESQUINERO 900*50*50  ",TROZADO,LISTA
14234,TER09000050005B4  ,"ESQUINERO 900*50*50  ",OTRO,LISTA
14234,TER09000050005B4  ,"ESQUINERO 900*50*50  ",OTRO,LISTA
14234,TER09000050005B4  ,"ESQUINERO 900*50*50  ",TROZADO,LISTA
14234,TER09000050005B4  ,"ESQUINERO 900*50*50  ",OTRO,LISTA
14234,TER09000050005B4  ,"ESQUINERO 900*50*50  ",OTRO,LISTA
14234,TER09000050005B4  ,"ESQUINERO 900*50*50  ",TROZADO,LISTA
14234,TER09000050005B4  ,"ESQUINERO 900*50*50  ",OTRO,LISTA
14234,TER09000050005B4  ,"ESQUINERO 900*50*50  ",OTRO,LISTA
14234,TER09000050005B4  ,"ESQUINERO 900*50*50  ",TROZADO,LISTA
14234,TER09000050005B4  ,"ESQUINERO 900*50*50  ",OTRO,LISTA
14234,TER09000050005B4  ,"ESQUINERO 900*50*50  ",OTRO,LISTA
14234,TER09000050005B4  ,"ESQUINERO 900*50*50  ",TROZADO,LISTA
14234,TER09000050005B4  ,"ESQUINERO 900*50*50  ",OTRO,LISTA
14234,TER09000050005B4  ,"ESQUINERO 900*50*50  ",OTRO,LISTA
14234,TER09000050005B4  ,"ESQUINERO 900*50*50  ",TROZADO,LISTA
14234,TER09000050005B4  ,"ESQUINERO 900*50*50  ",OTRO,LISTA
14234,TER09000050005B4  ,"ESQUINERO 900*50*50  ",OTRO,LISTA
14234,TER09000050005B4  ,"ESQUINERO 900*50*50  ",TROZADO,LISTA
14234,TER09000050005B4  ,"ESQUINERO 900*50*50  ",OTRO,LISTA
14234,TER09000050005B4  ,"ESQUINERO 900*50*50  ",OTRO,LISTA
14234,TER09000050005B4  ,"ESQUINERO 900*50*50  ",TROZADO,LISTA
14234,TER09000050005B4  ,"ESQUINERO 900*50*50  ",OTRO,LISTA
14234,TER09000050005B4  ,"ESQUINERO 900*50*50  ",OTRO,LISTA
14234,TER09000050005B4  ,"ESQUINERO 900*50*50  ",TROZADO,LISTA
14234,TER09000050005B4  ,"ESQUINERO 900*50*50  ",OTRO,LISTA
14234,TER09000050005B4  ,"ESQUINERO 900*50*50  ",OTRO,LISTA
14234,TER09000050005B4  ,"ESQUINERO 900*50*50  ",TROZADO,LISTA
14234,TER09000050005B4  ,"ESQUINERO 900*50*50  ",OTRO,LISTA
14234,TER09000050005B4  ,"ESQUINERO 900*50*50  ",OTRO,LISTA
14234,TER09000050005B4  ,"ESQUINERO 900*50*50  ",TROZADO,LISTA
14234,TER09000050005B4  ,"ESQUINERO 900*50*50  ",OTRO,LISTA
14234,TER09000050005B4  ,"ESQUINERO 900*50*50  ",OTRO,LISTA
14234,TER09000050005B4  ,"ESQUINERO 900*50*50  ",TROZADO,LISTA
14234,TER09000050005B4  ,"ESQUINERO 900*50*50  ",OTRO,LISTA
14234,TER09000050005B4  ,"ESQUINERO 900*50*50  ",OTRO,LISTA
14234,TER09000050005B4  ,"ESQUINERO 900*50*50  ",TROZADO,LISTA
14234,TER09000050005B4  ,"ESQUINERO 900*50*50  ",OTRO,LISTA
14234,TER09000050005B4  ,"ESQUINERO 900*50*50  ",OTRO,LISTA
14234,TER09000050005B4  ,"ESQUINERO 900*50*50  ",TROZADO,LISTA
14234,TER09000050005B4  ,"ESQUINERO 900*50*50  ",OTRO,LISTA
14234,TER09000050005B4  ,"ESQUINERO 900*50*50  ",OTRO,LISTA
14234,TER09000050005B4  ,"ESQUINERO 900*50*50  ",TROZADO,LISTA
14234,TER09000050005B4  ,"ESQUINERO 900*50*50  ",OTRO,LISTA
14234,TER09000050005B4  ,"ESQUINERO 900*50*50  ",OTRO,LISTA
14234,TER09000050005B4  ,"ESQUINERO 900*50*50  ",TROZADO,LISTA
14234,TER09000050005B4  ,"ESQUINERO 900*50*50  ",OTRO,LISTA
14234,TER09000050005B4  ,"ESQUINERO 900*50*50  ",OTRO,LISTA
14234,TER09000050005B4  ,"ESQUINERO 900*50*50  ",TROZADO,LISTA
14234,TER09000050005B4  ,"ESQUINERO 900*50*50  ",OTRO,LISTA
14234,TER09000050005B4  ,"ESQUINERO 900*50*50  ",OTRO,LISTA
14234,TER09000050005B4  ,"ESQUINERO 900*50*50  ",TROZADO,LISTA
14234,TER09000050005B4  ,"ESQUINERO 900*50*50  ",OTRO,LISTA
14234,TER09000050005B4  ,"ESQUINERO 900*50*50  ",OTRO,LISTA
14234,TER09000050005B4  ,"ESQUINERO 900*50*50  ",TROZADO,LISTA
14234,TER09000050005B4  ,"ESQUINERO 900*50*50  ",OTRO,LISTA
14234,TER09000050005B4  ,"ESQUINERO 900*50*50  ",OTRO,LISTA
14234,TER09000050005B4  ,"ESQUINERO 900*50*50  ",TROZADO,LISTA
14234,TER09000050005B4  ,"ESQUINERO 900*50*50  ",OTRO,LISTA
14234,TER09000050005B4  ,"ESQUINERO 900*50*50  ",OTRO,LISTA
14234,TER09000050005B4  ,"ESQUINERO 900*50*50  ",TROZADO,LISTA
14234,TER09000050005B4  ,"ESQUINERO 900*50*50  ",OTRO,LISTA
14234,TER09000050005B4  ,"ESQUINERO 900*50*50  ",OTRO,LISTA
14234,TER09000050005B4  ,"ESQUINERO 900*50*50  ",TROZADO,LISTA
14234,TER09000050005B4  ,"ESQUINERO 900*50*50  ",OTRO,LISTA
14234,TER09000050005B4  ,"ESQUINERO 900*50*50  ",OTRO,LISTA
14234,TER09000050005B4  ,"ESQUINERO 900*50*50  ",TROZADO,LISTA
14234,TER09000050005B4  ,"ESQUINERO 900*50*50  ",OTRO,LISTA
14234,TER09000050005B4  ,"ESQUINERO 900*50*50  ",OTRO,LISTA
14234,TER09000050005B4  ,"ESQUINERO 900*50*50  ",TROZADO,LISTA
14234,TER09000050005B4  ,"ESQUINERO 900*50*50  ",OTRO,LISTA
14234,TER09000050005B4  ,"ESQUINERO 900*50*50  ",OTRO,LISTA
14234,TER09000050005B4  ,"ESQUINERO 900*50*50  ",TROZADO,LISTA
14234,TER09000050005B4  ,"ESQUINERO 900*50*50  ",OTRO,LISTA
14234,TER09000050005B4  ,"ESQUINERO 900*50*50  ",OTRO,LISTA
14234,TER09000050005B4  ,"ESQUINERO 900*50*50  ",TROZADO,LISTA
14234,TER09000050005B4  ,"ESQUINERO 900*50*50  ",OTRO,LISTA
14234,TER09000050005B4  ,"ESQUINERO 900*50*50  ",OTRO,LISTA
14234,TER09000050005B4  ,"ESQUINERO 900*50*50  ",TROZADO,LISTA
14234,TER09000050005B4  ,"ESQUINERO 900*50*50  ",OTRO,LISTA
14234,TER09000050005B4  ,"ESQUINERO 900*50*50  ",OTRO,LISTA
14234,TER09000050005B4  ,"ESQUINERO 900*50*50  ",TROZADO,LISTA
14234,TER09000050005B4  ,"ESQUINERO 900*50*50  ",OTRO,LISTA
14234,TER09000050005B4  ,"ESQUINERO 900*50*50  ",OTRO,LISTA
14234,TER09000050005B4  ,"ESQUINERO 900*50*50  ",TROZADO,LISTA
14234,TER09000050005B4  ,"ESQUINERO 900*50*50  ",OTRO,LISTA
14234,TER09000050005B4  ,"ESQUINERO 900*50*50  ",OTRO,LISTA
14234,TER09000050005B4  ,"ESQUINERO 900*50*50  ",TROZADO,LISTA
14234,TER09000050005B4  ,"ESQUINERO 900*50*50  ",OTRO,LISTA
14234,TER09000050005B4  ,"ESQUINERO 900*50*50  ",OTRO,LISTA
14234,TER09000050005B4  ,"ESQUINERO 900*50*50  ",TROZADO,LISTA
14234,TER09000050005B4  ,"ESQUINERO 900*50*50  ",OTRO,LISTA
14234,TER09000050005B4  ,"ESQUINERO 900*50*50  ",OTRO,LISTA
14234,TER09000050005B4  ,"ESQUINERO 900*50*50  ",TROZADO,LISTA
14234,TER09000050005B4  ,"ESQUINERO 900*50*50  ",OTRO,LISTA
14234,TER09000050005B4  ,"ESQUINERO 900*50*50  ",OTRO,LISTA
14234,TER09000050005B4  ,"ESQUINERO 900*50*50  ",TROZADO,LISTA
14234,TER09000050005B4  ,"ESQUINERO 900*50*50  ",OTRO,LISTA
14234,TER09000050005B4  ,"ESQUINERO 900*50*50  ",OTRO,LISTA
14234,TER09000050005B4  ,"ESQUINERO 900*50*50  ",TROZADO,LISTA
14234,TER09000050005B4  ,"ESQUINERO 900*50*50  ",OTRO,LISTA
14234,TER09000050005B4  ,"ESQUINERO 900*50*50  ",OTRO,LISTA
14234,TER09000050005B4  ,"ESQUINERO 900*50*50  ",TROZADO,LISTA
14234,TER09000050005B4  ,"ESQUINERO 900*50*50  ",OTRO,LISTA
14234,TER09000050005B4  ,"ESQUINERO 900*50*50  ",OTRO,LISTA
14234,TER09000050005B4  ,"ESQUINERO 900*50*50  ",TROZADO,LISTA
14234,TER09000050005B4  ,"ESQUINERO 900*50*50  ",OTRO,LISTA
14234,TER09000050005B4  ,"ESQUINERO 900*50*50  ",OTRO,LISTA
14234,TER09000050005B4  ,"ESQUINERO 900*50*50  ",TROZADO,LISTA
14234,TER09000050005B4  ,"ESQUINERO 900*50*50  ",OTRO,LISTA
14234,TER09000050005B4  ,"ESQUINERO 900*50*50  ",OTRO,LISTA
14234,TER09000050005B4  ,"ESQUINERO 900*50*50  ",TROZADO,LISTA
14234,TER09000050005B4  ,"ESQUINERO 900*50*50  ",OTRO,LISTA
14234,TER09000050005B4  ,"ESQUINERO 900*50*50  ",OTRO,LISTA
14234,TER09000050005B4  ,"ESQUINERO 900*50*50  ",TROZADO,LISTA
14234,TER09000050005B4  ,"ESQUINERO 900*50*50  ",OTRO,LISTA
14234,TER09000050005B4  ,"ESQUINERO 900*50*50  ",OTRO,LISTA
14234,TER09000050005B4  ,"ESQUINERO 900*50*50  ",TROZADO,LISTA
14234,TER09000050005B4  ,"ESQUINERO 900*50*50  ",OTRO,LISTA
14234,TER09000050005B4  ,"ESQUINERO 900*50*50  ",OTRO,LISTA
14234,TER09000050005B4  ,"ESQUINERO 900*50*50  ",TROZADO,LISTA
14234,TER09000050005B4  ,"ESQUINERO 900*50*50  ",OTRO,LISTA
14234,TER09000050005B4  ,"ESQUINERO 900*50*50  ",OTRO,LISTA
14234,TER09000050005B4  ,"ESQUINERO 900*50*50  ",TROZADO,LISTA
14234,TER09000050005B4  ,"ESQUINERO 900*50*50  ",OTRO,LISTA
14234,TER09000050005B4  ,"ESQUINERO 900*50*50  ",OTRO,LISTA
14234,TER09000050005B4  ,"ESQUINERO 900*50*50  ",TROZADO,LISTA
14234,TER09000050005B4  ,"ESQUINERO 900*50*50  ",OTRO,LISTA
14234,TER09000050005B4  ,"ESQUINERO 900*50*50  ",OTRO,LISTA
14234,TER09000050005B4  ,"ESQUINERO 900*50*50  ",TROZADO,LISTA
14234,TER09000050005B4  ,"ESQUINERO 900*50*50  ",OTRO,LISTA
14234,TER09000050005B4  ,"ESQUINERO 900*50*50  ",OTRO,LISTA
14234,TER09000050005B4  ,"ESQUINERO 900*50*50  ",TROZADO,LISTA
14234,TER09000050005B4  ,"ESQUINERO 900*50*50  ",OTRO,LISTA
14234,TER09000050005B4  ,"ESQUINERO 900*50*50  ",OTRO,LISTA
14234,TER09000050005B4  ,"ESQUINERO 900*50*50  ",TROZADO,LISTA
14234,TER09000050005B4  ,"ESQUINERO 900*50*50  ",OTRO,LISTA
14234,TER09000050005B4  ,"ESQUINERO 900*50*50  ",OTRO,LISTA
14234,TER09000050005B4  ,"ESQUINERO 900*50*50  ",TROZADO,LISTA
14234,TER09000050005B4  ,"ESQUINERO 900*50*50  ",OTRO,LISTA
14234,TER09000050005B4  ,"ESQUINERO 900*50*50  ",OTRO,LISTA
14234,TER09000050005B4  ,"ESQUINERO 900*50*50  ",TROZADO,LISTA
14234,TER09000050005B4  ,"ESQUINERO 900*50*50  ",OTRO,LISTA
14234,TER09000050005B4  ,"ESQUINERO 900*50*50  ",OTRO,LISTA
14234,TER09000050005B4  ,"ESQUINERO 900*50*50  ",TROZADO,LISTA
14234,TER09000050005B4  ,"ESQUINERO 900*50*50  ",OTRO,LISTA
14234,TER09000050005B4  ,"ESQUINERO 900*50*50  ",OTRO,LISTA
14234,TER09000050005B4  ,"ESQUINERO 900*50*50  ",TROZADO,LISTA
14234,TER09000050005B4  ,"ESQUINERO 900*50*50  ",OTRO,LISTA
14234,TER09000050005B4  ,"ESQUINERO 900*50*50  ",OTRO,LISTA
14234,TER09000050005B4  ,"ESQUINERO 900*50*50  ",TROZADO,LISTA
14234,TER09000050005B4  ,"ESQUINERO 900*50*50  ",OTRO,LISTA
14234,TER09000050005B4  ,"ESQUINERO 900*50*50  ",OTRO,LISTA
14234,TER09000050005B4  ,"ESQUINERO 900*50*50  ",TROZADO,LISTA
14234,TER09000050005B4  ,"ESQUINERO 900*50*50  ",OTRO,LISTA
14234,TER09000050005B4  ,"ESQUINERO 900*50*50  ",OTRO,LISTA
14234,TER09000050005B4  ,"ESQUINERO 900*50*50  ",TROZADO,LISTA
14234,TER09000050005B4  ,"ESQUINERO 900*50*50  ",OTRO,LISTA
14234,TER09000050005B4  ,"ESQUINERO 900*50*50  ",OTRO,LISTA
14234,TER09000050005B4  ,"ESQUINERO 900*50*50  ",TROZADO,LISTA
14234,TER09000050005B4  ,"ESQUINERO 900*50*50  ",OTRO,LISTA
14234,TER09000050005B4  ,"ESQUINERO 900*50*50  ",OTRO,LISTA
14234,TER09000050005B4  ,"ESQUINERO 900*50*50  ",TROZADO,LISTA
14234,TER09000050005B4  ,"ESQUINERO 900*50*50  ",OTRO,LISTA
14234,TER09000050005B4  ,"ESQUINERO 900*50*50  ",OTRO,LISTA
14234,TER09000050005B4  ,"ESQUINERO 900*50*50  ",TROZADO,LISTA
14234,TER09000050005B4  ,"ESQUINERO 900*50*50  ",OTRO,LISTA
14234,TER09000050005B4  ,"ESQUINERO 900*50*50  ",OTRO,LISTA
14234,TER09000050005B4  ,"ESQUINERO 900*50*50  ",TROZADO,LISTA
14234,TER09000050005B4  ,"ESQUINERO 900*50*50  ",OTRO,LISTA
14234,TER09000050005B4  ,"ESQUINERO 900*50*50  ",OTRO,LISTA
14234,TER09000050005B4  ,"ESQUINERO 900*50*50  ",TROZADO,LISTA
14234,TER09000050005B4  ,"ESQUINERO 900*50*50  ",OTRO,LISTA
14234,TER09000050005B4  ,"ESQUINERO 900*50*50  ",OTRO,LISTA
14234,TER09000050005B4  ,"ESQUINERO 900*50*50  ",TROZADO,LISTA
14234,TER09000050005B4  ,"ESQUINERO 900*50*50  ",OTRO,LISTA
14234,TER09000050005B4  ,"ESQUINERO 900*50*50  ",OTRO,LISTA
14234,TER09000050005B4  ,"ESQUINERO 900*50*50  ",TROZADO,LISTA
14234,TER09000050005B4  ,"ESQUINERO 900*50*50  ",OTRO,LISTA
14234,TER09000050005B4  ,"ESQUINERO 900*50*50  ",OTRO,LISTA
14234,TER09000050005B4  ,"ESQUINERO 900*50*50  ",TROZADO,LISTA
14234,TER09000050005B4  ,"ESQUINERO 900*50*50  ",OTRO,LISTA
14234,TER09000050005B4  ,"ESQUINERO 900*50*50  ",OTRO,LISTA
14234,TER09000050005B4  ,"ESQUINERO 900*50*50  ",TROZADO,LISTA
14234,TER09000050005B4  ,"ESQUINERO 900*50*50  ",OTRO,LISTA
14234,TER09000050005B4  ,"ESQUINERO 900*50*50  ",OTRO,LISTA
14234,TER09000050005B4  ,"ESQUINERO 900*50*50  ",TROZADO,LISTA
14234,TER09000050005B4  ,"ESQUINERO 900*50*50  ",OTRO,LISTA
14234,TER09000050005B4  ,"ESQUINERO 900*50*50  ",OTRO,LISTA
14234,TER09000050005B4  ,"ESQUINERO 900*50*50  ",TROZADO,LISTA
14234,TER09000050005B4  ,"ESQUINERO 900*50*50  ",OTRO,LISTA
14234,TER09000050005B4  ,"ESQUINERO 900*50*50  ",OTRO,LISTA
14234,TER09000050005B4  ,"ESQUINERO 900*50*50  ",TROZADO,LISTA
14234,TER09000050005B4  ,"ESQUINERO 900*50*50  ",OTRO,LISTA
14234,TER09000050005B4  ,"ESQUINERO 900*50*50  ",OTRO,LISTA
14234,TER09000050005B4  ,"ESQUINERO 900*50*50  ",TROZADO,LISTA
14234,TER09000050005B4  ,"ESQUINERO 900*50*50  ",OTRO,LISTA
14234,TER09000050005B4  ,"ESQUINERO 900*50*50  ",OTRO,LISTA
14234,TER09000050005B4  ,"ESQUINERO 900*50*50  ",TROZADO,LISTA
14234,TER09000050005B4  ,"ESQUINERO 900*50*50  ",OTRO,LISTA
14234,TER09000050005B4  ,"ESQUINERO 900*50*50  ",OTRO,LISTA
14234,TER09000050005B4  ,"ESQUINERO 900*50*50  ",TROZADO,LISTA
14234,TER09000050005B4  ,"ESQUINERO 900*50*50  ",OTRO,LISTA
14234,TER09000050005B4  ,"ESQUINERO 900*50*50  ",OTRO,LISTA
14234,TER09000050005B4  ,"ESQUINERO 900*50*50  ",TROZADO,LISTA
14234,TER09000050005B4  ,"ESQUINERO 900*50*50  ",OTRO,LISTA
14234,TER09000050005B4  ,"ESQUINERO 900*50*50  ",OTRO,LISTA
14234,TER09000050005B4  ,"ESQUINERO 900*50*50  ",TROZADO,LISTA
14234,TER09000050005B4  ,"ESQUINERO 900*50*50  ",OTRO,LISTA
14234,TER09000050005B4  ,"ESQUINERO 900*50*50  ",OTRO,LISTA
14234,TER09000050005B4  ,"ESQUINERO 900*50*50  ",TROZADO,LISTA
14234,TER09000050005B4  ,"ESQUINERO 900*50*50  ",OTRO,LISTA
14234,TER09000050005B4  ,"ESQUINERO 900*50*50  ",OTRO,LISTA
14234,TER09000050005B4  ,"ESQUINERO 900*50*50  ",TROZADO,LISTA
14234,TER09000050005B4  ,"ESQUINERO 900*50*50  ",OTRO,LISTA
14234,TER09000050005B4  ,"ESQUINERO 900*50*50  ",OTRO,LISTA
14234,TER09000050005B4  ,"ESQUINERO 900*50*50  ",TROZADO,LISTA
14234,TER09000050005B4  ,"ESQUINERO 900*50*50  ",OTRO,LISTA
14234,TER09000050005B4  ,"ESQUINERO 900*50*50  ",OTRO,LISTA
14234,TER09000050005B4  ,"ESQUINERO 900*50*50  ",TROZADO,LISTA
14234,TER09000050005B4  ,"ESQUINERO 900*50*50  ",OTRO,LISTA
14234,TER09000050005B4  ,"ESQUINERO 900*50*50  ",OTRO,LISTA
14234,TER09000050005B4  ,"ESQUINERO 900*50*50  ",TROZADO,LISTA
14234,TER09000050005B4  ,"ESQUINERO 900*50*50  ",OTRO,LISTA
14234,TER09000050005B4  ,"ESQUINERO 900*50*50  ",OTRO,LISTA
14234,TER09000050005B4  ,"ESQUINERO 900*50*50  ",TROZADO,LISTA
14234,TER09000050005B4  ,"ESQUINERO 900*50*50  ",OTRO,LISTA
14234,TER09000050005B4  ,"ESQUINERO 900*50*50  ",OTRO,LISTA
14234,TER09000050005B4  ,"ESQUINERO 900*50*50  ",TROZADO,LISTA
14234,TER09000050005B4  ,"ESQUINERO 900*50*50  ",OTRO,LISTA
14234,TER09000050005B4  ,"ESQUINERO 900*50*50  ",OTRO,LISTA
14234,TER09000050005B4  ,"ESQUINERO 900*50*50  ",TROZADO,LISTA
14234,TER09000050005B4  ,"ESQUINERO 900*50*50  ",OTRO,LISTA
14234,TER09000050005B4  ,"ESQUINERO 900*50*50  ",OTRO,LISTA
14234,TER09000050005B4  ,"ESQUINERO 900*50*50  ",TROZADO,LISTA
14234,TER09000050005B4  ,"ESQUINERO 900*50*50  ",OTRO,LISTA
14234,TER09000050005B4  ,"ESQUINERO 900*50*50  ",OTRO,LISTA
14234,TER09000050005B4  ,"ESQUINERO 900*50*50  ",TROZADO,LISTA
14234,TER09000050005B4  ,"ESQUINERO 900*50*50  ",OTRO,LISTA
14234,TER09000050005B4  ,"ESQUINERO 900*50*50  ",OTRO,LISTA
14234,TER09000050005B4  ,"ESQUINERO 900*50*50  ",TROZADO,LISTA
14234,TER09000050005B4  ,"ESQUINERO 900*50*50  ",OTRO,LISTA
14234,TER09000050005B4  ,"ESQUINERO 900*50*50  ",OTRO,LISTA
14234,TER09000050005B4  ,"ESQUINERO 900*50*50  ",TROZADO,LISTA
14234,TER09000050005B4  ,"ESQUINERO 900*50*50  ",OTRO,LISTA
14234,TER09000050005B4  ,"ESQUINERO 900*50*50  ",OTRO,LISTA
14234,TER09000050005B4  ,"ESQUINERO 900*50*50  ",TROZADO,LISTA
14234,TER09000050005B4  ,"ESQUINERO 900*50*50  ",OTRO,LISTA
14234,TER09000050005B4  ,"ESQUINERO 900*50*50  ",OTRO,LISTA
14234,TER09000050005B4  ,"ESQUINERO 900*50*50  ",TROZADO,LISTA
14234,TER09000050005B4  ,"ESQUINERO 900*50*50  ",OTRO,LISTA
14234,TER09000050005B4  ,"ESQUINERO 900*50*50  ",OTRO,LISTA
14234,TER09000050005B4  ,"ESQUINERO 900*50*50  ",TROZADO,LISTA
14234,TER09000050005B4  ,"ESQUINERO 900*50*50  ",OTRO,LISTA
14234,TER09000050005B4  ,"ESQUINERO 900*50*50  ",OTRO,LISTA
14234,TER09000050005B4  ,"ESQUINERO 900*50*50  ",TROZADO,LISTA
14234,TER09000050005B4  ,"ESQUINERO 900*50*50  ",OTRO,LISTA
14234,TER09000050005B4  ,"ESQUINERO 900*50*50  ",OTRO,LISTA
14234,TER09000050005B4  ,"ESQUINERO 900*50*50  ",TROZADO,LISTA
14234,TER09000050005B4  ,"ESQUINERO 900*50*50  ",OTRO,LISTA
14234,TER09000050005B4  ,"ESQUINERO 900*50*50  ",OTRO,LISTA
14234,TER09000050005B4  ,"ESQUINERO 900*50*50  ",TROZADO,LISTA
14234,TER09000050005B4  ,"ESQUINERO 900*50*50  ",OTRO,LISTA
14234,TER09000050005B4  ,"ESQUINERO 900*50*50  ",OTRO,LISTA
14234,TER09000050005B4  ,"ESQUINERO 900*50*50  ",TROZADO,LISTA
14234,TER09000050005B4  ,"ESQUINERO 900*50*50  ",OTRO,LISTA
14234,TER09000050005B4  ,"ESQUINERO 900*50*50  ",OTRO,LISTA
14234,TER09000050005B4  ,"ESQUINERO 900*50*50  ",TROZADO,LISTA
14234,TER09000050005B4  ,"ESQUINERO 900*50*50  ",OTRO,LISTA
14234,TER09000050005B4  ,"ESQUINERO 900*50*50  ",OTRO,LISTA
14234,TER09000050005B4  ,"ESQUINERO 900*50*50  ",TROZADO,LISTA
14234,TER09000050005B4  ,"ESQUINERO 900*50*50  ",OTRO,LISTA
14234,TER09000050005B4  ,"ESQUINERO 900*50*50  ",OTRO,LISTA
14234,TER09000050005B4  ,"ESQUINERO 900*50*50  ",TROZADO,LISTA
14234,TER09000050005B4  ,"ESQUINERO 900*50*50  ",OTRO,LISTA
14234,TER09000050005B4  ,"ESQUINERO 900*50*50  ",OTRO,LISTA
14234,TER09000050005B4  ,"ESQUINERO 900*50*50  ",TROZADO,LISTA
14234,TER09000050005B4  ,"ESQUINERO 900*50*50  ",OTRO,LISTA
14234,TER09000050005B4  ,"ESQUINERO 900*50*50  ",OTRO,LISTA
14234,TER09000050005B4  ,"ESQUINERO 900*50*50  ",TROZADO,LISTA
14234,TER09000050005B4  ,"ESQUINERO 900*50*50  ",OTRO,LISTA
14234,TER09000050005B4  ,"ESQUINERO 900*50*50  ",OTRO,LISTA
14234,TER09000050005B4  ,"ESQUINERO 900*50*50  ",TROZADO,LISTA
14234,TER09000050005B4  ,"ESQUINERO 900*50*50  ",OTRO,LISTA
14234,TER09000050005B4  ,"ESQUINERO 900*50*50  ",OTRO,LISTA
14234,TER09000050005B4  ,"ESQUINERO 900*50*50  ",TROZADO,LISTA
14234,TER09000050005B4  ,"ESQUINERO 900*50*50  ",OTRO,LISTA
14234,TER09000050005B4  ,"ESQUINERO 900*50*50  ",OTRO,LISTA
14234,TER09000050005B4  ,"ESQUINERO 900*50*50  ",TROZADO,LISTA
14234,TER09000050005B4  ,"ESQUINERO 900*50*50  ",OTRO,LISTA
14234,TER09000050005B4  ,"ESQUINERO 900*50*50  ",OTRO,LISTA
14234,TER09000050005B4  ,"ESQUINERO 900*50*50  ",TROZADO,LISTA
14234,TER09000050005B4  ,"ESQUINERO 900*50*50  ",OTRO,LISTA
14234,TER09000050005B4  ,"ESQUINERO 900*50*50  ",OTRO,LISTA
14234,TER09000050005B4  ,"ESQUINERO 900*50*50  ",TROZADO,LISTA
14234,TER09000050005B4  ,"ESQUINERO 900*50*50  ",OTRO,LISTA
14234,TER09000050005B4  ,"ESQUINERO 900*50*50  ",OTRO,LISTA
14234,TER09000050005B4  ,"ESQUINERO 900*50*50  ",TROZADO,LISTA
14234,TER09000050005B4  ,"ESQUINERO 900*50*50  ",OTRO,LISTA
14234,TER09000050005B4  ,"ESQUINERO 900*50*50  ",OTRO,LISTA
14234,TER09000050005B4  ,"ESQUINERO 900*50*50  ",TROZADO,LISTA
14234,TER09000050005B4  ,"ESQUINERO 900*50*50  ",OTRO,LISTA
14234,TER09000050005B4  ,"ESQUINERO 900*50*50  ",OTRO,LISTA
14234,TER09000050005B4  ,"ESQUINERO 900*50*50  ",TROZADO,LISTA
14234,TER09000050005B4  ,"ESQUINERO 900*50*50  ",OTRO,LISTA
14234,TER09000050005B4  ,"ESQUINERO 900*50*50  ",OTRO,LISTA
14234,TER09000050005B4  ,"ESQUINERO 900*50*50  ",TROZADO,LISTA
14234,TER09000050005B4  ,"ESQUINERO 900*50*50  ",OTRO,LISTA
14234,TER09000050005B4  ,"ESQUINERO 900*50*50  ",OTRO,LISTA
14234,TER09000050005B4  ,"ESQUINERO 900*50*50  ",TROZADO,LISTA
14234,TER09000050005B4  ,"ESQUINERO 900*50*50  ",OTRO,LISTA
14234,TER09000050005B4  ,"ESQUINERO 900*50*50  ",OTRO,LISTA
14234,TER09000050005B4  ,"ESQUINERO 900*50*50  ",TROZADO,LISTA
14234,TER09000050005B4  ,"ESQUINERO 900*50*50  ",OTRO,LISTA
14234,TER09000050005B4  ,"ESQUINERO 900*50*50  ",OTRO,LISTA
14234,TER09000050005B4  ,"ESQUINERO 900*50*50  ",TROZADO,LISTA
14234,TER09000050005B4  ,"ESQUINERO 900*50*50  ",OTRO,LISTA
14234,TER09000050005B4  ,"ESQUINERO 900*50*50  ",OTRO,LISTA
14234,TER09000050005B4  ,"ESQUINERO 900*50*50  ",TROZADO,LISTA
14234,TER09000050005B4  ,"ESQUINERO 900*50*50  ",OTRO,LISTA
14234,TER09000050005B4  ,"ESQUINERO 900*50*50  ",OTRO,LISTA
14234,TER09000050005B4  ,"ESQUINERO 900*50*50  ",TROZADO,LISTA
14234,TER09000050005B4  ,"ESQUINERO 900*50*50  ",OTRO,LISTA
14234,TER09000050005B4  ,"ESQUINERO 900*50*50  ",OTRO,LISTA
14234,TER09000050005B4  ,"ESQUINERO 900*50*50  ",TROZADO,LISTA
14234,TER09000050005B4  ,"ESQUINERO 900*50*50  ",OTRO,LISTA
14234,TER09000050005B4  ,"ESQUINERO 900*50*50  ",OTRO,LISTA
14234,TER09000050005B4  ,"ESQUINERO 900*50*50  ",TROZADO,LISTA
14234,TER09000050005B4  ,"ESQUINERO 900*50*50  ",OTRO,LISTA
14234,TER09000050005B4  ,"ESQUINERO 900*50*50  ",OTRO,LISTA
14234,TER09000050005B4  ,"ESQUINERO 900*50*50  ",TROZADO,LISTA
14234,TER09000050005B4  ,"ESQUINERO 900*50*50  ",OTRO,LISTA
14234,TER09000050005B4  ,"ESQUINERO 900*50*50  ",OTRO,LISTA
14234,TER09000050005B4  ,"ESQUINERO 900*50*50  ",TROZADO,LISTA
14234,TER09000050005B4  ,"ESQUINERO 900*50*50  ",OTRO,LISTA
14234,TER09000050005B4  ,"ESQUINERO 900*50*50  ",OTRO,LISTA
14234,TER09000050005B4  ,"ESQUINERO 900*50*50  ",TROZADO,LISTA
14234,TER09000050005B4  ,"ESQUINERO 900*50*50  ",OTRO,LISTA
14234,TER09000050005B4  ,"ESQUINERO 900*50*50  ",OTRO,LISTA
14234,TER09000050005B4  ,"ESQUINERO 900*50*50  ",TROZADO,LISTA
14234,TER09000050005B4  ,"ESQUINERO 900*50*50  ",OTRO,LISTA
14234,TER09000050005B4  ,"ESQUINERO 900*50*50  ",OTRO,LISTA
14234,TER09000050005B4  ,"ESQUINERO 900*50*50  ",TROZADO,LISTA
14234,TER09000050005B4  ,"ESQUINERO 900*50*50  ",OTRO,LISTA
14234,TER09000050005B4  ,"ESQUINERO 900*50*50  ",OTRO,LISTA
14234,TER09000050005B4  ,"ESQUINERO 900*50*50  ",TROZADO,LISTA
14234,TER09000050005B4  ,"ESQUINERO 900*50*50  ",OTRO,LISTA
14234,TER09000050005B4  ,"ESQUINERO 900*50*50  ",OTRO,LISTA
14234,TER09000050005B4  ,"ESQUINERO 900*50*50  ",TROZADO,LISTA
14234,TER09000050005B4  ,"ESQUINERO 900*50*50  ",OTRO,LISTA
14234,TER09000050005B4  ,"ESQUINERO 900*50*50  ",OTRO,LISTA
14234,TER09000050005B4  ,"ESQUINERO 900*50*50  ",TROZADO,LISTA
14234,TER09000050005B4  ,"ESQUINERO 900*50*50  ",OTRO,LISTA
14234,TER09000050005B4  ,"ESQUINERO 900*50*50  ",OTRO,LISTA
14234,TER09000050005B4  ,"ESQUINERO 900*50*50  ",TROZADO,LISTA
14234,TER09000050005B4  ,"ESQUINERO 900*50*50  ",OTRO,LISTA
14234,TER09000050005B4  ,"ESQUINERO 900*50*50  ",OTRO,LISTA
14234,TER09000050005B4  ,"ESQUINERO 900*50*50  ",TROZADO,LISTA
14234,TER09000050005B4  ,"ESQUINERO 900*50*50  ",OTRO,LISTA
14234,TER09000050005B4  ,"ESQUINERO 900*50*50  ",OTRO,LISTA
14234,TER09000050005B4  ,"ESQUINERO 900*50*50  ",TROZADO,LISTA
14234,TER09000050005B4  ,"ESQUINERO 900*50*50  ",OTRO,LISTA
14234,TER09000050005B4  ,"ESQUINERO 900*50*50  ",OTRO,LISTA
14234,TER09000050005B4  ,"ESQUINERO 900*50*50  ",TROZADO,LISTA
14234,TER09000050005B4  ,"ESQUINERO 900*50*50  ",OTRO,LISTA
14234,TER09000050005B4  ,"ESQUINERO 900*50*50  ",OTRO,LISTA
14234,TER09000050005B4  ,"ESQUINERO 900*50*50  ",TROZADO,LISTA
14234,TER09000050005B4  ,"ESQUINERO 900*50*50  ",OTRO,LISTA
14234,TER09000050005B4  ,"ESQUINERO 900*50*50  ",OTRO,LISTA
14234,TER09000050005B4  ,"ESQUINERO 900*50*50  ",TROZADO,LISTA
14234,TER09000050005B4  ,"ESQUINERO 900*50*50  ",OTRO,LISTA
14234,TER09000050005B4  ,"ESQUINERO 900*50*50  ",OTRO,LISTA
14234,TER09000050005B4  ,"ESQUINERO 900*50*50  ",TROZADO,LISTA
14234,TER09000050005B4  ,"ESQUINERO 900*50*50  ",OTRO,LISTA
14234,TER09000050005B4  ,"ESQUINERO 900*50*50  ",OTRO,LISTA
14234,TER09000050005B4  ,"ESQUINERO 900*50*50  ",TROZADO,LISTA
14234,TER09000050005B4  ,"ESQUINERO 900*50*50  ",OTRO,LISTA
14234,TER09000050005B4  ,"ESQUINERO 900*50*50  ",OTRO,LISTA
14234,TER09000050005B4  ,"ESQUINERO 900*50*50  ",TROZADO,LISTA
14234,TER09000050005B4  ,"ESQUINERO 900*50*50  ",OTRO,LISTA
14234,TER09000050005B4  ,"ESQUINERO 900*50*50  ",OTRO,LISTA
14234,TER09000050005B4  ,"ESQUINERO 900*50*50  ",TROZADO,LISTA
14234,TER09000050005B4  ,"ESQUINERO 900*50*50  ",OTRO,LISTA
14234,TER09000050005B4  ,"ESQUINERO 900*50*50  ",OTRO,LISTA
14234,TER09000050005B4  ,"ESQUINERO 900*50*50  ",TROZADO,LISTA
14234,TER09000050005B4  ,"ESQUINERO 900*50*50  ",OTRO,LISTA
14234,TER09000050005B4  ,"ESQUINERO 900*50*50  ",OTRO,LISTA
14234,TER09000050005B4  ,"ESQUINERO 900*50*50  ",TROZADO,LISTA
14234,TER09000050005B4  ,"ESQUINERO 900*50*50  ",OTRO,LISTA
14234,TER09000050005B4  ,"ESQUINERO 900*50*50  ",OTRO,LISTA
14234,TER09000050005B4  ,"ESQUINERO 900*50*50  ",TROZADO,LISTA
14234,TER09000050005B4  ,"ESQUINERO 900*50*50  ",OTRO,LISTA
14234,TER09000050005B4  ,"ESQUINERO 900*50*50  ",OTRO,LISTA
14234,TER09000050005B4  ,"ESQUINERO 900*50*50  ",TROZADO,LISTA
14234,TER09000050005B4  ,"ESQUINERO 900*50*50  ",OTRO,LISTA
14234,TER09000050005B4  ,"ESQUINERO 900*50*50  ",OTRO,LISTA
14234,TER09000050005B4  ,"ESQUINERO 900*50*50  ",TROZADO,LISTA
14234,TER09000050005B4  ,"ESQUINERO 900*50*50  ",OTRO,LISTA
14234,TER09000050005B4  ,"ESQUINERO 900*50*50  ",OTRO,LISTA
14234,TER09000050005B4  ,"ESQUINERO 900*50*50  ",TROZADO,LISTA
14234,TER09000050005B4  ,"ESQUINERO 900*50*50  ",OTRO,LISTA
14234,TER09000050005B4  ,"ESQUINERO 900*50*50  ",OTRO,LISTA
14234,TER09000050005B4  ,"ESQUINERO 900*50*50  ",TROZADO,LISTA
14234,TER09000050005B4  ,"ESQUINERO 900*50*50  ",OTRO,LISTA
14234,TER09000050005B4  ,"ESQUINERO 900*50*50  ",OTRO,LISTA
14234,TER09000050005B4  ,"ESQUINERO 900*50*50  ",TROZADO,LISTA
14234,TER09000050005B4  ,"ESQUINERO 900*50*50  ",OTRO,LISTA
14234,TER09000050005B4  ,"ESQUINERO 900*50*50  ",OTRO,LISTA
14234,TER09000050005B4  ,"ESQUINERO 900*50*50  ",TROZADO,LISTA
14234,TER09000050005B4  ,"ESQUINERO 900*50*50  ",OTRO,LISTA
14234,TER09000050005B4  ,"ESQUINERO 900*50*50  ",OTRO,LISTA
14234,TER09000050005B4  ,"ESQUINERO 900*50*50  ",TROZADO,LISTA
14234,TER09000050005B4  ,"ESQUINERO 900*50*50  ",OTRO,LISTA
14234,TER09000050005B4  ,"ESQUINERO 900*50*50  ",OTRO,LISTA
14234,TER09000050005B4  ,"ESQUINERO 900*50*50  ",TROZADO,LISTA
14234,TER09000050005B4  ,"ESQUINERO 900*50*50  ",OTRO,LISTA
14234,TER09000050005B4  ,"ESQUINERO 900*50*50  ",OTRO,LISTA
14234,TER09000050005B4  ,"ESQUINERO 900*50*50  ",TROZADO,LISTA
14234,TER09000050005B4  ,"ESQUINERO 900*50*50  ",OTRO,LISTA
14234,TER09000050005B4  ,"ESQUINERO 900*50*50  ",OTRO,LISTA
14234,TER09000050005B4  ,"ESQUINERO 900*50*50  ",TROZADO,LISTA
14234,TER09000050005B4  ,"ESQUINERO 900*50*50  ",OTRO,LISTA
14234,TER09000050005B4  ,"ESQUINERO 900*50*50  ",OTRO,LISTA
14234,TER09000050005B4  ,"ESQUINERO 900*50*50  ",TROZADO,LISTA
14234,TER09000050005B4  ,"ESQUINERO 900*50*50  ",OTRO,LISTA
14234,TER09000050005B4  ,"ESQUINERO 900*50*50  ",OTRO,LISTA
14234,TER09000050005B4  ,"ESQUINERO 900*50*50  ",TROZADO,LISTA
14234,TER09000050005B4  ,"ESQUINERO 900*50*50  ",OTRO,LISTA
14234,TER09000050005B4  ,"ESQUINERO 900*50*50  ",OTRO,LISTA
14234,TER09000050005B4  ,"ESQUINERO 900*50*50  ",TROZADO,LISTA
14234,TER09000050005B4  ,"ESQUINERO 900*50*50  ",OTRO,LISTA
14234,TER09000050005B4  ,"ESQUINERO 900*50*50  ",OTRO,LISTA
14234,TER09000050005B4  ,"ESQUINERO 900*50*50  ",TROZADO,LISTA
14234,TER09000050005B4  ,"ESQUINERO 900*50*50  ",OTRO,LISTA
14234,TER09000050005B4  ,"ESQUINERO 900*50*50  ",OTRO,LISTA
14234,TER09000050005B4  ,"ESQUINERO 900*50*50  ",TROZADO,LISTA
14234,TER09000050005B4  ,"ESQUINERO 900*50*50  ",OTRO,LISTA
14234,TER09000050005B4  ,"ESQUINERO 900*50*50  ",OTRO,LISTA
14234,TER09000050005B4  ,"ESQUINERO 900*50*50  ",TROZADO,LISTA
14234,TER09000050005B4  ,"ESQUINERO 900*50*50  ",OTRO,LISTA
14234,TER09000050005B4  ,"ESQUINERO 900*50*50  ",OTRO,LISTA
14234,TER09000050005B4  ,"ESQUINERO 900*50*50  ",TROZADO,LISTA
14234,TER09000050005B4  ,"ESQUINERO 900*50*50  ",OTRO,LISTA
14234,TER09000050005B4  ,"ESQUINERO 900*50*50  ",OTRO,LISTA
14234,TER09000050005B4  ,"ESQUINERO 900*50*50  ",TROZADO,LISTA
14234,TER09000050005B4  ,"ESQUINERO 900*50*50  ",OTRO,LISTA
14234,TER09000050005B4  ,"ESQUINERO 900*50*50  ",OTRO,LISTA
14234,TER09000050005B4  ,"ESQUINERO 900*50*50  ",TROZADO,LISTA
14234,TER09000050005B4  ,"ESQUINERO 900*50*50  ",OTRO,LISTA
14234,TER09000050005B4  ,"ESQUINERO 900*50*50  ",OTRO,LISTA
14234,TER09000050005B4  ,"ESQUINERO 900*50*50  ",TROZADO,LISTA
14234,TER09000050005B4  ,"ESQUINERO 900*50*50  ",OTRO,LISTA
14234,TER09000050005B4  ,"ESQUINERO 900*50*50  ",OTRO,LISTA
14234,TER09000050005B4  ,"ESQUINERO 900*50*50  ",TROZADO,LISTA
14234,TER09000050005B4  ,"ESQUINERO 900*50*50  ",OTRO,LISTA
14234,TER09000050005B4  ,"ESQUINERO 900*50*50  ",OTRO,LISTA
14234,TER09000050005B4  ,"ESQUINERO 900*50*50  ",TROZADO,LISTA
14234,TER09000050005B4  ,"ESQUINERO 900*50*50  ",OTRO,LISTA
14234,TER09000050005B4  ,"ESQUINERO 900*50*50  ",OTRO,LISTA
14234,TER09000050005B4  ,"ESQUINERO 900*50*50  ",TROZADO,LISTA
14234,TER09000050005B4  ,"ESQUINERO 900*50*50  ",OTRO,LISTA
14234,TER09000050005B4  ,"ESQUINERO 900*50*50  ",OTRO,LISTA
14234,TER09000050005B4  ,"ESQUINERO 900*50*50  ",TROZADO,LISTA
14234,TER09000050005B4  ,"ESQUINERO 900*50*50  ",OTRO,LISTA
14234,TER09000050005B4  ,"ESQUINERO 900*50*50  ",OTRO,LISTA
14234,TER09000050005B4  ,"ESQUINERO 900*50*50  ",TROZADO,LISTA
14234,TER09000050005B4  ,"ESQUINERO 900*50*50  ",OTRO,LISTA
14234,TER09000050005B4  ,"ESQUINERO 900*50*50  ",OTRO,LISTA
14234,TER09000050005B4  ,"ESQUINERO 900*50*50  ",TROZADO,LISTA
14234,TER09000050005B4  ,"ESQUINERO 900*50*50  ",OTRO,LISTA
14234,TER09000050005B4  ,"ESQUINERO 900*50*50  ",OTRO,LISTA
14234,TER09000050005B4  ,"ESQUINERO 900*50*50  ",TROZADO,LISTA
14234,TER09000050005B4  ,"ESQUINERO 900*50*50  ",OTRO,LISTA
14234,TER09000050005B4  ,"ESQUINERO 900*50*50  ",OTRO,LISTA
14234,TER09000050005B4  ,"ESQUINERO 900*50*50  ",TROZADO,LISTA
14234,TER09000050005B4  ,"ESQUINERO 900*50*50  ",OTRO,LISTA
14234,TER09000050005B4  ,"ESQUINERO 900*50*50  ",OTRO,LISTA
14234,TER09000050005B4  ,"ESQUINERO 900*50*50  ",TROZADO,LISTA
14234,TER09000050005B4  ,"ESQUINERO 900*50*50  ",OTRO,LISTA
14234,TER09000050005B4  ,"ESQUINERO 900*50*50  ",OTRO,LISTA
14234,TER09000050005B4  ,"ESQUINERO 900*50*50  ",TROZADO,LISTA
14234,TER09000050005B4  ,"ESQUINERO 900*50*50  ",OTRO,LISTA
14234,TER09000050005B4  ,"ESQUINERO 900*50*50  ",OTRO,LISTA
14234,TER09000050005B4  ,"ESQUINERO 900*50*50  ",TROZADO,LISTA
14234,TER09000050005B4  ,"ESQUINERO 900*50*50  ",OTRO,LISTA
14234,TER09000050005B4  ,"ESQUINERO 900*50*50  ",OTRO,LISTA
14234,TER09000050005B4  ,"ESQUINERO 900*50*50  ",TROZADO,LISTA
14234,TER09000050005B4  ,"ESQUINERO 900*50*50  ",OTRO,LISTA
14234,TER09000050005B4  ,"ESQUINERO 900*50*50  ",OTRO,LISTA
14234,TER09000050005B4  ,"ESQUINERO 900*50*50  ",TROZADO,LISTA
14234,TER09000050005B4  ,"ESQUINERO 900*50*50  ",OTRO,LISTA
14234,TER09000050005B4  ,"ESQUINERO 900*50*50  ",OTRO,LISTA
14234,TER09000050005B4  ,"ESQUINERO 900*50*50  ",TROZADO,LISTA
14234,TER09000050005B4  ,"ESQUINERO 900*50*50  ",OTRO,LISTA
14234,TER09000050005B4  ,"ESQUINERO 900*50*50  ",OTRO,LISTA
14234,TER09000050005B4  ,"ESQUINERO 900*50*50  ",TROZADO,LISTA
14234,TER09000050005B4  ,"ESQUINERO 900*50*50  ",OTRO,LISTA
14234,TER09000050005B4  ,"ESQUINERO 900*50*50  ",OTRO,LISTA
14234,TER09000050005B4  ,"ESQUINERO 900*50*50  ",TROZADO,LISTA
14234,TER09000050005B4  ,"ESQUINERO 900*50*50  ",OTRO,LISTA
14234,TER09000050005B4  ,"ESQUINERO 900*50*50  ",OTRO,LISTA
14234,TER09000050005B4  ,"ESQUINERO 900*50*50  ",TROZADO,LISTA
14234,TER09000050005B4  ,"ESQUINERO 900*50*50  ",OTRO,LISTA
14234,TER09000050005B4  ,"ESQUINERO 900*50*50  ",OTRO,LISTA
14234,TER09000050005B4  ,"ESQUINERO 900*50*50  ",TROZADO,LISTA
14234,TER09000050005B4  ,"ESQUINERO 900*50*50  ",OTRO,LISTA
14234,TER09000050005B4  ,"ESQUINERO 900*50*50  ",OTRO,LISTA
14234,TER09000050005B4  ,"ESQUINERO 900*50*50  ",TROZADO,LISTA
14234,TER09000050005B4  ,"ESQUINERO 900*50*50  ",OTRO,LISTA
14234,TER09000050005B4  ,"ESQUINERO 900*50*50  ",OTRO,LISTA
14234,TER09000050005B4  ,"ESQUINERO 900*50*50  ",TROZADO,LISTA
14234,TER09000050005B4  ,"ESQUINERO 900*50*50  ",OTRO,LISTA
14234,TER09000050005B4  ,"ESQUINERO 900*50*50  ",OTRO,LISTA
14234,TER09000050005B4  ,"ESQUINERO 900*50*50  ",TROZADO,LISTA
14234,TER09000050005B4  ,"ESQUINERO 900*50*50  ",OTRO,LISTA
14234,TER09000050005B4  ,"ESQUINERO 900*50*50  ",OTRO,LISTA
14234,TER09000050005B4  ,"ESQUINERO 900*50*50  ",TROZADO,LISTA
14234,TER09000050005B4  ,"ESQUINERO 900*50*50  ",OTRO,LISTA
14234,TER09000050005B4  ,"ESQUINERO 900*50*50  ",OTRO,LISTA
14234,TER09000050005B4  ,"ESQUINERO 900*50*50  ",TROZADO,LISTA
14234,TER09000050005B4  ,"ESQUINERO 900*50*50  ",OTRO,LISTA
14234,TER09000050005B4  ,"ESQUINERO 900*50*50  ",OTRO,LISTA
14234,TER09000050005B4  ,"ESQUINERO 900*50*50  ",TROZADO,LISTA
14234,TER09000050005B4  ,"ESQUINERO 900*50*50  ",OTRO,LISTA
14234,TER09000050005B4  ,"ESQUINERO 900*50*50  ",OTRO,LISTA
14234,TER09000050005B4  ,"ESQUINERO 900*50*50  ",TROZADO,LISTA
14234,TER09000050005B4  ,"ESQUINERO 900*50*50  ",OTRO,LISTA
14234,TER09000050005B4  ,"ESQUINERO 900*50*50  ",OTRO,LISTA
14234,TER09000050005B4  ,"ESQUINERO 900*50*50  ",TROZADO,LISTA
14234,TER09000050005B4  ,"ESQUINERO 900*50*50  ",OTRO,LISTA
14234,TER09000050005B4  ,"ESQUINERO 900*50*50  ",OTRO,LISTA
14234,TER09000050005B4  ,"ESQUINERO 900*50*50  ",TROZADO,LISTA
14234,TER09000050005B4  ,"ESQUINERO 900*50*50  ",OTRO,LISTA
14234,TER09000050005B4  ,"ESQUINERO 900*50*50  ",OTRO,LISTA
14234,TER09000050005B4  ,"ESQUINERO 900*50*50  ",TROZADO,LISTA
14234,TER09000050005B4  ,"ESQUINERO 900*50*50  ",OTRO,LISTA
14234,TER09000050005B4  ,"ESQUINERO 900*50*50  ",OTRO,LISTA
14234,TER09000050005B4  ,"ESQUINERO 900*50*50  ",TROZADO,LISTA
14234,TER09000050005B4  ,"ESQUINERO 900*50*50  ",OTRO,LISTA
14234,TER09000050005B4  ,"ESQUINERO 900*50*50  ",OTRO,LISTA
14234,TER09000050005B4  ,"ESQUINERO 900*50*50  ",TROZADO,LISTA
14234,TER09000050005B4  ,"ESQUINERO 900*50*50  ",OTRO,LISTA
14234,TER09000050005B4  ,"ESQUINERO 900*50*50  ",OTRO,LISTA
14234,TER09000050005B4  ,"ESQUINERO 900*50*50  ",TROZADO,LISTA
14234,TER09000050005B4  ,"ESQUINERO 900*50*50  ",OTRO,LISTA
14234,TER09000050005B4  ,"ESQUINERO 900*50*50  ",OTRO,LISTA
14234,TER09000050005B4  ,"ESQUINERO 900*50*50  ",TROZADO,LISTA
14234,TER09000050005B4  ,"ESQUINERO 900*50*50  ",OTRO,LISTA
14234,TER09000050005B4  ,"ESQUINERO 900*50*50  ",OTRO,LISTA
14234,TER09000050005B4  ,"ESQUINERO 900*50*50  ",TROZADO,LISTA
14234,TER09000050005B4  ,"ESQUINERO 900*50*50  ",OTRO,LISTA
14234,TER09000050005B4  ,"ESQUINERO 900*50*50  ",OTRO,LISTA
14234,TER09000050005B4  ,"ESQUINERO 900*50*50  ",TROZADO,LISTA
14234,TER09000050005B4  ,"ESQUINERO 900*50*50  ",OTRO,LISTA
14234,TER09000050005B4  ,"ESQUINERO 900*50*50  ",OTRO,LISTA
14234,TER09000050005B4  ,"ESQUINERO 900*50*50  ",TROZADO,LISTA
14234,TER09000050005B4  ,"ESQUINERO 900*50*50  ",OTRO,LISTA
14234,TER09000050005B4  ,"ESQUINERO 900*50*50  ",OTRO,LISTA
14234,TER09000050005B4  ,"ESQUINERO 900*50*50  ",TROZADO,LISTA
14234,TER09000050005B4  ,"ESQUINERO 900*50*50  ",OTRO,LISTA
14234,TER09000050005B4  ,"ESQUINERO 900*50*50  ",OTRO,LISTA
14234,TER09000050005B4  ,"ESQUINERO 900*50*50  ",TROZADO,LISTA
14234,TER09000050005B4  ,"ESQUINERO 900*50*50  ",OTRO,LISTA
14234,TER09000050005B4  ,"ESQUINERO 900*50*50  ",OTRO,LISTA
14234,TER09000050005B4  ,"ESQUINERO 900*50*50  ",TROZADO,LISTA
14234,TER09000050005B4  ,"ESQUINERO 900*50*50  ",OTRO,LISTA
14234,TER09000050005B4  ,"ESQUINERO 900*50*50  ",OTRO,LISTA
14234,TER09000050005B4  ,"ESQUINERO 900*50*50  ",TROZADO,LISTA
14234,TER09000050005B4  ,"ESQUINERO 900*50*50  ",OTRO,LISTA
14234,TER09000050005B4  ,"ESQUINERO 900*50*50  ",OTRO,LISTA
14234,TER09000050005B4  ,"ESQUINERO 900*50*50  ",TROZADO,LISTA
14234,TER09000050005B4  ,"ESQUINERO 900*50*50  ",OTRO,LISTA
14234,TER09000050005B4  ,"ESQUINERO 900*50*50  ",OTRO,LISTA
14234,TER09000050005B4  ,"ESQUINERO 900*50*50  ",TROZADO,LISTA
14234,TER09000050005B4  ,"ESQUINERO 900*50*50  ",OTRO,LISTA
14234,TER09000050005B4  ,"ESQUINERO 900*50*50  ",OTRO,LISTA
14234,TER09000050005B4  ,"ESQUINERO 900*50*50  ",TROZADO,LISTA
14234,TER09000050005B4  ,"ESQUINERO 900*50*50  ",OTRO,LISTA
14234,TER09000050005B4  ,"ESQUINERO 900*50*50  ",OTRO,LISTA
14234,TER09000050005B4  ,"ESQUINERO 900*50*50  ",TROZADO,LISTA
14234,TER09000050005B4  ,"ESQUINERO 900*50*50  ",OTRO,LISTA
14234,TER09000050005B4  ,"ESQUINERO 900*50*50  ",OTRO,LISTA
14234,TER09000050005B4  ,"ESQUINERO 900*50*50  ",TROZADO,LISTA
14234,TER09000050005B4  ,"ESQUINERO 900*50*50  ",OTRO,LISTA
14234,TER09000050005B4  ,"ESQUINERO 900*50*50  ",OTRO,LISTA
14234,TER09000050005B4  ,"ESQUINERO 900*50*50  ",TROZADO,LISTA
14234,TER09000050005B4  ,"ESQUINERO 900*50*50  ",OTRO,LISTA
14234,TER09000050005B4  ,"ESQUINERO 900*50*50  ",OTRO,LISTA
14234,TER09000050005B4  ,"ESQUINERO 900*50*50  ",TROZADO,LISTA
14234,TER09000050005B4  ,"ESQUINERO 900*50*50  ",OTRO,LISTA
14234,TER09000050005B4  ,"ESQUINERO 900*50*50  ",OTRO,LISTA
14234,TER09000050005B4  ,"ESQUINERO 900*50*50  ",TROZADO,LISTA
14234,TER09000050005B4  ,"ESQUINERO 900*50*50  ",OTRO,LISTA
14234,TER09000050005B4  ,"ESQUINERO 900*50*50  ",OTRO,LISTA
14234,TER09000050005B4  ,"ESQUINERO 900*50*50  ",TROZADO,LISTA
14234,TER09000050005B4  ,"ESQUINERO 900*50*50  ",OTRO,LISTA
14234,TER09000050005B4  ,"ESQUINERO 900*50*50  ",OTRO,LISTA
14234,TER09000050005B4  ,"ESQUINERO 900*50*50  ",TROZADO,LISTA
14234,TER09000050005B4  ,"ESQUINERO 900*50*50  ",OTRO,LISTA
14234,TER09000050005B4  ,"ESQUINERO 900*50*50  ",OTRO,LISTA
14234,TER09000050005B4  ,"ESQUINERO 900*50*50  ",TROZADO,LISTA
14234,TER09000050005B4  ,"ESQUINERO 900*50*50  ",OTRO,LISTA
14234,TER09000050005B4  ,"ESQUINERO 900*50*50  ",OTRO,LISTA
14234,TER09000050005B4  ,"ESQUINERO 900*50*50  ",TROZADO,LISTA
14234,TER09000050005B4  ,"ESQUINERO 900*50*50  ",OTRO,LISTA
14234,TER09000050005B4  ,"ESQUINERO 900*50*50  ",OTRO,LISTA
14234,TER09000050005B4  ,"ESQUINERO 900*50*50  ",TROZADO,LISTA
14234,TER09000050005B4  ,"ESQUINERO 900*50*50  ",OTRO,LISTA
14234,TER09000050005B4  ,"ESQUINERO 900*50*50  ",OTRO,LISTA
14234,TER09000050005B4  ,"ESQUINERO 900*50*50  ",TROZADO,LISTA
14234,TER09000050005B4  ,"ESQUINERO 900*50*50  ",OTRO,LISTA
14234,TER09000050005B4  ,"ESQUINERO 900*50*50  ",OTRO,LISTA
14234,TER09000050005B4  ,"ESQUINERO 900*50*50  ",TROZADO,LISTA
14234,TER09000050005B4  ,"ESQUINERO 900*50*50  ",OTRO,LISTA
14234,TER09000050005B4  ,"ESQUINERO 900*50*50  ",OTRO,LISTA
14234,TER09000050005B4  ,"ESQUINERO 900*50*50  ",TROZADO,LISTA
14234,TER09000050005B4  ,"ESQUINERO 900*50*50  ",OTRO,LISTA
14234,TER09000050005B4  ,"ESQUINERO 900*50*50  ",OTRO,LISTA
14234,TER09000050005B4  ,"ESQUINERO 900*50*50  ",TROZADO,LISTA
14234,TER09000050005B4  ,"ESQUINERO 900*50*50  ",OTRO,LISTA
14234,TER09000050005B4  ,"ESQUINERO 900*50*50  ",OTRO,LISTA
14234,TER09000050005B4  ,"ESQUINERO 900*50*50  ",TROZADO,LISTA
14234,TER09000050005B4  ,"ESQUINERO 900*50*50  ",OTRO,LISTA
14234,TER09000050005B4  ,"ESQUINERO 900*50*50  ",OTRO,LISTA
14234,TER09000050005B4  ,"ESQUINERO 900*50*50  ",TROZADO,LISTA
14234,TER09000050005B4  ,"ESQUINERO 900*50*50  ",OTRO,LISTA
14234,TER09000050005B4  ,"ESQUINERO 900*50*50  ",OTRO,LISTA
14234,TER09000050005B4  ,"ESQUINERO 900*50*50  ",TROZADO,LISTA
14234,TER09000050005B4  ,"ESQUINERO 900*50*50  ",OTRO,LISTA
14234,TER09000050005B4  ,"ESQUINERO 900*50*50  ",OTRO,LISTA
14234,TER09000050005B4  ,"ESQUINERO 900*50*50  ",TROZADO,LISTA
14234,TER09000050005B4  ,"ESQUINERO 900*50*50  ",OTRO,LISTA
14234,TER09000050005B4  ,"ESQUINERO 900*50*50  ",OTRO,LISTA
14234,TER09000050005B4  ,"ESQUINERO 900*50*50  ",TROZADO,LISTA
14234,TER09000050005B4  ,"ESQUINERO 900*50*50  ",OTRO,LISTA
14234,TER09000050005B4  ,"ESQUINERO 900*50*50  ",OTRO,LISTA
14234,TER09000050005B4  ,"ESQUINERO 900*50*50  ",TROZADO,LISTA
14234,TER09000050005B4  ,"ESQUINERO 900*50*50  ",OTRO,LISTA
14234,TER09000050005B4  ,"ESQUINERO 900*50*50  ",OTRO,LISTA
14234,TER09000050005B4  ,"ESQUINERO 900*50*50  ",TROZADO,LISTA
14234,TER09000050005B4  ,"ESQUINERO 900*50*50  ",OTRO,LISTA
14234,TER09000050005B4  ,"ESQUINERO 900*50*50  ",OTRO,LISTA
14234,TER09000050005B4  ,"ESQUINERO 900*50*50  ",TROZADO,LISTA
14234,TER09000050005B4  ,"ESQUINERO 900*50*50  ",OTRO,LISTA
14234,TER09000050005B4  ,"ESQUINERO 900*50*50  ",OTRO,LISTA
14234,TER09000050005B4  ,"ESQUINERO 900*50*50  ",TROZADO,LISTA
14234,TER09000050005B4  ,"ESQUINERO 900*50*50  ",OTRO,LISTA
14234,TER09000050005B4  ,"ESQUINERO 900*50*50  ",OTRO,LISTA
14234,TER09000050005B4  ,"ESQUINERO 900*50*50  ",TROZADO,LISTA
14234,TER09000050005B4  ,"ESQUINERO 900*50*50  ",OTRO,LISTA
14234,TER09000050005B4  ,"ESQUINERO 900*50*50  ",OTRO,LISTA
14234,TER09000050005B4  ,"ESQUINERO 900*50*50  ",TROZADO,LISTA
14234,TER09000050005B4  ,"ESQUINERO 900*50*50  ",OTRO,LISTA
14234,TER09000050005B4  ,"ESQUINERO 900*50*50  ",OTRO,LISTA
14234,TER09000050005B4  ,"ESQUINERO 900*50*50  ",TROZADO,LISTA
14234,TER09000050005B4  ,"ESQUINERO 900*50*50  ",OTRO,LISTA
14234,TER09000050005B4  ,"ESQUINERO 900*50*50  ",OTRO,LISTA
14234,TER09000050005B4  ,"ESQUINERO 900*50*50  ",TROZADO,LISTA
14234,TER09000050005B4  ,"ESQUINERO 900*50*50  ",OTRO,LISTA
14234,TER09000050005B4  ,"ESQUINERO 900*50*50  ",OTRO,LISTA
14234,TER09000050005B4  ,"ESQUINERO 900*50*50  ",TROZADO,LISTA
14234,TER09000050005B4  ,"ESQUINERO 900*50*50  ",OTRO,LISTA
14234,TER09000050005B4  ,"ESQUINERO 900*50*50  ",OTRO,LISTA
14234,TER09000050005B4  ,"ESQUINERO 900*50*50  ",TROZADO,LISTA
14234,TER09000050005B4  ,"ESQUINERO 900*50*50  ",OTRO,LISTA
14234,TER09000050005B4  ,"ESQUINERO 900*50*50  ",OTRO,LISTA
14234,TER09000050005B4  ,"ESQUINERO 900*50*50  ",TROZADO,LISTA
14234,TER09000050005B4  ,"ESQUINERO 900*50*50  ",OTRO,LISTA
14234,TER09000050005B4  ,"ESQUINERO 900*50*50  ",OTRO,LISTA
14234,TER09000050005B4  ,"ESQUINERO 900*50*50  ",TROZADO,LISTA
14234,TER09000050005B4  ,"ESQUINERO 900*50*50  ",OTRO,LISTA
14234,TER09000050005B4  ,"ESQUINERO 900*50*50  ",OTRO,LISTA
14234,TER09000050005B4  ,"ESQUINERO 900*50*50  ",TROZADO,LISTA
14234,TER09000050005B4  ,"ESQUINERO 900*50*50  ",OTRO,LISTA
14234,TER09000050005B4  ,"ESQUINERO 900*50*50  ",OTRO,LISTA
14234,TER09000050005B4  ,"ESQUINERO 900*50*50  ",TROZADO,LISTA
14234,TER09000050005B4  ,"ESQUINERO 900*50*50  ",OTRO,LISTA
14234,TER09000050005B4  ,"ESQUINERO 900*50*50  ",OTRO,LISTA
14234,TER09000050005B4  ,"ESQUINERO 900*50*50  ",TROZADO,LISTA
14234,TER09000050005B4  ,"ESQUINERO 900*50*50  ",OTRO,LISTA
14234,TER09000050005B4  ,"ESQUINERO 900*50*50  ",OTRO,LISTA
14234,TER09000050005B4  ,"ESQUINERO 900*50*50  ",TROZADO,LISTA
14234,TER09000050005B4  ,"ESQUINERO 900*50*50  ",OTRO,LISTA
14234,TER09000050005B4  ,"ESQUINERO 900*50*50  ",OTRO,LISTA
14234,TER09000050005B4  ,"ESQUINERO 900*50*50  ",TROZADO,LISTA
14234,TER09000050005B4  ,"ESQUINERO 900*50*50  ",OTRO,LISTA
14234,TER09000050005B4  ,"ESQUINERO 900*50*50  ",OTRO,LISTA
14234,TER09000050005B4  ,"ESQUINERO 900*50*50  ",TROZADO,LISTA
14234,TER09000050005B4  ,"ESQUINERO 900*50*50  ",OTRO,LISTA
14234,TER09000050005B4  ,"ESQUINERO 900*50*50  ",OTRO,LISTA
14234,TER09000050005B4  ,"ESQUINERO 900*50*50  ",TROZADO,LISTA
14234,TER09000050005B4  ,"ESQUINERO 900*50*50  ",OTRO,LISTA
14234,TER09000050005B4  ,"ESQUINERO 900*50*50  ",OTRO,LISTA
14234,TER09000050005B4  ,"ESQUINERO 900*50*50  ",TROZADO,LISTA
14234,TER09000050005B4  ,"ESQUINERO 900*50*50  ",OTRO,LISTA
14234,TER09000050005B4  ,"ESQUINERO 900*50*50  ",OTRO,LISTA
14234,TER09000050005B4  ,"ESQUINERO 900*50*50  ",TROZADO,LISTA
14234,TER09000050005B4  ,"ESQUINERO 900*50*50  ",OTRO,LISTA
14234,TER09000050005B4  ,"ESQUINERO 900*50*50  ",OTRO,LISTA
14234,TER09000050005B4  ,"ESQUINERO 900*50*50  ",TROZADO,LISTA
14234,TER09000050005B4  ,"ESQUINERO 900*50*50  ",OTRO,LISTA
14234,TER09000050005B4  ,"ESQUINERO 900*50*50  ",OTRO,LISTA
14234,TER09000050005B4  ,"ESQUINERO 900*50*50  ",TROZADO,LISTA
14234,TER09000050005B4  ,"ESQUINERO 900*50*50  ",OTRO,LISTA
14234,TER09000050005B4  ,"ESQUINERO 900*50*50  ",OTRO,LISTA
14234,TER09000050005B4  ,"ESQUINERO 900*50*50  ",TROZADO,LISTA
14234,TER09000050005B4  ,"ESQUINERO 900*50*50  ",OTRO,LISTA
14234,TER09000050005B4  ,"ESQUINERO 900*50*50  ",OTRO,LISTA
14234,TER09000050005B4  ,"ESQUINERO 900*50*50  ",TROZADO,LISTA
14234,TER09000050005B4  ,"ESQUINERO 900*50*50  ",OTRO,LISTA
14234,TER09000050005B4  ,"ESQUINERO 900*50*50  ",OTRO,LISTA
14234,TER09000050005B4  ,"ESQUINERO 900*50*50  ",TROZADO,LISTA
14234,TER09000050005B4  ,"ESQUINERO 900*50*50  ",OTRO,LISTA
14234,TER09000050005B4  ,"ESQUINERO 900*50*50  ",OTRO,LISTA
14234,TER09000050005B4  ,"ESQUINERO 900*50*50  ",TROZADO,LISTA
14234,TER09000050005B4  ,"ESQUINERO 900*50*50  ",OTRO,LISTA
14234,TER09000050005B4  ,"ESQUINERO 900*50*50  ",OTRO,LISTA
14234,TER09000050005B4  ,"ESQUINERO 900*50*50  ",TROZADO,LISTA
14234,TER09000050005B4  ,"ESQUINERO 900*50*50  ",OTRO,LISTA
14234,TER09000050005B4  ,"ESQUINERO 900*50*50  ",OTRO,LISTA
14234,TER09000050005B4  ,"ESQUINERO 900*50*50  ",TROZADO,LISTA
14234,TER09000050005B4  ,"ESQUINERO 900*50*50  ",OTRO,LISTA
14234,TER09000050005B4  ,"ESQUINERO 900*50*50  ",OTRO,LISTA
14234,TER09000050005B4  ,"ESQUINERO 900*50*50  ",TROZADO,LISTA
14234,TER09000050005B4  ,"ESQUINERO 900*50*50  ",OTRO,LISTA
14234,TER09000050005B4  ,"ESQUINERO 900*50*50  ",OTRO,LISTA
14234,TER09000050005B4  ,"ESQUINERO 900*50*50  ",TROZADO,LISTA
14234,TER09000050005B4  ,"ESQUINERO 900*50*50  ",OTRO,LISTA
14234,TER09000050005B4  ,"ESQUINERO 900*50*50  ",OTRO,LISTA
14234,TER09000050005B4  ,"ESQUINERO 900*50*50  ",TROZADO,LISTA
14234,TER09000050005B4  ,"ESQUINERO 900*50*50  ",OTRO,LISTA
14234,TER09000050005B4  ,"ESQUINERO 900*50*50  ",OTRO,LISTA
14234,TER09000050005B4  ,"ESQUINERO 900*50*50  ",TROZADO,LISTA
14234,TER09000050005B4  ,"ESQUINERO 900*50*50  ",OTRO,LISTA
14234,TER09000050005B4  ,"ESQUINERO 900*50*50  ",OTRO,LISTA
14234,TER09000050005B4  ,"ESQUINERO 900*50*50  ",TROZADO,LISTA
14234,TER09000050005B4  ,"ESQUINERO 900*50*50  ",OTRO,LISTA
14234,TER09000050005B4  ,"ESQUINERO 900*50*50  ",OTRO,LISTA
14234,TER09000050005B4  ,"ESQUINERO 900*50*50  ",TROZADO,LISTA
14234,TER09000050005B4  ,"ESQUINERO 900*50*50  ",OTRO,LISTA
14234,TER09000050005B4  ,"ESQUINERO 900*50*50  ",OTRO,LISTA
14234,TER09000050005B4  ,"ESQUINERO 900*50*50  ",TROZADO,LISTA
14234,TER09000050005B4  ,"ESQUINERO 900*50*50  ",OTRO,LISTA
14234,TER09000050005B4  ,"ESQUINERO 900*50*50  ",OTRO,LISTA
14234,TER09000050005B4  ,"ESQUINERO 900*50*50  ",TROZADO,LISTA
14234,TER09000050005B4  ,"ESQUINERO 900*50*50  ",OTRO,LISTA
14234,TER09000050005B4  ,"ESQUINERO 900*50*50  ",OTRO,LISTA
14234,TER09000050005B4  ,"ESQUINERO 900*50*50  ",TROZADO,LISTA
14234,TER09000050005B4  ,"ESQUINERO 900*50*50  ",OTRO,LISTA
14234,TER09000050005B4  ,"ESQUINERO 900*50*50  ",OTRO,LISTA
14234,TER09000050005B4  ,"ESQUINERO 900*50*50  ",TROZADO,LISTA
14234,TER09000050005B4  ,"ESQUINERO 900*50*50  ",OTRO,LISTA
14234,TER09000050005B4  ,"ESQUINERO 900*50*50  ",OTRO,LISTA
14234,TER09000050005B4  ,"ESQUINERO 900*50*50  ",TROZADO,LISTA
14234,TER09000050005B4  ,"ESQUINERO 900*50*50  ",OTRO,LISTA
14234,TER09000050005B4  ,"ESQUINERO 900*50*50  ",OTRO,LISTA
14234,TER09000050005B4  ,"ESQUINERO 900*50*50  ",TROZADO,LISTA
14234,TER09000050005B4  ,"ESQUINERO 900*50*50  ",OTRO,LISTA
14234,TER09000050005B4  ,"ESQUINERO 900*50*50  ",OTRO,LISTA
14234,TER09000050005B4  ,"ESQUINERO 900*50*50  ",TROZADO,LISTA
14234,TER09000050005B4  ,"ESQUINERO 900*50*50  ",OTRO,LISTA
14234,TER09000050005B4  ,"ESQUINERO 900*50*50  ",OTRO,LISTA
14234,TER09000050005B4  ,"ESQUINERO 900*50*50  ",TROZADO,LISTA
14234,TER09000050005B4  ,"ESQUINERO 900*50*50  ",OTRO,LISTA
14234,TER09000050005B4  ,"ESQUINERO 900*50*50  ",OTRO,LISTA
14234,TER09000050005B4  ,"ESQUINERO 900*50*50  ",TROZADO,LISTA
14234,TER09000050005B4  ,"ESQUINERO 900*50*50  ",OTRO,LISTA
14234,TER09000050005B4  ,"ESQUINERO 900*50*50  ",OTRO,LISTA
14234,TER09000050005B4  ,"ESQUINERO 900*50*50  ",TROZADO,LISTA
14234,TER09000050005B4  ,"ESQUINERO 900*50*50  ",OTRO,LISTA
14234,TER09000050005B4  ,"ESQUINERO 900*50*50  ",OTRO,LISTA
14234,TER09000050005B4  ,"ESQUINERO 900*50*50  ",TROZADO,LISTA
14234,TER09000050005B4  ,"ESQUINERO 900*50*50  ",OTRO,LISTA
14234,TER09000050005B4  ,"ESQUINERO 900*50*50  ",OTRO,LISTA
14234,TER09000050005B4  ,"ESQUINERO 900*50*50  ",TROZADO,LISTA
14234,TER09000050005B4  ,"ESQUINERO 900*50*50  ",OTRO,LISTA
14234,TER09000050005B4  ,"ESQUINERO 900*50*50  ",OTRO,LISTA
14234,TER09000050005B4  ,"ESQUINERO 900*50*50  ",TROZADO,LISTA
14234,TER09000050005B4  ,"ESQUINERO 900*50*50  ",OTRO,LISTA
14234,TER09000050005B4  ,"ESQUINERO 900*50*50  ",OTRO,LISTA
14234,TER09000050005B4  ,"ESQUINERO 900*50*50  ",TROZADO,LISTA
14234,TER09000050005B4  ,"ESQUINERO 900*50*50  ",OTRO,LISTA
14234,TER09000050005B4  ,"ESQUINERO 900*50*50  ",OTRO,LISTA
14234,TER09000050005B4  ,"ESQUINERO 900*50*50  ",TROZADO,LISTA
14234,TER09000050005B4  ,"ESQUINERO 900*50*50  ",OTRO,LISTA
14234,TER09000050005B4  ,"ESQUINERO 900*50*50  ",OTRO,LISTA
14234,TER09000050005B4  ,"ESQUINERO 900*50*50  ",TROZADO,LISTA
14234,TER09000050005B4  ,"ESQUINERO 900*50*50  ",OTRO,LISTA
14234,TER09000050005B4  ,"ESQUINERO 900*50*50  ",OTRO,LISTA
14234,TER09000050005B4  ,"ESQUINERO 900*50*50  ",TROZADO,LISTA
14234,TER09000050005B4  ,"ESQUINERO 900*50*50  ",OTRO,LISTA
14234,TER09000050005B4  ,"ESQUINERO 900*50*50  ",OTRO,LISTA
14234,TER09000050005B4  ,"ESQUINERO 900*50*50  ",TROZADO,LISTA
14234,TER09000050005B4  ,"ESQUINERO 900*50*50  ",OTRO,LISTA
14234,TER09000050005B4  ,"ESQUINERO 900*50*50  ",OTRO,LISTA
14234,TER09000050005B4  ,"ESQUINERO 900*50*50  ",TROZADO,LISTA
14234,TER09000050005B4  ,"ESQUINERO 900*50*50  ",OTRO,LISTA
14234,TER09000050005B4  ,"ESQUINERO 900*50*50  ",OTRO,LISTA
14234,TER09000050005B4  ,"ESQUINERO 900*50*50  ",TROZADO,LISTA
14234,TER09000050005B4  ,"ESQUINERO 900*50*50  ",OTRO,LISTA
14234,TER09000050005B4  ,"ESQUINERO 900*50*50  ",OTRO,LISTA
14234,TER09000050005B4  ,"ESQUINERO 900*50*50  ",TROZADO,LISTA
14234,TER09000050005B4  ,"ESQUINERO 900*50*50  ",OTRO,LISTA
14234,TER09000050005B4  ,"ESQUINERO 900*50*50  ",OTRO,LISTA
14234,TER09000050005B4  ,"ESQUINERO 900*50*50  ",TROZADO,LISTA
14234,TER09000050005B4  ,"ESQUINERO 900*50*50  ",OTRO,LISTA
14234,TER09000050005B4  ,"ESQUINERO 900*50*50  ",OTRO,LISTA
14234,TER09000050005B4  ,"ESQUINERO 900*50*50  ",TROZADO,LISTA
14234,TER09000050005B4  ,"ESQUINERO 900*50*50  ",OTRO,LISTA
14234,TER09000050005B4  ,"ESQUINERO 900*50*50  ",OTRO,LISTA
14234,TER09000050005B4  ,"ESQUINERO 900*50*50  ",TROZADO,LISTA
14234,TER09000050005B4  ,"ESQUINERO 900*50*50  ",OTRO,LISTA
14234,TER09000050005B4  ,"ESQUINERO 900*50*50  ",OTRO,LISTA
14234,TER09000050005B4  ,"ESQUINERO 900*50*50  ",TROZADO,LISTA
14234,TER09000050005B4  ,"ESQUINERO 900*50*50  ",OTRO,LISTA
14234,TER09000050005B4  ,"ESQUINERO 900*50*50  ",OTRO,LISTA
14234,TER09000050005B4  ,"ESQUINERO 900*50*50  ",TROZADO,LISTA
14234,TER09000050005B4  ,"ESQUINERO 900*50*50  ",OTRO,LISTA
14234,TER09000050005B4  ,"ESQUINERO 900*50*50  ",OTRO,LISTA
14234,TER09000050005B4  ,"ESQUINERO 900*50*50  ",TROZADO,LISTA
14234,TER09000050005B4  ,"ESQUINERO 900*50*50  ",OTRO,LISTA
14234,TER09000050005B4  ,"ESQUINERO 900*50*50  ",OTRO,LISTA
14234,TER09000050005B4  ,"ESQUINERO 900*50*50  ",TROZADO,LISTA
14234,TER09000050005B4  ,"ESQUINERO 900*50*50  ",OTRO,LISTA
14234,TER09000050005B4  ,"ESQUINERO 900*50*50  ",OTRO,LISTA
14234,TER09000050005B4  ,"ESQUINERO 900*50*50  ",TROZADO,LISTA
14234,TER09000050005B4  ,"ESQUINERO 900*50*50  ",OTRO,LISTA
14234,TER09000050005B4  ,"ESQUINERO 900*50*50  ",OTRO,LISTA
14234,TER09000050005B4  ,"ESQUINERO 900*50*50  ",TROZADO,LISTA
14234,TER09000050005B4  ,"ESQUINERO 900*50*50  ",OTRO,LISTA
14234,TER09000050005B4  ,"ESQUINERO 900*50*50  ",OTRO,LISTA
14234,TER09000050005B4  ,"ESQUINERO 900*50*50  ",TROZADO,LISTA
14234,TER09000050005B4  ,"ESQUINERO 900*50*50  ",OTRO,LISTA
14234,TER09000050005B4  ,"ESQUINERO 900*50*50  ",OTRO,LISTA
14234,TER09000050005B4  ,"ESQUINERO 900*50*50  ",TROZADO,LISTA
14234,TER09000050005B4  ,"ESQUINERO 900*50*50  ",OTRO,LISTA
14234,TER09000050005B4  ,"ESQUINERO 900*50*50  ",OTRO,LISTA
14234,TER09000050005B4  ,"ESQUINERO 900*50*50  ",TROZADO,LISTA
14234,TER09000050005B4  ,"ESQUINERO 900*50*50  ",OTRO,LISTA
14234,TER09000050005B4  ,"ESQUINERO 900*50*50  ",OTRO,LISTA
14234,TER09000050005B4  ,"ESQUINERO 900*50*50  ",TROZADO,LISTA
14234,TER09000050005B4  ,"ESQUINERO 900*50*50  ",OTRO,LISTA
14234,TER09000050005B4  ,"ESQUINERO 900*50*50  ",OTRO,LISTA
14234,TER09000050005B4  ,"ESQUINERO 900*50*50  ",TROZADO,LISTA
14234,TER09000050005B4  ,"ESQUINERO 900*50*50  ",OTRO,LISTA
14234,TER09000050005B4  ,"ESQUINERO 900*50*50  ",OTRO,LISTA
14234,TER09000050005B4  ,"ESQUINERO 900*50*50  ",TROZADO,LISTA
14234,TER09000050005B4  ,"ESQUINERO 900*50*50  ",OTRO,LISTA
14234,TER09000050005B4  ,"ESQUINERO 900*50*50  ",OTRO,LISTA
14234,TER09000050005B4  ,"ESQUINERO 900*50*50  ",TROZADO,LISTA
14234,TER09000050005B4  ,"ESQUINERO 900*50*50  ",OTRO,LISTA
14234,TER09000050005B4  ,"ESQUINERO 900*50*50  ",OTRO,LISTA
14234,TER09000050005B4  ,"ESQUINERO 900*50*50  ",TROZADO,LISTA
14234,TER09000050005B4  ,"ESQUINERO 900*50*50  ",OTRO,LISTA
14234,TER09000050005B4  ,"ESQUINERO 900*50*50  ",OTRO,LISTA
14234,TER09000050005B4  ,"ESQUINERO 900*50*50  ",TROZADO,LISTA
14234,TER09000050005B4  ,"ESQUINERO 900*50*50  ",OTRO,LISTA
14234,TER09000050005B4  ,"ESQUINERO 900*50*50  ",OTRO,LISTA
14234,TER09000050005B4  ,"ESQUINERO 900*50*50  ",TROZADO,LISTA
14234,TER09000050005B4  ,"ESQUINERO 900*50*50  ",OTRO,LISTA
14234,TER09000050005B4  ,"ESQUINERO 900*50*50  ",OTRO,LISTA
14234,TER09000050005B4  ,"ESQUINERO 900*50*50  ",TROZADO,LISTA
14234,TER09000050005B4  ,"ESQUINERO 900*50*50  ",OTRO,LISTA
14234,TER09000050005B4  ,"ESQUINERO 900*50*50  ",OTRO,LISTA
14234,TER09000050005B4  ,"ESQUINERO 900*50*50  ",TROZADO,LISTA
14234,TER09000050005B4  ,"ESQUINERO 900*50*50  ",OTRO,LISTA
14234,TER09000050005B4  ,"ESQUINERO 900*50*50  ",OTRO,LISTA
14234,TER09000050005B4  ,"ESQUINERO 900*50*50  ",TROZADO,LISTA
14234,TER09000050005B4  ,"ESQUINERO 900*50*50  ",OTRO,LISTA
14234,TER09000050005B4  ,"ESQUINERO 900*50*50  ",OTRO,LISTA
14234,TER09000050005B4  ,"ESQUINERO 900*50*50  ",TROZADO,LISTA
14234,TER09000050005B4  ,"ESQUINERO 900*50*50  ",OTRO,LISTA
14234,TER09000050005B4  ,"ESQUINERO 900*50*50  ",OTRO,LISTA
14234,TER09000050005B4  ,"ESQUINERO 900*50*50  ",TROZADO,LISTA
14234,TER09000050005B4  ,"ESQUINERO 900*50*50  ",OTRO,LISTA
14234,TER09000050005B4  ,"ESQUINERO 900*50*50  ",OTRO,LISTA
14234,TER09000050005B4  ,"ESQUINERO 900*50*50  ",TROZADO,LISTA
14234,TER09000050005B4  ,"ESQUINERO 900*50*50  ",OTRO,LISTA
14234,TER09000050005B4  ,"ESQUINERO 900*50*50  ",OTRO,LISTA
14234,TER09000050005B4  ,"ESQUINERO 900*50*50  ",TROZADO,LISTA
14234,TER09000050005B4  ,"ESQUINERO 900*50*50  ",OTRO,LISTA
14234,TER09000050005B4  ,"ESQUINERO 900*50*50  ",OTRO,LISTA
14234,TER09000050005B4  ,"ESQUINERO 900*50*50  ",TROZADO,LISTA
14234,TER09000050005B4  ,"ESQUINERO 900*50*50  ",OTRO,LISTA
14234,TER09000050005B4  ,"ESQUINERO 900*50*50  ",OTRO,LISTA
14234,TER09000050005B4  ,"ESQUINERO 900*50*50  ",TROZADO,LISTA
14234,TER09000050005B4  ,"ESQUINERO 900*50*50  ",OTRO,LISTA
14234,TER09000050005B4  ,"ESQUINERO 900*50*50  ",OTRO,LISTA
14234,TER09000050005B4  ,"ESQUINERO 900*50*50  ",TROZADO,LISTA
14234,TER09000050005B4  ,"ESQUINERO 900*50*50  ",OTRO,LISTA
14234,TER09000050005B4  ,"ESQUINERO 900*50*50  ",OTRO,LISTA
14234,TER09000050005B4  ,"ESQUINERO 900*50*50  ",TROZADO,LISTA
14234,TER09000050005B4  ,"ESQUINERO 900*50*50  ",OTRO,LISTA
14234,TER09000050005B4  ,"ESQUINERO 900*50*50  ",OTRO,LISTA
14234,TER09000050005B4  ,"ESQUINERO 900*50*50  ",TROZADO,LISTA
14234,TER09000050005B4  ,"ESQUINERO 900*50*50  ",OTRO,LISTA
14234,TER09000050005B4  ,"ESQUINERO 900*50*50  ",OTRO,LISTA
14234,TER09000050005B4  ,"ESQUINERO 900*50*50  ",TROZADO,LISTA
14234,TER09000050005B4  ,"ESQUINERO 900*50*50  ",OTRO,LISTA
14234,TER09000050005B4  ,"ESQUINERO 900*50*50  ",OTRO,LISTA
14234,TER09000050005B4  ,"ESQUINERO 900*50*50  ",TROZADO,LISTA
14234,TER09000050005B4  ,"ESQUINERO 900*50*50  ",OTRO,LISTA
14234,TER09000050005B4  ,"ESQUINERO 900*50*50  ",OTRO,LISTA
14234,TER09000050005B4  ,"ESQUINERO 900*50*50  ",TROZADO,LISTA
14234,TER09000050005B4  ,"ESQUINERO 900*50*50  ",OTRO,LISTA
14234,TER09000050005B4  ,"ESQUINERO 900*50*50  ",OTRO,LISTA
14234,TER09000050005B4  ,"ESQUINERO 900*50*50  ",TROZADO,LISTA
14234,TER09000050005B4  ,"ESQUINERO 900*50*50  ",OTRO,LISTA
14234,TER09000050005B4  ,"ESQUINERO 900*50*50  ",OTRO,LISTA
14234,TER09000050005B4  ,"ESQUINERO 900*50*50  ",TROZADO,LISTA
14234,TER09000050005B4  ,"ESQUINERO 900*50*50  ",OTRO,LISTA
14234,TER09000050005B4  ,"ESQUINERO 900*50*50  ",OTRO,LISTA
14234,TER09000050005B4  ,"ESQUINERO 900*50*50  ",TROZADO,LISTA
14234,TER09000050005B4  ,"ESQUINERO 900*50*50  ",OTRO,LISTA
14234,TER09000050005B4  ,"ESQUINERO 900*50*50  ",OTRO,LISTA
14234,TER09000050005B4  ,"ESQUINERO 900*50*50  ",TROZADO,LISTA
14234,TER09000050005B4  ,"ESQUINERO 900*50*50  ",OTRO,LISTA
14234,TER09000050005B4  ,"ESQUINERO 900*50*50  ",OTRO,LISTA
14234,TER09000050005B4  ,"ESQUINERO 900*50*50  ",TROZADO,LISTA
14234,TER09000050005B4  ,"ESQUINERO 900*50*50  ",OTRO,LISTA
14234,TER09000050005B4  ,"ESQUINERO 900*50*50  ",OTRO,LISTA
14234,TER09000050005B4  ,"ESQUINERO 900*50*50  ",TROZADO,LISTA
14234,TER09000050005B4  ,"ESQUINERO 900*50*50  ",OTRO,LISTA
14234,TER09000050005B4  ,"ESQUINERO 900*50*50  ",OTRO,LISTA
14234,TER09000050005B4  ,"ESQUINERO 900*50*50  ",TROZADO,LISTA
14234,TER09000050005B4  ,"ESQUINERO 900*50*50  ",OTRO,LISTA
14234,TER09000050005B4  ,"ESQUINERO 900*50*50  ",OTRO,LISTA
14234,TER09000050005B4  ,"ESQUINERO 900*50*50  ",TROZADO,LISTA
14234,TER09000050005B4  ,"ESQUINERO 900*50*50  ",OTRO,LISTA
14234,TER09000050005B4  ,"ESQUINERO 900*50*50  ",OTRO,LISTA
14234,TER09000050005B4  ,"ESQUINERO 900*50*50  ",TROZADO,LISTA
14234,TER09000050005B4  ,"ESQUINERO 900*50*50  ",OTRO,LISTA
14234,TER09000050005B4  ,"ESQUINERO 900*50*50  ",OTRO,LISTA
14234,TER09000050005B4  ,"ESQUINERO 900*50*50  ",TROZADO,LISTA
14234,TER09000050005B4  ,"ESQUINERO 900*50*50  ",OTRO,LISTA
14234,TER09000050005B4  ,"ESQUINERO 900*50*50  ",OTRO,LISTA
14234,TER09000050005B4  ,"ESQUINERO 900*50*50  ",TROZADO,LISTA
14234,TER09000050005B4  ,"ESQUINERO 900*50*50  ",OTRO,LISTA
14234,TER09000050005B4  ,"ESQUINERO 900*50*50  ",OTRO,LISTA
14234,TER09000050005B4  ,"ESQUINERO 900*50*50  ",TROZADO,LISTA
14234,TER09000050005B4  ,"ESQUINERO 900*50*50  ",OTRO,LISTA
14234,TER09000050005B4  ,"ESQUINERO 900*50*50  ",OTRO,LISTA
14234,TER09000050005B4  ,"ESQUINERO 900*50*50  ",TROZADO,LISTA
14234,TER09000050005B4  ,"ESQUINERO 900*50*50  ",OTRO,LISTA
14234,TER09000050005B4  ,"ESQUINERO 900*50*50  ",OTRO,LISTA
14234,TER09000050005B4  ,"ESQUINERO 900*50*50  ",TROZADO,LISTA
14234,TER09000050005B4  ,"ESQUINERO 900*50*50  ",OTRO,LISTA
14234,TER09000050005B4  ,"ESQUINERO 900*50*50  ",OTRO,LISTA
14234,TER09000050005B4  ,"ESQUINERO 900*50*50  ",TROZADO,LISTA
14234,TER09000050005B4  ,"ESQUINERO 900*50*50  ",OTRO,LISTA
14234,TER09000050005B4  ,"ESQUINERO 900*50*50  ",OTRO,LISTA
14234,TER09000050005B4  ,"ESQUINERO 900*50*50  ",TROZADO,LISTA
14234,TER09000050005B4  ,"ESQUINERO 900*50*50  ",OTRO,LISTA
14234,TER09000050005B4  ,"ESQUINERO 900*50*50  ",OTRO,LISTA
14234,TER09000050005B4  ,"ESQUINERO 900*50*50  ",TROZADO,LISTA
14234,TER09000050005B4  ,"ESQUINERO 900*50*50  ",OTRO,LISTA
14234,TER09000050005B4  ,"ESQUINERO 900*50*50  ",OTRO,LISTA
14234,TER09000050005B4  ,"ESQUINERO 900*50*50  ",TROZADO,LISTA
14234,TER09000050005B4  ,"ESQUINERO 900*50*50  ",OTRO,LISTA
14234,TER09000050005B4  ,"ESQUINERO 900*50*50  ",OTRO,LISTA
14234,TER09000050005B4  ,"ESQUINERO 900*50*50  ",TROZADO,LISTA
14234,TER09000050005B4  ,"ESQUINERO 900*50*50  ",OTRO,LISTA
14234,TER09000050005B4  ,"ESQUINERO 900*50*50  ",OTRO,LISTA
14234,TER09000050005B4  ,"ESQUINERO 900*50*50  ",TROZADO,LISTA
14234,TER09000050005B4  ,"ESQUINERO 900*50*50  ",OTRO,LISTA
14234,TER09000050005B4  ,"ESQUINERO 900*50*50  ",OTRO,LISTA
14234,TER09000050005B4  ,"ESQUINERO 900*50*50  ",TROZADO,LISTA
14234,TER09000050005B4  ,"ESQUINERO 900*50*50  ",OTRO,LISTA
14234,TER09000050005B4  ,"ESQUINERO 900*50*50  ",OTRO,LISTA
14234,TER09000050005B4  ,"ESQUINERO 900*50*50  ",TROZADO,LISTA
14234,TER09000050005B4  ,"ESQUINERO 900*50*50  ",OTRO,LISTA
14234,TER09000050005B4  ,"ESQUINERO 900*50*50  ",OTRO,LISTA
14234,TER09000050005B4  ,"ESQUINERO 900*50*50  ",TROZADO,LISTA
14234,TER09000050005B4  ,"ESQUINERO 900*50*50  ",OTRO,LISTA
14234,TER09000050005B4  ,"ESQUINERO 900*50*50  ",OTRO,LISTA
14234,TER09000050005B4  ,"ESQUINERO 900*50*50  ",TROZADO,LISTA
14234,TER09000050005B4  ,"ESQUINERO 900*50*50  ",OTRO,LISTA
14234,TER09000050005B4  ,"ESQUINERO 900*50*50  ",OTRO,LISTA
14234,TER09000050005B4  ,"ESQUINERO 900*50*50  ",TROZADO,LISTA
14234,TER09000050005B4  ,"ESQUINERO 900*50*50  ",OTRO,LISTA
14234,TER09000050005B4  ,"ESQUINERO 900*50*50  ",OTRO,LISTA
14234,TER09000050005B4  ,"ESQUINERO 900*50*50  ",TROZADO,LISTA
14234,TER09000050005B4  ,"ESQUINERO 900*50*50  ",OTRO,LISTA
14234,TER09000050005B4  ,"ESQUINERO 900*50*50  ",OTRO,LISTA
14234,TER09000050005B4  ,"ESQUINERO 900*50*50  ",TROZADO,LISTA
14234,TER09000050005B4  ,"ESQUINERO 900*50*50  ",OTRO,LISTA
14234,TER09000050005B4  ,"ESQUINERO 900*50*50  ",OTRO,LISTA
14234,TER09000050005B4  ,"ESQUINERO 900*50*50  ",TROZADO,LISTA
14234,TER09000050005B4  ,"ESQUINERO 900*50*50  ",OTRO,LISTA
14234,TER09000050005B4  ,"ESQUINERO 900*50*50  ",OTRO,LISTA
14234,TER09000050005B4  ,"ESQUINERO 900*50*50  ",TROZADO,LISTA
14234,TER09000050005B4  ,"ESQUINERO 900*50*50  ",OTRO,LISTA
14234,TER09000050005B4  ,"ESQUINERO 900*50*50  ",OTRO,LISTA
14234,TER09000050005B4  ,"ESQUINERO 900*50*50  ",TROZADO,LISTA
14234,TER09000050005B4  ,"ESQUINERO 900*50*50  ",OTRO,LISTA
14234,TER09000050005B4  ,"ESQUINERO 900*50*50  ",OTRO,LISTA
14234,TER09000050005B4  ,"ESQUINERO 900*50*50  ",TROZADO,LISTA
14234,TER09000050005B4  ,"ESQUINERO 900*50*50  ",OTRO,LISTA
14234,TER09000050005B4  ,"ESQUINERO 900*50*50  ",OTRO,LISTA
14234,TER09000050005B4  ,"ESQUINERO 900*50*50  ",TROZADO,LISTA
14234,TER09000050005B4  ,"ESQUINERO 900*50*50  ",OTRO,LISTA
14234,TER09000050005B4  ,"ESQUINERO 900*50*50  ",OTRO,LISTA
14234,TER09000050005B4  ,"ESQUINERO 900*50*50  ",TROZADO,LISTA
14234,TER09000050005B4  ,"ESQUINERO 900*50*50  ",OTRO,LISTA
14234,TER09000050005B4  ,"ESQUINERO 900*50*50  ",OTRO,LISTA
14234,TER09000050005B4  ,"ESQUINERO 900*50*50  ",TROZADO,LISTA
14234,TER09000050005B4  ,"ESQUINERO 900*50*50  ",OTRO,LISTA
14234,TER09000050005B4  ,"ESQUINERO 900*50*50  ",OTRO,LISTA
14234,TER09000050005B4  ,"ESQUINERO 900*50*50  ",TROZADO,LISTA
14234,TER09000050005B4  ,"ESQUINERO 900*50*50  ",OTRO,LISTA
14234,TER09000050005B4  ,"ESQUINERO 900*50*50  ",OTRO,LISTA
14234,TER09000050005B4  ,"ESQUINERO 900*50*50  ",TROZADO,LISTA
14234,TER09000050005B4  ,"ESQUINERO 900*50*50  ",OTRO,LISTA
14234,TER09000050005B4  ,"ESQUINERO 900*50*50  ",OTRO,LISTA
14234,TER09000050005B4  ,"ESQUINERO 900*50*50  ",TROZADO,LISTA
14234,TER09000050005B4  ,"ESQUINERO 900*50*50  ",OTRO,LISTA
14234,TER09000050005B4  ,"ESQUINERO 900*50*50  ",OTRO,LISTA
14234,TER09000050005B4  ,"ESQUINERO 900*50*50  ",TROZADO,LISTA
14234,TER09000050005B4  ,"ESQUINERO 900*50*50  ",OTRO,LISTA
14234,TER09000050005B4  ,"ESQUINERO 900*50*50  ",OTRO,LISTA
14234,TER09000050005B4  ,"ESQUINERO 900*50*50  ",TROZADO,LISTA
14234,TER09000050005B4  ,"ESQUINERO 900*50*50  ",OTRO,LISTA
14234,TER09000050005B4  ,"ESQUINERO 900*50*50  ",OTRO,LISTA
14234,TER09000050005B4  ,"ESQUINERO 900*50*50  ",TROZADO,LISTA
14234,TER09000050005B4  ,"ESQUINERO 900*50*50  ",OTRO,LISTA
14234,TER09000050005B4  ,"ESQUINERO 900*50*50  ",OTRO,LISTA
14234,TER09000050005B4  ,"ESQUINERO 900*50*50  ",TROZADO,LISTA
14234,TER09000050005B4  ,"ESQUINERO 900*50*50  ",OTRO,LISTA
14234,TER09000050005B4  ,"ESQUINERO 900*50*50  ",OTRO,LISTA
14234,TER09000050005B4  ,"ESQUINERO 900*50*50  ",TROZADO,LISTA
14234,TER09000050005B4  ,"ESQUINERO 900*50*50  ",OTRO,LISTA
14234,TER09000050005B4  ,"ESQUINERO 900*50*50  ",OTRO,LISTA
14234,TER09000050005B4  ,"ESQUINERO 900*50*50  ",TROZADO,LISTA
14234,TER09000050005B4  ,"ESQUINERO 900*50*50  ",OTRO,LISTA
14234,TER09000050005B4  ,"ESQUINERO 900*50*50  ",OTRO,LISTA
14234,TER09000050005B4  ,"ESQUINERO 900*50*50  ",TROZADO,LISTA
14234,TER09000050005B4  ,"ESQUINERO 900*50*50  ",OTRO,LISTA
14234,TER09000050005B4  ,"ESQUINERO 900*50*50  ",OTRO,LISTA
14234,TER09000050005B4  ,"ESQUINERO 900*50*50  ",TROZADO,LISTA
14234,TER09000050005B4  ,"ESQUINERO 900*50*50  ",OTRO,LISTA
14234,TER09000050005B4  ,"ESQUINERO 900*50*50  ",OTRO,LISTA
14234,TER09000050005B4  ,"ESQUINERO 900*50*50  ",TROZADO,LISTA
14234,TER09000050005B4  ,"ESQUINERO 900*50*50  ",OTRO,LISTA
14234,TER09000050005B4  ,"ESQUINERO 900*50*50  ",OTRO,LISTA
14234,TER09000050005B4  ,"ESQUINERO 900*50*50  ",TROZADO,LISTA
14234,TER09000050005B4  ,"ESQUINERO 900*50*50  ",OTRO,LISTA
14234,TER09000050005B4  ,"ESQUINERO 900*50*50  ",OTRO,LISTA
14234,TER09000050005B4  ,"ESQUINERO 900*50*50  ",TROZADO,LISTA
14234,TER09000050005B4  ,"ESQUINERO 900*50*50  ",OTRO,LISTA
14234,TER09000050005B4  ,"ESQUINERO 900*50*50  ",OTRO,LISTA
14234,TER09000050005B4  ,"ESQUINERO 900*50*50  ",TROZADO,LISTA
14234,TER09000050005B4  ,"ESQUINERO 900*50*50  ",OTRO,LISTA
14234,TER09000050005B4  ,"ESQUINERO 900*50*50  ",OTRO,LISTA
14234,TER09000050005B4  ,"ESQUINERO 900*50*50  ",TROZADO,LISTA
14234,TER09000050005B4  ,"ESQUINERO 900*50*50  ",OTRO,LISTA
14234,TER09000050005B4  ,"ESQUINERO 900*50*50  ",OTRO,LISTA
14234,TER09000050005B4  ,"ESQUINERO 900*50*50  ",TROZADO,LISTA
14234,TER09000050005B4  ,"ESQUINERO 900*50*50  ",OTRO,LISTA
14234,TER09000050005B4  ,"ESQUINERO 900*50*50  ",OTRO,LISTA
14234,TER09000050005B4  ,"ESQUINERO 900*50*50  ",TROZADO,LISTA
14234,TER09000050005B4  ,"ESQUINERO 900*50*50  ",OTRO,LISTA
14234,TER09000050005B4  ,"ESQUINERO 900*50*50  ",OTRO,LISTA
14234,TER09000050005B4  ,"ESQUINERO 900*50*50  ",TROZADO,LISTA
14234,TER09000050005B4  ,"ESQUINERO 900*50*50  ",OTRO,LISTA
14234,TER09000050005B4  ,"ESQUINERO 900*50*50  ",OTRO,LISTA
14234,TER09000050005B4  ,"ESQUINERO 900*50*50  ",TROZADO,LISTA
14234,TER09000050005B4  ,"ESQUINERO 900*50*50  ",OTRO,LISTA
14234,TER09000050005B4  ,"ESQUINERO 900*50*50  ",OTRO,LISTA
14234,TER09000050005B4  ,"ESQUINERO 900*50*50  ",TROZADO,LISTA
14234,TER09000050005B4  ,"ESQUINERO 900*50*50  ",OTRO,LISTA
14234,TER09000050005B4  ,"ESQUINERO 900*50*50  ",OTRO,LISTA
14234,TER09000050005B4  ,"ESQUINERO 900*50*50  ",TROZADO,LISTA
14234,TER09000050005B4  ,"ESQUINERO 900*50*50  ",OTRO,LISTA
14234,TER09000050005B4  ,"ESQUINERO 900*50*50  ",OTRO,LISTA
14234,TER09000050005B4  ,"ESQUINERO 900*50*50  ",TROZADO,LISTA
14234,TER09000050005B4  ,"ESQUINERO 900*50*50  ",OTRO,LISTA
14234,TER09000050005B4  ,"ESQUINERO 900*50*50  ",OTRO,LISTA
14234,TER09000050005B4  ,"ESQUINERO 900*50*50  ",TROZADO,LISTA
14234,TER09000050005B4  ,"ESQUINERO 900*50*50  ",OTRO,LISTA
14234,TER09000050005B4  ,"ESQUINERO 900*50*50  ",OTRO,LISTA
14234,TER09000050005B4  ,"ESQUINERO 900*50*50  ",TROZADO,LISTA
14234,TER09000050005B4  ,"ESQUINERO 900*50*50  ",OTRO,LISTA
14234,TER09000050005B4  ,"ESQUINERO 900*50*50  ",OTRO,LISTA
14234,TER09000050005B4  ,"ESQUINERO 900*50*50  ",TROZADO,LISTA
14234,TER09000050005B4  ,"ESQUINERO 900*50*50  ",OTRO,LISTA
14234,TER09000050005B4  ,"ESQUINERO 900*50*50  ",OTRO,LISTA
14234,TER09000050005B4  ,"ESQUINERO 900*50*50  ",TROZADO,LISTA
14234,TER09000050005B4  ,"ESQUINERO 900*50*50  ",OTRO,LISTA
14234,TER09000050005B4  ,"ESQUINERO 900*50*50  ",OTRO,LISTA
14234,TER09000050005B4  ,"ESQUINERO 900*50*50  ",TROZADO,LISTA
14234,TER09000050005B4  ,"ESQUINERO 900*50*50  ",OTRO,LISTA
14234,TER09000050005B4  ,"ESQUINERO 900*50*50  ",OTRO,LISTA
14234,TER09000050005B4  ,"ESQUINERO 900*50*50  ",TROZADO,LISTA
14234,TER09000050005B4  ,"ESQUINERO 900*50*50  ",OTRO,LISTA
14234,TER09000050005B4  ,"ESQUINERO 900*50*50  ",OTRO,LISTA
14234,TER09000050005B4  ,"ESQUINERO 900*50*50  ",TROZADO,LISTA
14234,TER09000050005B4  ,"ESQUINERO 900*50*50  ",OTRO,LISTA
14234,TER09000050005B4  ,"ESQUINERO 900*50*50  ",OTRO,LISTA
14234,TER09000050005B4  ,"ESQUINERO 900*50*50  ",TROZADO,LISTA
14234,TER09000050005B4  ,"ESQUINERO 900*50*50  ",OTRO,LISTA
14234,TER09000050005B4  ,"ESQUINERO 900*50*50  ",OTRO,LISTA
14234,TER09000050005B4  ,"ESQUINERO 900*50*50  ",TROZADO,LISTA
14234,TER09000050005B4  ,"ESQUINERO 900*50*50  ",OTRO,LISTA
14234,TER09000050005B4  ,"ESQUINERO 900*50*50  ",OTRO,LISTA
14234,TER09000050005B4  ,"ESQUINERO 900*50*50  ",TROZADO,LISTA
14234,TER09000050005B4  ,"ESQUINERO 900*50*50  ",OTRO,LISTA
14234,TER09000050005B4  ,"ESQUINERO 900*50*50  ",OTRO,LISTA
14234,TER09000050005B4  ,"ESQUINERO 900*50*50  ",TROZADO,LISTA
14234,TER09000050005B4  ,"ESQUINERO 900*50*50  ",OTRO,LISTA
14234,TER09000050005B4  ,"ESQUINERO 900*50*50  ",OTRO,LISTA
14234,TER09000050005B4  ,"ESQUINERO 900*50*50  ",TROZADO,LISTA
14234,TER09000050005B4  ,"ESQUINERO 900*50*50  ",OTRO,LISTA
14234,TER09000050005B4  ,"ESQUINERO 900*50*50  ",OTRO,LISTA
14234,TER09000050005B4  ,"ESQUINERO 900*50*50  ",TROZADO,LISTA
14234,TER09000050005B4  ,"ESQUINERO 900*50*50  ",OTRO,LISTA
14234,TER09000050005B4  ,"ESQUINERO 900*50*50  ",OTRO,LISTA
14234,TER09000050005B4  ,"ESQUINERO 900*50*50  ",TROZADO,LISTA
14234,TER09000050005B4  ,"ESQUINERO 900*50*50  ",OTRO,LISTA
14234,TER09000050005B4  ,"ESQUINERO 900*50*50  ",OTRO,LISTA
14234,TER09000050005B4  ,"ESQUINERO 900*50*50  ",TROZADO,LISTA
14234,TER09000050005B4  ,"ESQUINERO 900*50*50  ",OTRO,LISTA
14234,TER09000050005B4  ,"ESQUINERO 900*50*50  ",OTRO,LISTA
14234,TER09000050005B4  ,"ESQUINERO 900*50*50  ",TROZADO,LISTA
14234,TER09000050005B4  ,"ESQUINERO 900*50*50  ",OTRO,LISTA
14234,TER09000050005B4  ,"ESQUINERO 900*50*50  ",OTRO,LISTA
14234,TER09000050005B4  ,"ESQUINERO 900*50*50  ",TROZADO,LISTA
14234,TER09000050005B4  ,"ESQUINERO 900*50*50  ",OTRO,LISTA
14234,TER09000050005B4  ,"ESQUINERO 900*50*50  ",OTRO,LISTA
14234,TER09000050005B4  ,"ESQUINERO 900*50*50  ",TROZADO,LISTA
14234,TER09000050005B4  ,"ESQUINERO 900*50*50  ",OTRO,LISTA
14234,TER09000050005B4  ,"ESQUINERO 900*50*50  ",OTRO,LISTA
14234,TER09000050005B4  ,"ESQUINERO 900*50*50  ",TROZADO,LISTA
14234,TER09000050005B4  ,"ESQUINERO 900*50*50  ",OTRO,LISTA
14234,TER09000050005B4  ,"ESQUINERO 900*50*50  ",OTRO,LISTA
14234,TER09000050005B4  ,"ESQUINERO 900*50*50  ",TROZADO,LISTA
14234,TER09000050005B4  ,"ESQUINERO 900*50*50  ",OTRO,LISTA
14234,TER09000050005B4  ,"ESQUINERO 900*50*50  ",OTRO,LISTA
14234,TER09000050005B4  ,"ESQUINERO 900*50*50  ",TROZADO,LISTA
14234,TER09000050005B4  ,"ESQUINERO 900*50*50  ",OTRO,LISTA
14234,TER09000050005B4  ,"ESQUINERO 900*50*50  ",OTRO,LISTA
14234,TER09000050005B4  ,"ESQUINERO 900*50*50  ",TROZADO,LISTA
14234,TER09000050005B4  ,"ESQUINERO 900*50*50  ",OTRO,LISTA
14234,TER09000050005B4  ,"ESQUINERO 900*50*50  ",OTRO,LISTA
14234,TER09000050005B4  ,"ESQUINERO 900*50*50  ",TROZADO,LISTA
14234,TER09000050005B4  ,"ESQUINERO 900*50*50  ",OTRO,LISTA
14234,TER09000050005B4  ,"ESQUINERO 900*50*50  ",OTRO,LISTA
14234,TER09000050005B4  ,"ESQUINERO 900*50*50  ",TROZADO,LISTA
14234,TER09000050005B4  ,"ESQUINERO 900*50*50  ",OTRO,LISTA
14234,TER09000050005B4  ,"ESQUINERO 900*50*50  ",OTRO,LISTA
14234,TER09000050005B4  ,"ESQUINERO 900*50*50  ",TROZADO,LISTA
14234,TER09000050005B4  ,"ESQUINERO 900*50*50  ",OTRO,LISTA
14234,TER09000050005B4  ,"ESQUINERO 900*50*50  ",OTRO,LISTA
14234,TER09000050005B4  ,"ESQUINERO 900*50*50  ",TROZADO,LISTA
14234,TER09000050005B4  ,"ESQUINERO 900*50*50  ",OTRO,LISTA
14234,TER09000050005B4  ,"ESQUINERO 900*50*50  ",OTRO,LISTA
14234,TER09000050005B4  ,"ESQUINERO 900*50*50  ",TROZADO,LISTA
14234,TER09000050005B4  ,"ESQUINERO 900*50*50  ",OTRO,LISTA
14234,TER09000050005B4  ,"ESQUINERO 900*50*50  ",OTRO,LISTA
14234,TER09000050005B4  ,"ESQUINERO 900*50*50  ",TROZADO,LISTA
14234,TER09000050005B4  ,"ESQUINERO 900*50*50  ",OTRO,LISTA
14234,TER09000050005B4  ,"ESQUINERO 900*50*50  ",OTRO,LISTA
14234,TER09000050005B4  ,"ESQUINERO 900*50*50  ",TROZADO,LISTA
14234,TER09000050005B4  ,"ESQUINERO 900*50*50  ",OTRO,LISTA
14234,TER09000050005B4  ,"ESQUINERO 900*50*50  ",OTRO,LISTA
14234,TER09000050005B4  ,"ESQUINERO 900*50*50  ",TROZADO,LISTA
14234,TER09000050005B4  ,"ESQUINERO 900*50*50  ",OTRO,LISTA
14234,TER09000050005B4  ,"ESQUINERO 900*50*50  ",OTRO,LISTA
14234,TER09000050005B4  ,"ESQUINERO 900*50*50  ",TROZADO,LISTA
14234,TER09000050005B4  ,"ESQUINERO 900*50*50  ",OTRO,LISTA
14234,TER09000050005B4  ,"ESQUINERO 900*50*50  ",OTRO,LISTA
14234,TER09000050005B4  ,"ESQUINERO 900*50*50  ",TROZADO,LISTA
14234,TER09000050005B4  ,"ESQUINERO 900*50*50  ",OTRO,LISTA
14234,TER09000050005B4  ,"ESQUINERO 900*50*50  ",OTRO,LISTA
14234,TER09000050005B4  ,"ESQUINERO 900*50*50  ",TROZADO,LISTA
14234,TER09000050005B4  ,"ESQUINERO 900*50*50  ",OTRO,LISTA
14234,TER09000050005B4  ,"ESQUINERO 900*50*50  ",OTRO,LISTA
14234,TER09000050005B4  ,"ESQUINERO 900*50*50  ",TROZADO,LISTA
14234,TER09000050005B4  ,"ESQUINERO 900*50*50  ",OTRO,LISTA
14234,TER09000050005B4  ,"ESQUINERO 900*50*50  ",OTRO,LISTA
14234,TER09000050005B4  ,"ESQUINERO 900*50*50  ",TROZADO,LISTA
14234,TER09000050005B4  ,"ESQUINERO 900*50*50  ",OTRO,LISTA
14234,TER09000050005B4  ,"ESQUINERO 900*50*50  ",OTRO,LISTA
14234,TER09000050005B4  ,"ESQUINERO 900*50*50  ",TROZADO,LISTA
14234,TER09000050005B4  ,"ESQUINERO 900*50*50  ",OTRO,LISTA
14234,TER09000050005B4  ,"ESQUINERO 900*50*50  ",OTRO,LISTA
14234,TER09000050005B4  ,"ESQUINERO 900*50*50  ",TROZADO,LISTA
14234,TER09000050005B4  ,"ESQUINERO 900*50*50  ",OTRO,LISTA
14234,TER09000050005B4  ,"ESQUINERO 900*50*50  ",OTRO,LISTA
14234,TER09000050005B4  ,"ESQUINERO 900*50*50  ",TROZADO,LISTA
14234,TER09000050005B4  ,"ESQUINERO 900*50*50  ",OTRO,LISTA
14234,TER09000050005B4  ,"ESQUINERO 900*50*50  ",OTRO,LISTA
14234,TER09000050005B4  ,"ESQUINERO 900*50*50  ",TROZADO,LISTA
14234,TER09000050005B4  ,"ESQUINERO 900*50*50  ",OTRO,LISTA
14234,TER09000050005B4  ,"ESQUINERO 900*50*50  ",OTRO,LISTA
14234,TER09000050005B4  ,"ESQUINERO 900*50*50  ",TROZADO,LISTA
14234,TER09000050005B4  ,"ESQUINERO 900*50*50  ",OTRO,LISTA
14234,TER09000050005B4  ,"ESQUINERO 900*50*50  ",OTRO,LISTA
14234,TER09000050005B4  ,"ESQUINERO 900*50*50  ",TROZADO,LISTA
14234,TER09000050005B4  ,"ESQUINERO 900*50*50  ",OTRO,LISTA
14234,TER09000050005B4  ,"ESQUINERO 900*50*50  ",OTRO,LISTA
14234,TER09000050005B4  ,"ESQUINERO 900*50*50  ",TROZADO,LISTA
14234,TER09000050005B4  ,"ESQUINERO 900*50*50  ",OTRO,LISTA
14234,TER09000050005B4  ,"ESQUINERO 900*50*50  ",OTRO,LISTA
14234,TER09000050005B4  ,"ESQUINERO 900*50*50  ",TROZADO,LISTA
14234,TER09000050005B4  ,"ESQUINERO 900*50*50  ",OTRO,LISTA
14234,TER09000050005B4  ,"ESQUINERO 900*50*50  ",OTRO,LISTA
14234,TER09000050005B4  ,"ESQUINERO 900*50*50  ",TROZADO,LISTA
14234,TER09000050005B4  ,"ESQUINERO 900*50*50  ",OTRO,LISTA
14234,TER09000050005B4  ,"ESQUINERO 900*50*50  ",OTRO,LISTA
14234,TER09000050005B4  ,"ESQUINERO 900*50*50  ",TROZADO,LISTA
14234,TER09000050005B4  ,"ESQUINERO 900*50*50  ",OTRO,LISTA
14234,TER09000050005B4  ,"ESQUINERO 900*50*50  ",OTRO,LISTA
14234,TER09000050005B4  ,"ESQUINERO 900*50*50  ",TROZADO,LISTA
14234,TER09000050005B4  ,"ESQUINERO 900*50*50  ",OTRO,LISTA
14234,TER09000050005B4  ,"ESQUINERO 900*50*50  ",OTRO,LISTA
14234,TER09000050005B4  ,"ESQUINERO 900*50*50  ",TROZADO,LISTA
14234,TER09000050005B4  ,"ESQUINERO 900*50*50  ",OTRO,LISTA
14234,TER09000050005B4  ,"ESQUINERO 900*50*50  ",OTRO,LISTA
14234,TER09000050005B4  ,"ESQUINERO 900*50*50  ",TROZADO,LISTA
14234,TER09000050005B4  ,"ESQUINERO 900*50*50  ",OTRO,LISTA
14234,TER09000050005B4  ,"ESQUINERO 900*50*50  ",OTRO,LISTA
14234,TER09000050005B4  ,"ESQUINERO 900*50*50  ",TROZADO,LISTA
14234,TER09000050005B4  ,"ESQUINERO 900*50*50  ",OTRO,LISTA
14234,TER09000050005B4  ,"ESQUINERO 900*50*50  ",OTRO,LISTA
14234,TER09000050005B4  ,"ESQUINERO 900*50*50  ",TROZADO,LISTA
14234,TER09000050005B4  ,"ESQUINERO 900*50*50  ",OTRO,LISTA
14234,TER09000050005B4  ,"ESQUINERO 900*50*50  ",OTRO,LISTA
14234,TER09000050005B4  ,"ESQUINERO 900*50*50  ",TROZADO,LISTA
14234,TER09000050005B4  ,"ESQUINERO 900*50*50  ",OTRO,LISTA
14234,TER09000050005B4  ,"ESQUINERO 900*50*50  ",OTRO,LISTA
14234,TER09000050005B4  ,"ESQUINERO 900*50*50  ",TROZADO,LISTA
14234,TER09000050005B4  ,"ESQUINERO 900*50*50  ",OTRO,LISTA
14234,TER09000050005B4  ,"ESQUINERO 900*50*50  ",OTRO,LISTA
14234,TER09000050005B4  ,"ESQUINERO 900*50*50  ",TROZADO,LISTA
14234,TER09000050005B4  ,"ESQUINERO 900*50*50  ",OTRO,LISTA
14234,TER09000050005B4  ,"ESQUINERO 900*50*50  ",OTRO,LISTA
14234,TER09000050005B4  ,"ESQUINERO 900*50*50  ",TROZADO,LISTA
14234,TER09000050005B4  ,"ESQUINERO 900*50*50  ",OTRO,LISTA
14234,TER09000050005B4  ,"ESQUINERO 900*50*50  ",OTRO,LISTA
14234,TER09000050005B4  ,"ESQUINERO 900*50*50  ",TROZADO,LISTA
14234,TER09000050005B4  ,"ESQUINERO 900*50*50  ",OTRO,LISTA
14234,TER09000050005B4  ,"ESQUINERO 900*50*50  ",OTRO,LISTA
14234,TER09000050005B4  ,"ESQUINERO 900*50*50  ",TROZADO,LISTA
14234,TER09000050005B4  ,"ESQUINERO 900*50*50  ",OTRO,LISTA
14234,TER09000050005B4  ,"ESQUINERO 900*50*50  ",OTRO,LISTA
14234,TER09000050005B4  ,"ESQUINERO 900*50*50  ",TROZADO,LISTA
14234,TER09000050005B4  ,"ESQUINERO 900*50*50  ",OTRO,LISTA
14234,TER09000050005B4  ,"ESQUINERO 900*50*50  ",OTRO,LISTA
14234,TER09000050005B4  ,"ESQUINERO 900*50*50  ",TROZADO,LISTA
14234,TER09000050005B4  ,"ESQUINERO 900*50*50  ",OTRO,LISTA
14234,TER09000050005B4  ,"ESQUINERO 900*50*50  ",OTRO,LISTA
14234,TER09000050005B4  ,"ESQUINERO 900*50*50  ",TROZADO,LISTA
14234,TER09000050005B4  ,"ESQUINERO 900*50*50  ",OTRO,LISTA
14234,TER09000050005B4  ,"ESQUINERO 900*50*50  ",OTRO,LISTA
14234,TER09000050005B4  ,"ESQUINERO 900*50*50  ",TROZADO,LISTA
14234,TER09000050005B4  ,"ESQUINERO 900*50*50  ",OTRO,LISTA
14234,TER09000050005B4  ,"ESQUINERO 900*50*50  ",OTRO,LISTA
14234,TER09000050005B4  ,"ESQUINERO 900*50*50  ",TROZADO,LISTA
14234,TER09000050005B4  ,"ESQUINERO 900*50*50  ",OTRO,LISTA
14234,TER09000050005B4  ,"ESQUINERO 900*50*50  ",OTRO,LISTA
14234,TER09000050005B4  ,"ESQUINERO 900*50*50  ",TROZADO,LISTA
14234,TER09000050005B4  ,"ESQUINERO 900*50*50  ",OTRO,LISTA
14234,TER09000050005B4  ,"ESQUINERO 900*50*50  ",OTRO,LISTA
14234,TER09000050005B4  ,"ESQUINERO 900*50*50  ",TROZADO,LISTA
14234,TER09000050005B4  ,"ESQUINERO 900*50*50  ",OTRO,LISTA
14234,TER09000050005B4  ,"ESQUINERO 900*50*50  ",OTRO,LISTA
14234,TER09000050005B4  ,"ESQUINERO 900*50*50  ",TROZADO,LISTA
14234,TER09000050005B4  ,"ESQUINERO 900*50*50  ",OTRO,LISTA
14234,TER09000050005B4  ,"ESQUINERO 900*50*50  ",OTRO,LISTA
14234,TER09000050005B4  ,"ESQUINERO 900*50*50  ",TROZADO,LISTA
14234,TER09000050005B4  ,"ESQUINERO 900*50*50  ",OTRO,LISTA
14234,TER09000050005B4  ,"ESQUINERO 900*50*50  ",OTRO,LISTA
14234,TER09000050005B4  ,"ESQUINERO 900*50*50  ",TROZADO,LISTA
14234,TER09000050005B4  ,"ESQUINERO 900*50*50  ",OTRO,LISTA
14234,TER09000050005B4  ,"ESQUINERO 900*50*50  ",OTRO,LISTA
14234,TER09000050005B4  ,"ESQUINERO 900*50*50  ",TROZADO,LISTA
14234,TER09000050005B4  ,"ESQUINERO 900*50*50  ",OTRO,LISTA
14234,TER09000050005B4  ,"ESQUINERO 900*50*50  ",OTRO,LISTA
14234,TER09000050005B4  ,"ESQUINERO 900*50*50  ",TROZADO,LISTA
14234,TER09000050005B4  ,"ESQUINERO 900*50*50  ",OTRO,LISTA
14234,TER09000050005B4  ,"ESQUINERO 900*50*50  ",OTRO,LISTA
14234,TER09000050005B4  ,"ESQUINERO 900*50*50  ",TROZADO,LISTA
14234,TER09000050005B4  ,"ESQUINERO 900*50*50  ",OTRO,LISTA
14234,TER09000050005B4  ,"ESQUINERO 900*50*50  ",OTRO,LISTA
14234,TER09000050005B4  ,"ESQUINERO 900*50*50  ",TROZADO,LISTA
14234,TER09000050005B4  ,"ESQUINERO 900*50*50  ",OTRO,LISTA
14234,TER09000050005B4  ,"ESQUINERO 900*50*50  ",OTRO,LISTA
14234,TER09000050005B4  ,"ESQUINERO 900*50*50  ",TROZADO,LISTA
14234,TER09000050005B4  ,"ESQUINERO 900*50*50  ",OTRO,LISTA
14234,TER09000050005B4  ,"ESQUINERO 900*50*50  ",OTRO,LISTA
14234,TER09000050005B4  ,"ESQUINERO 900*50*50  ",TROZADO,LISTA
14234,TER09000050005B4  ,"ESQUINERO 900*50*50  ",OTRO,LISTA
14234,TER09000050005B4  ,"ESQUINERO 900*50*50  ",OTRO,LISTA
14234,TER09000050005B4  ,"ESQUINERO 900*50*50  ",TROZADO,LISTA
14234,TER09000050005B4  ,"ESQUINERO 900*50*50  ",OTRO,LISTA
14234,TER09000050005B4  ,"ESQUINERO 900*50*50  ",OTRO,LISTA
14234,TER09000050005B4  ,"ESQUINERO 900*50*50  ",TROZADO,LISTA
14234,TER09000050005B4  ,"ESQUINERO 900*50*50  ",OTRO,LISTA
14234,TER09000050005B4  ,"ESQUINERO 900*50*50  ",OTRO,LISTA
14234,TER09000050005B4  ,"ESQUINERO 900*50*50  ",TROZADO,LISTA
14234,TER09000050005B4  ,"ESQUINERO 900*50*50  ",OTRO,LISTA
14234,TER09000050005B4  ,"ESQUINERO 900*50*50  ",OTRO,LISTA
14234,TER09000050005B4  ,"ESQUINERO 900*50*50  ",TROZADO,LISTA
14234,TER09000050005B4  ,"ESQUINERO 900*50*50  ",OTRO,LISTA
14234,TER09000050005B4  ,"ESQUINERO 900*50*50  ",OTRO,LISTA
14234,TER09000050005B4  ,"ESQUINERO 900*50*50  ",TROZADO,LISTA
14234,TER09000050005B4  ,"ESQUINERO 900*50*50  ",OTRO,LISTA
14234,TER09000050005B4  ,"ESQUINERO 900*50*50  ",OTRO,LISTA
14234,TER09000050005B4  ,"ESQUINERO 900*50*50  ",TROZADO,LISTA
14234,TER09000050005B4  ,"ESQUINERO 900*50*50  ",OTRO,LISTA
14234,TER09000050005B4  ,"ESQUINERO 900*50*50  ",OTRO,LISTA
14234,TER09000050005B4  ,"ESQUINERO 900*50*50  ",TROZADO,LISTA
14234,TER09000050005B4  ,"ESQUINERO 900*50*50  ",OTRO,LISTA
14234,TER09000050005B4  ,"ESQUINERO 900*50*50  ",OTRO,LISTA
14234,TER09000050005B4  ,"ESQUINERO 900*50*50  ",TROZADO,LISTA
14234,TER09000050005B4  ,"ESQUINERO 900*50*50  ",OTRO,LISTA
14234,TER09000050005B4  ,"ESQUINERO 900*50*50  ",OTRO,LISTA
14234,TER09000050005B4  ,"ESQUINERO 900*50*50  ",TROZADO,LISTA
14234,TER09000050005B4  ,"ESQUINERO 900*50*50  ",OTRO,LISTA
14234,TER09000050005B4  ,"ESQUINERO 900*50*50  ",OTRO,LISTA
14234,TER09000050005B4  ,"ESQUINERO 900*50*50  ",TROZADO,LISTA
14234,TER09000050005B4  ,"ESQUINERO 900*50*50  ",OTRO,LISTA
14234,TER09000050005B4  ,"ESQUINERO 900*50*50  ",OTRO,LISTA
14234,TER09000050005B4  ,"ESQUINERO 900*50*50  ",TROZADO,LISTA
14234,TER09000050005B4  ,"ESQUINERO 900*50*50  ",OTRO,LISTA
14234,TER09000050005B4  ,"ESQUINERO 900*50*50  ",OTRO,LISTA
14234,TER09000050005B4  ,"ESQUINERO 900*50*50  ",TROZADO,LISTA
14234,TER09000050005B4  ,"ESQUINERO 900*50*50  ",OTRO,LISTA
14234,TER09000050005B4  ,"ESQUINERO 900*50*50  ",OTRO,LISTA
14234,TER09000050005B4  ,"ESQUINERO 900*50*50  ",TROZADO,LISTA
14234,TER09000050005B4  ,"ESQUINERO 900*50*50  ",OTRO,LISTA
14234,TER09000050005B4  ,"ESQUINERO 900*50*50  ",OTRO,LISTA
14234,TER09000050005B4  ,"ESQUINERO 900*50*50  ",TROZADO,LISTA
14234,TER09000050005B4  ,"ESQUINERO 900*50*50  ",OTRO,LISTA
14234,TER09000050005B4  ,"ESQUINERO 900*50*50  ",OTRO,LISTA
14234,TER09000050005B4  ,"ESQUINERO 900*50*50  ",TROZADO,LISTA
14234,TER09000050005B4  ,"ESQUINERO 900*50*50  ",OTRO,LISTA
14234,TER09000050005B4  ,"ESQUINERO 900*50*50  ",OTRO,LISTA
14234,TER09000050005B4  ,"ESQUINERO 900*50*50  ",TROZADO,LISTA
14234,TER09000050005B4  ,"ESQUINERO 900*50*50  ",OTRO,LISTA
14234,TER09000050005B4  ,"ESQUINERO 900*50*50  ",OTRO,LISTA
14234,TER09000050005B4  ,"ESQUINERO 900*50*50  ",TROZADO,LISTA
14234,TER09000050005B4  ,"ESQUINERO 900*50*50  ",OTRO,LISTA
14234,TER09000050005B4  ,"ESQUINERO 900*50*50  ",OTRO,LISTA
14234,TER09000050005B4  ,"ESQUINERO 900*50*50  ",TROZADO,LISTA
14234,TER09000050005B4  ,"ESQUINERO 900*50*50  ",OTRO,LISTA
14234,TER09000050005B4  ,"ESQUINERO 900*50*50  ",OTRO,LISTA
14234,TER09000050005B4  ,"ESQUINERO 900*50*50  ",TROZADO,LISTA
14234,TER09000050005B4  ,"ESQUINERO 900*50*50  ",OTRO,LISTA
14234,TER09000050005B4  ,"ESQUINERO 900*50*50  ",OTRO,LISTA
14234,TER09000050005B4  ,"ESQUINERO 900*50*50  ",TROZADO,LISTA
14234,TER09000050005B4  ,"ESQUINERO 900*50*50  ",OTRO,LISTA
14234,TER09000050005B4  ,"ESQUINERO 900*50*50  ",OTRO,LISTA
14234,TER09000050005B4  ,"ESQUINERO 900*50*50  ",TROZADO,LISTA
14234,TER09000050005B4  ,"ESQUINERO 900*50*50  ",OTRO,LISTA
14234,TER09000050005B4  ,"ESQUINERO 900*50*50  ",OTRO,LISTA
14234,TER09000050005B4  ,"ESQUINERO 900*50*50  ",TROZADO,LISTA
14234,TER09000050005B4  ,"ESQUINERO 900*50*50  ",OTRO,LISTA
14234,TER09000050005B4  ,"ESQUINERO 900*50*50  ",OTRO,LISTA
14234,TER09000050005B4  ,"ESQUINERO 900*50*50  ",TROZADO,LISTA
14234,TER09000050005B4  ,"ESQUINERO 900*50*50  ",OTRO,LISTA
14234,TER09000050005B4  ,"ESQUINERO 900*50*50  ",OTRO,LISTA
14234,TER09000050005B4  ,"ESQUINERO 900*50*50  ",TROZADO,LISTA
14234,TER09000050005B4  ,"ESQUINERO 900*50*50  ",OTRO,LISTA
14234,TER09000050005B4  ,"ESQUINERO 900*50*50  ",OTRO,LISTA
14234,TER09000050005B4  ,"ESQUINERO 900*50*50  ",TROZADO,LISTA
14234,TER09000050005B4  ,"ESQUINERO 900*50*50  ",OTRO,LISTA
14234,TER09000050005B4  ,"ESQUINERO 900*50*50  ",OTRO,LISTA
14234,TER09000050005B4  ,"ESQUINERO 900*50*50  ",TROZADO,LISTA
14234,TER09000050005B4  ,"ESQUINERO 900*50*50  ",OTRO,LISTA
14234,TER09000050005B4  ,"ESQUINERO 900*50*50  ",OTRO,LISTA
14234,TER09000050005B4  ,"ESQUINERO 900*50*50  ",TROZADO,LISTA
14234,TER09000050005B4  ,"ESQUINERO 900*50*50  ",OTRO,LISTA
14234,TER09000050005B4  ,"ESQUINERO 900*50*50  ",OTRO,LISTA
14234,TER09000050005B4  ,"ESQUINERO 900*50*50  ",TROZADO,LISTA
14234,TER09000050005B4  ,"ESQUINERO 900*50*50  ",OTRO,LISTA
14234,TER09000050005B4  ,"ESQUINERO 900*50*50  ",OTRO,LISTA
14234,TER09000050005B4  ,"ESQUINERO 900*50*50  ",TROZADO,LISTA
14234,TER09000050005B4  ,"ESQUINERO 900*50*50  ",OTRO,LISTA
14234,TER09000050005B4  ,"ESQUINERO 900*50*50  ",OTRO,LISTA
14234,TER09000050005B4  ,"ESQUINERO 900*50*50  ",TROZADO,LISTA
14234,TER09000050005B4  ,"ESQUINERO 900*50*50  ",OTRO,LISTA
14234,TER09000050005B4  ,"ESQUINERO 900*50*50  ",OTRO,LISTA
14234,TER09000050005B4  ,"ESQUINERO 900*50*50  ",TROZADO,LISTA
14234,TER09000050005B4  ,"ESQUINERO 900*50*50  ",OTRO,LISTA
14234,TER09000050005B4  ,"ESQUINERO 900*50*50  ",OTRO,LISTA
14234,TER09000050005B4  ,"ESQUINERO 900*50*50  ",TROZADO,LISTA
14234,TER09000050005B4  ,"ESQUINERO 900*50*50  ",OTRO,LISTA
14234,TER09000050005B4  ,"ESQUINERO 900*50*50  ",OTRO,LISTA
14234,TER09000050005B4  ,"ESQUINERO 900*50*50  ",TROZADO,LISTA
14234,TER09000050005B4  ,"ESQUINERO 900*50*50  ",OTRO,LISTA
14234,TER09000050005B4  ,"ESQUINERO 900*50*50  ",OTRO,LISTA
14234,TER09000050005B4  ,"ESQUINERO 900*50*50  ",TROZADO,LISTA
14234,TER09000050005B4  ,"ESQUINERO 900*50*50  ",OTRO,LISTA
14234,TER09000050005B4  ,"ESQUINERO 900*50*50  ",OTRO,LISTA
14234,TER09000050005B4  ,"ESQUINERO 900*50*50  ",TROZADO,LISTA
14234,TER09000050005B4  ,"ESQUINERO 900*50*50  ",OTRO,LISTA
14234,TER09000050005B4  ,"ESQUINERO 900*50*50  ",OTRO,LISTA
14234,TER09000050005B4  ,"ESQUINERO 900*50*50  ",TROZADO,LISTA
14234,TER09000050005B4  ,"ESQUINERO 900*50*50  ",OTRO,LISTA
14234,TER09000050005B4  ,"ESQUINERO 900*50*50  ",OTRO,LISTA
14234,TER09000050005B4  ,"ESQUINERO 900*50*50  ",TROZADO,LISTA
14234,TER09000050005B4  ,"ESQUINERO 900*50*50  ",OTRO,LISTA
14234,TER09000050005B4  ,"ESQUINERO 900*50*50  ",OTRO,LISTA
14234,TER09000050005B4  ,"ESQUINERO 900*50*50  ",TROZADO,LISTA
14234,TER09000050005B4  ,"ESQUINERO 900*50*50  ",OTRO,LISTA
14234,TER09000050005B4  ,"ESQUINERO 900*50*50  ",OTRO,LISTA
14234,TER09000050005B4  ,"ESQUINERO 900*50*50  ",TROZADO,LISTA
14234,TER09000050005B4  ,"ESQUINERO 900*50*50  ",OTRO,LISTA
14234,TER09000050005B4  ,"ESQUINERO 900*50*50  ",OTRO,LISTA
14234,TER09000050005B4  ,"ESQUINERO 900*50*50  ",TROZADO,LISTA
14234,TER09000050005B4  ,"ESQUINERO 900*50*50  ",OTRO,LISTA
14234,TER09000050005B4  ,"ESQUINERO 900*50*50  ",OTRO,LISTA
14234,TER09000050005B4  ,"ESQUINERO 900*50*50  ",TROZADO,LISTA
14234,TER09000050005B4  ,"ESQUINERO 900*50*50  ",OTRO,LISTA
14234,TER09000050005B4  ,"ESQUINERO 900*50*50  ",OTRO,LISTA
14234,TER09000050005B4  ,"ESQUINERO 900*50*50  ",TROZADO,LISTA
14234,TER09000050005B4  ,"ESQUINERO 900*50*50  ",OTRO,LISTA
14234,TER09000050005B4  ,"ESQUINERO 900*50*50  ",OTRO,LISTA
14234,TER09000050005B4  ,"ESQUINERO 900*50*50  ",TROZADO,LISTA
14234,TER09000050005B4  ,"ESQUINERO 900*50*50  ",OTRO,LISTA
14234,TER09000050005B4  ,"ESQUINERO 900*50*50  ",OTRO,LISTA
14234,TER09000050005B4  ,"ESQUINERO 900*50*50  ",TROZADO,LISTA
14234,TER09000050005B4  ,"ESQUINERO 900*50*50  ",OTRO,LISTA
14234,TER09000050005B4  ,"ESQUINERO 900*50*50  ",OTRO,LISTA
14234,TER09000050005B4  ,"ESQUINERO 900*50*50  ",TROZADO,LISTA
14234,TER09000050005B4  ,"ESQUINERO 900*50*50  ",OTRO,LISTA
14234,TER09000050005B4  ,"ESQUINERO 900*50*50  ",OTRO,LISTA
14234,TER09000050005B4  ,"ESQUINERO 900*50*50  ",TROZADO,LISTA
14234,TER09000050005B4  ,"ESQUINERO 900*50*50  ",OTRO,LISTA
14234,TER09000050005B4  ,"ESQUINERO 900*50*50  ",OTRO,LISTA
14234,TER09000050005B4  ,"ESQUINERO 900*50*50  ",TROZADO,LISTA
14234,TER09000050005B4  ,"ESQUINERO 900*50*50  ",OTRO,LISTA
14234,TER09000050005B4  ,"ESQUINERO 900*50*50  ",OTRO,LISTA
14234,TER09000050005B4  ,"ESQUINERO 900*50*50  ",TROZADO,LISTA
14234,TER09000050005B4  ,"ESQUINERO 900*50*50  ",OTRO,LISTA
14234,TER09000050005B4  ,"ESQUINERO 900*50*50  ",OTRO,LISTA
14234,TER09000050005B4  ,"ESQUINERO 900*50*50  ",TROZADO,LISTA
14234,TER09000050005B4  ,"ESQUINERO 900*50*50  ",OTRO,LISTA
14234,TER09000050005B4  ,"ESQUINERO 900*50*50  ",OTRO,LISTA
14234,TER09000050005B4  ,"ESQUINERO 900*50*50  ",TROZADO,LISTA
14234,TER09000050005B4  ,"ESQUINERO 900*50*50  ",OTRO,LISTA
14234,TER09000050005B4  ,"ESQUINERO 900*50*50  ",OTRO,LISTA
14234,TER09000050005B4  ,"ESQUINERO 900*50*50  ",TROZADO,LISTA
14234,TER09000050005B4  ,"ESQUINERO 900*50*50  ",OTRO,LISTA
14234,TER09000050005B4  ,"ESQUINERO 900*50*50  ",OTRO,LISTA
14234,TER09000050005B4  ,"ESQUINERO 900*50*50  ",TROZADO,LISTA
14234,TER09000050005B4  ,"ESQUINERO 900*50*50  ",OTRO,LISTA
14234,TER09000050005B4  ,"ESQUINERO 900*50*50  ",OTRO,LISTA
14234,TER09000050005B4  ,"ESQUINERO 900*50*50  ",TROZADO,LISTA
14234,TER09000050005B4  ,"ESQUINERO 900*50*50  ",OTRO,LISTA
14234,TER09000050005B4  ,"ESQUINERO 900*50*50  ",OTRO,LISTA
14234,TER09000050005B4  ,"ESQUINERO 900*50*50  ",TROZADO,LISTA
14234,TER09000050005B4  ,"ESQUINERO 900*50*50  ",OTRO,LISTA
14234,TER09000050005B4  ,"ESQUINERO 900*50*50  ",OTRO,LISTA
14234,TER09000050005B4  ,"ESQUINERO 900*50*50  ",TROZADO,LISTA
14234,TER09000050005B4  ,"ESQUINERO 900*50*50  ",OTRO,LISTA
14234,TER09000050005B4  ,"ESQUINERO 900*50*50  ",OTRO,LISTA
14234,TER09000050005B4  ,"ESQUINERO 900*50*50  ",TROZADO,LISTA
14234,TER09000050005B4  ,"ESQUINERO 900*50*50  ",OTRO,LISTA
14234,TER09000050005B4  ,"ESQUINERO 900*50*50  ",OTRO,LISTA
14234,TER09000050005B4  ,"ESQUINERO 900*50*50  ",TROZADO,LISTA
14234,TER09000050005B4  ,"ESQUINERO 900*50*50  ",OTRO,LISTA
14234,TER09000050005B4  ,"ESQUINERO 900*50*50  ",OTRO,LISTA
14234,TER09000050005B4  ,"ESQUINERO 900*50*50  ",TROZADO,LISTA
14234,TER09000050005B4  ,"ESQUINERO 900*50*50  ",OTRO,LISTA
14234,TER09000050005B4  ,"ESQUINERO 900*50*50  ",OTRO,LISTA
14234,TER09000050005B4  ,"ESQUINERO 900*50*50  ",TROZADO,LISTA
14234,TER09000050005B4  ,"ESQUINERO 900*50*50  ",OTRO,LISTA
14234,TER09000050005B4  ,"ESQUINERO 900*50*50  ",OTRO,LISTA
14234,TER09000050005B4  ,"ESQUINERO 900*50*50  ",TROZADO,LISTA
14234,TER09000050005B4  ,"ESQUINERO 900*50*50  ",OTRO,LISTA
14234,TER09000050005B4  ,"ESQUINERO 900*50*50  ",OTRO,LISTA
14234,TER09000050005B4  ,"ESQUINERO 900*50*50  ",TROZADO,LISTA
14234,TER09000050005B4  ,"ESQUINERO 900*50*50  ",OTRO,LISTA
14234,TER09000050005B4  ,"ESQUINERO 900*50*50  ",OTRO,LISTA
14234,TER09000050005B4  ,"ESQUINERO 900*50*50  ",TROZADO,LISTA
14234,TER09000050005B4  ,"ESQUINERO 900*50*50  ",OTRO,LISTA
14234,TER09000050005B4  ,"ESQUINERO 900*50*50  ",OTRO,LISTA
14234,TER09000050005B4  ,"ESQUINERO 900*50*50  ",TROZADO,LISTA
14234,TER09000050005B4  ,"ESQUINERO 900*50*50  ",OTRO,LISTA
14234,TER09000050005B4  ,"ESQUINERO 900*50*50  ",OTRO,LISTA
14234,TER09000050005B4  ,"ESQUINERO 900*50*50  ",TROZADO,LISTA
14234,TER09000050005B4  ,"ESQUINERO 900*50*50  ",OTRO,LISTA
14234,TER09000050005B4  ,"ESQUINERO 900*50*50  ",OTRO,LISTA
14234,TER09000050005B4  ,"ESQUINERO 900*50*50  ",TROZADO,LISTA
14234,TER09000050005B4  ,"ESQUINERO 900*50*50  ",OTRO,LISTA
14234,TER09000050005B4  ,"ESQUINERO 900*50*50  ",OTRO,LISTA
14234,TER09000050005B4  ,"ESQUINERO 900*50*50  ",TROZADO,LISTA
14234,TER09000050005B4  ,"ESQUINERO 900*50*50  ",OTRO,LISTA
14234,TER09000050005B4  ,"ESQUINERO 900*50*50  ",OTRO,LISTA
14234,TER09000050005B4  ,"ESQUINERO 900*50*50  ",TROZADO,LISTA
14234,TER09000050005B4  ,"ESQUINERO 900*50*50  ",OTRO,LISTA
14234,TER09000050005B4  ,"ESQUINERO 900*50*50  ",OTRO,LISTA
14234,TER09000050005B4  ,"ESQUINERO 900*50*50  ",TROZADO,LISTA
14234,TER09000050005B4  ,"ESQUINERO 900*50*50  ",OTRO,LISTA
14234,TER09000050005B4  ,"ESQUINERO 900*50*50  ",OTRO,LISTA
14234,TER09000050005B4  ,"ESQUINERO 900*50*50  ",TROZADO,LISTA
14234,TER09000050005B4  ,"ESQUINERO 900*50*50  ",OTRO,LISTA
14234,TER09000050005B4  ,"ESQUINERO 900*50*50  ",OTRO,LISTA
14234,TER09000050005B4  ,"ESQUINERO 900*50*50  ",TROZADO,LISTA
14234,TER09000050005B4  ,"ESQUINERO 900*50*50  ",OTRO,LISTA
14234,TER09000050005B4  ,"ESQUINERO 900*50*50  ",OTRO,LISTA
14234,TER09000050005B4  ,"ESQUINERO 900*50*50  ",TROZADO,LISTA
14234,TER09000050005B4  ,"ESQUINERO 900*50*50  ",OTRO,LISTA
14234,TER09000050005B4  ,"ESQUINERO 900*50*50  ",OTRO,LISTA
14234,TER09000050005B4  ,"ESQUINERO 900*50*50  ",TROZADO,LISTA
14234,TER09000050005B4  ,"ESQUINERO 900*50*50  ",OTRO,LISTA
14234,TER09000050005B4  ,"ESQUINERO 900*50*50  ",OTRO,LISTA
14234,TER09000050005B4  ,"ESQUINERO 900*50*50  ",TROZADO,LISTA
14234,TER09000050005B4  ,"ESQUINERO 900*50*50  ",OTRO,LISTA
14234,TER09000050005B4  ,"ESQUINERO 900*50*50  ",OTRO,LISTA
14234,TER09000050005B4  ,"ESQUINERO 900*50*50  ",TROZADO,LISTA
14234,TER09000050005B4  ,"ESQUINERO 900*50*50  ",OTRO,LISTA
14234,TER09000050005B4  ,"ESQUINERO 900*50*50  ",OTRO,LISTA
14234,TER09000050005B4  ,"ESQUINERO 900*50*50  ",TROZADO,LISTA
14234,TER09000050005B4  ,"ESQUINERO 900*50*50  ",OTRO,LISTA
14234,TER09000050005B4  ,"ESQUINERO 900*50*50  ",OTRO,LISTA
14234,TER09000050005B4  ,"ESQUINERO 900*50*50  ",TROZADO,LISTA
14234,TER09000050005B4  ,"ESQUINERO 900*50*50  ",OTRO,LISTA
14234,TER09000050005B4  ,"ESQUINERO 900*50*50  ",OTRO,LISTA
14234,TER09000050005B4  ,"ESQUINERO 900*50*50  ",TROZADO,LISTA
14234,TER09000050005B4  ,"ESQUINERO 900*50*50  ",OTRO,LISTA
14234,TER09000050005B4  ,"ESQUINERO 900*50*50  ",OTRO,LISTA
14234,TER09000050005B4  ,"ESQUINERO 900*50*50  ",TROZADO,LISTA
14234,TER09000050005B4  ,"ESQUINERO 900*50*50  ",OTRO,LISTA
14234,TER09000050005B4  ,"ESQUINERO 900*50*50  ",OTRO,LISTA
14234,TER09000050005B4  ,"ESQUINERO 900*50*50  ",TROZADO,LISTA
14234,TER09000050005B4  ,"ESQUINERO 900*50*50  ",OTRO,LISTA
14234,TER09000050005B4  ,"ESQUINERO 900*50*50  ",OTRO,LISTA
14234,TER09000050005B4  ,"ESQUINERO 900*50*50  ",TROZADO,LISTA
14234,TER09000050005B4  ,"ESQUINERO 900*50*50  ",OTRO,LISTA
14234,TER09000050005B4  ,"ESQUINERO 900*50*50  ",OTRO,LISTA
14234,TER09000050005B4  ,"ESQUINERO 900*50*50  ",TROZADO,LISTA
14234,TER09000050005B4  ,"ESQUINERO 900*50*50  ",OTRO,LISTA
14234,TER09000050005B4  ,"ESQUINERO 900*50*50  ",OTRO,LISTA
14234,TER09000050005B4  ,"ESQUINERO 900*50*50  ",TROZADO,LISTA
14234,TER09000050005B4  ,"ESQUINERO 900*50*50  ",OTRO,LISTA
14234,TER09000050005B4  ,"ESQUINERO 900*50*50  ",OTRO,LISTA
14234,TER09000050005B4  ,"ESQUINERO 900*50*50  ",TROZADO,LISTA
14234,TER09000050005B4  ,"ESQUINERO 900*50*50  ",OTRO,LISTA
14234,TER09000050005B4  ,"ESQUINERO 900*50*50  ",OTRO,LISTA
14234,TER09000050005B4  ,"ESQUINERO 900*50*50  ",TROZADO,LISTA
14234,TER09000050005B4  ,"ESQUINERO 900*50*50  ",OTRO,LISTA
14234,TER09000050005B4  ,"ESQUINERO 900*50*50  ",OTRO,LISTA
14234,TER09000050005B4  ,"ESQUINERO 900*50*50  ",TROZADO,LISTA
14234,TER09000050005B4  ,"ESQUINERO 900*50*50  ",OTRO,LISTA
14234,TER09000050005B4  ,"ESQUINERO 900*50*50  ",OTRO,LISTA
14234,TER09000050005B4  ,"ESQUINERO 900*50*50  ",TROZADO,LISTA
14234,TER09000050005B4  ,"ESQUINERO 900*50*50  ",OTRO,LISTA
14234,TER09000050005B4  ,"ESQUINERO 900*50*50  ",OTRO,LISTA
14234,TER09000050005B4  ,"ESQUINERO 900*50*50  ",TROZADO,LISTA
14234,TER09000050005B4  ,"ESQUINERO 900*50*50  ",OTRO,LISTA
14234,TER09000050005B4  ,"ESQUINERO 900*50*50  ",OTRO,LISTA
14234,TER09000050005B4  ,"ESQUINERO 900*50*50  ",TROZADO,LISTA
14234,TER09000050005B4  ,"ESQUINERO 900*50*50  ",OTRO,LISTA
14234,TER09000050005B4  ,"ESQUINERO 900*50*50  ",OTRO,LISTA
14234,TER09000050005B4  ,"ESQUINERO 900*50*50  ",TROZADO,LISTA
14234,TER09000050005B4  ,"ESQUINERO 900*50*50  ",OTRO,LISTA
14234,TER09000050005B4  ,"ESQUINERO 900*50*50  ",OTRO,LISTA
14234,TER09000050005B4  ,"ESQUINERO 900*50*50  ",TROZADO,LISTA
14234,TER09000050005B4  ,"ESQUINERO 900*50*50  ",OTRO,LISTA
14234,TER09000050005B4  ,"ESQUINERO 900*50*50  ",OTRO,LISTA
14234,TER09000050005B4  ,"ESQUINERO 900*50*50  ",TROZADO,LISTA
14234,TER09000050005B4  ,"ESQUINERO 900*50*50  ",OTRO,LISTA
14234,TER09000050005B4  ,"ESQUINERO 900*50*50  ",OTRO,LISTA
14234,TER09000050005B4  ,"ESQUINERO 900*50*50  ",TROZADO,LISTA
14234,TER09000050005B4  ,"ESQUINERO 900*50*50  ",OTRO,LISTA
14234,TER09000050005B4  ,"ESQUINERO 900*50*50  ",OTRO,LISTA
14234,TER09000050005B4  ,"ESQUINERO 900*50*50  ",TROZADO,LISTA
14234,TER09000050005B4  ,"ESQUINERO 900*50*50  ",OTRO,LISTA
14234,TER09000050005B4  ,"ESQUINERO 900*50*50  ",OTRO,LISTA
14234,TER09000050005B4  ,"ESQUINERO 900*50*50  ",TROZADO,LISTA
14234,TER09000050005B4  ,"ESQUINERO 900*50*50  ",OTRO,LISTA
14234,TER09000050005B4  ,"ESQUINERO 900*50*50  ",OTRO,LISTA
14234,TER09000050005B4  ,"ESQUINERO 900*50*50  ",TROZADO,LISTA
14234,TER09000050005B4  ,"ESQUINERO 900*50*50  ",OTRO,LISTA
14234,TER09000050005B4  ,"ESQUINERO 900*50*50  ",OTRO,LISTA
14234,TER09000050005B4  ,"ESQUINERO 900*50*50  ",TROZADO,LISTA
14234,TER09000050005B4  ,"ESQUINERO 900*50*50  ",OTRO,LISTA
14234,TER09000050005B4  ,"ESQUINERO 900*50*50  ",OTRO,LISTA
14234,TER09000050005B4  ,"ESQUINERO 900*50*50  ",TROZADO,LISTA
14234,TER09000050005B4  ,"ESQUINERO 900*50*50  ",OTRO,LISTA
14234,TER09000050005B4  ,"ESQUINERO 900*50*50  ",OTRO,LISTA
14234,TER09000050005B4  ,"ESQUINERO 900*50*50  ",TROZADO,LISTA
14234,TER09000050005B4  ,"ESQUINERO 900*50*50  ",OTRO,LISTA
14234,TER09000050005B4  ,"ESQUINERO 900*50*50  ",OTRO,LISTA
14234,TER09000050005B4  ,"ESQUINERO 900*50*50  ",TROZADO,LISTA
14234,TER09000050005B4  ,"ESQUINERO 900*50*50  ",OTRO,LISTA
14234,TER09000050005B4  ,"ESQUINERO 900*50*50  ",OTRO,LISTA
14234,TER09000050005B4  ,"ESQUINERO 900*50*50  ",TROZADO,LISTA
14234,TER09000050005B4  ,"ESQUINERO 900*50*50  ",OTRO,LISTA
14234,TER09000050005B4  ,"ESQUINERO 900*50*50  ",OTRO,LISTA
14234,TER09000050005B4  ,"ESQUINERO 900*50*50  ",TROZADO,LISTA
14234,TER09000050005B4  ,"ESQUINERO 900*50*50  ",OTRO,LISTA
14234,TER09000050005B4  ,"ESQUINERO 900*50*50  ",OTRO,LISTA
14234,TER09000050005B4  ,"ESQUINERO 900*50*50  ",TROZADO,LISTA
14234,TER09000050005B4  ,"ESQUINERO 900*50*50  ",OTRO,LISTA
14234,TER09000050005B4  ,"ESQUINERO 900*50*50  ",OTRO,LISTA
14234,TER09000050005B4  ,"ESQUINERO 900*50*50  ",TROZADO,LISTA
14234,TER09000050005B4  ,"ESQUINERO 900*50*50  ",OTRO,LISTA
14234,TER09000050005B4  ,"ESQUINERO 900*50*50  ",OTRO,LISTA
14234,TER09000050005B4  ,"ESQUINERO 900*50*50  ",TROZADO,LISTA
14234,TER09000050005B4  ,"ESQUINERO 900*50*50  ",OTRO,LISTA
14234,TER09000050005B4  ,"ESQUINERO 900*50*50  ",OTRO,LISTA
14234,TER09000050005B4  ,"ESQUINERO 900*50*50  ",TROZADO,LISTA
14234,TER09000050005B4  ,"ESQUINERO 900*50*50  ",OTRO,LISTA
14234,TER09000050005B4  ,"ESQUINERO 900*50*50  ",OTRO,LISTA
14234,TER09000050005B4  ,"ESQUINERO 900*50*50  ",TROZADO,LISTA
14234,TER09000050005B4  ,"ESQUINERO 900*50*50  ",OTRO,LISTA
14234,TER09000050005B4  ,"ESQUINERO 900*50*50  ",OTRO,LISTA
14234,TER09000050005B4  ,"ESQUINERO 900*50*50  ",TROZADO,LISTA
14234,TER09000050005B4  ,"ESQUINERO 900*50*50  ",OTRO,LISTA
14234,TER09000050005B4  ,"ESQUINERO 900*50*50  ",OTRO,LISTA
14234,TER09000050005B4  ,"ESQUINERO 900*50*50  ",TROZADO,LISTA
14234,TER09000050005B4  ,"ESQUINERO 900*50*50  ",OTRO,LISTA
14234,TER09000050005B4  ,"ESQUINERO 900*50*50  ",OTRO,LISTA
14234,TER09000050005B4  ,"ESQUINERO 900*50*50  ",TROZADO,LISTA
14234,TER09000050005B4  ,"ESQUINERO 900*50*50  ",OTRO,LISTA
14234,TER09000050005B4  ,"ESQUINERO 900*50*50  ",OTRO,LISTA
14234,TER09000050005B4  ,"ESQUINERO 900*50*50  ",TROZADO,LISTA
14234,TER09000050005B4  ,"ESQUINERO 900*50*50  ",OTRO,LISTA
14234,TER09000050005B4  ,"ESQUINERO 900*50*50  ",OTRO,LISTA
14234,TER09000050005B4  ,"ESQUINERO 900*50*50  ",TROZADO,LISTA
14234,TER09000050005B4  ,"ESQUINERO 900*50*50  ",OTRO,LISTA
14234,TER09000050005B4  ,"ESQUINERO 900*50*50  ",OTRO,LISTA
14234,TER09000050005B4  ,"ESQUINERO 900*50*50  ",TROZADO,LISTA
14234,TER09000050005B4  ,"ESQUINERO 900*50*50  ",OTRO,LISTA
14234,TER09000050005B4  ,"ESQUINERO 900*50*50  ",OTRO,LISTA
14234,TER09000050005B4  ,"ESQUINERO 900*50*50  ",TROZADO,LISTA
14234,TER09000050005B4  ,"ESQUINERO 900*50*50  ",OTRO,LISTA
14234,TER09000050005B4  ,"ESQUINERO 900*50*50  ",OTRO,LISTA
14234,TER09000050005B4  ,"ESQUINERO 900*50*50  ",TROZADO,LISTA
14234,TER09000050005B4  ,"ESQUINERO 900*50*50  ",OTRO,LISTA
14234,TER09000050005B4  ,"ESQUINERO 900*50*50  ",OTRO,LISTA
14234,TER09000050005B4  ,"ESQUINERO 900*50*50  ",TROZADO,LISTA
14234,TER09000050005B4  ,"ESQUINERO 900*50*50  ",OTRO,LISTA
14234,TER09000050005B4  ,"ESQUINERO 900*50*50  ",OTRO,LISTA
14234,TER09000050005B4  ,"ESQUINERO 900*50*50  ",TROZADO,LISTA
14234,TER09000050005B4  ,"ESQUINERO 900*50*50  ",OTRO,LISTA
14234,TER09000050005B4  ,"ESQUINERO 900*50*50  ",OTRO,LISTA
14234,TER09000050005B4  ,"ESQUINERO 900*50*50  ",TROZADO,LISTA
14234,TER09000050005B4  ,"ESQUINERO 900*50*50  ",OTRO,LISTA
14234,TER09000050005B4  ,"ESQUINERO 900*50*50  ",OTRO,LISTA
14234,TER09000050005B4  ,"ESQUINERO 900*50*50  ",TROZADO,LISTA
14234,TER09000050005B4  ,"ESQUINERO 900*50*50  ",OTRO,LISTA
14234,TER09000050005B4  ,"ESQUINERO 900*50*50  ",OTRO,LISTA
14234,TER09000050005B4  ,"ESQUINERO 900*50*50  ",TROZADO,LISTA
14234,TER09000050005B4  ,"ESQUINERO 900*50*50  ",OTRO,LISTA
14234,TER09000050005B4  ,"ESQUINERO 900*50*50  ",OTRO,LISTA
14234,TER09000050005B4  ,"ESQUINERO 900*50*50  ",TROZADO,LISTA
14234,TER09000050005B4  ,"ESQUINERO 900*50*50  ",OTRO,LISTA
14234,TER09000050005B4  ,"ESQUINERO 900*50*50  ",OTRO,LISTA
14234,TER09000050005B4  ,"ESQUINERO 900*50*50  ",TROZADO,LISTA
14234,TER09000050005B4  ,"ESQUINERO 900*50*50  ",OTRO,LISTA
14234,TER09000050005B4  ,"ESQUINERO 900*50*50  ",OTRO,LISTA
14234,TER09000050005B4  ,"ESQUINERO 900*50*50  ",TROZADO,LISTA
14234,TER09000050005B4  ,"ESQUINERO 900*50*50  ",OTRO,LISTA
14234,TER09000050005B4  ,"ESQUINERO 900*50*50  ",OTRO,LISTA
14234,TER09000050005B4  ,"ESQUINERO 900*50*50  ",TROZADO,LISTA
14234,TER09000050005B4  ,"ESQUINERO 900*50*50  ",OTRO,LISTA
14234,TER09000050005B4  ,"ESQUINERO 900*50*50  ",OTRO,LISTA
14234,TER09000050005B4  ,"ESQUINERO 900*50*50  ",TROZADO,LISTA
14234,TER09000050005B4  ,"ESQUINERO 900*50*50  ",OTRO,LISTA
14234,TER09000050005B4  ,"ESQUINERO 900*50*50  ",OTRO,LISTA
14234,TER09000050005B4  ,"ESQUINERO 900*50*50  ",TROZADO,LISTA
14234,TER09000050005B4  ,"ESQUINERO 900*50*50  ",OTRO,LISTA
14234,TER09000050005B4  ,"ESQUINERO 900*50*50  ",OTRO,LISTA
14234,TER09000050005B4  ,"ESQUINERO 900*50*50  ",TROZADO,LISTA
14234,TER09000050005B4  ,"ESQUINERO 900*50*50  ",OTRO,LISTA
14234,TER09000050005B4  ,"ESQUINERO 900*50*50  ",OTRO,LISTA
14234,TER09000050005B4  ,"ESQUINERO 900*50*50  ",TROZADO,LISTA
14234,TER09000050005B4  ,"ESQUINERO 900*50*50  ",OTRO,LISTA
14234,TER09000050005B4  ,"ESQUINERO 900*50*50  ",OTRO,LISTA
14234,TER09000050005B4  ,"ESQUINERO 900*50*50  ",TROZADO,LISTA
14234,TER09000050005B4  ,"ESQUINERO 900*50*50  ",OTRO,LISTA
14234,TER09000050005B4  ,"ESQUINERO 900*50*50  ",OTRO,LISTA
14234,TER09000050005B4  ,"ESQUINERO 900*50*50  ",TROZADO,LISTA
14234,TER09000050005B4  ,"ESQUINERO 900*50*50  ",OTRO,LISTA
14234,TER09000050005B4  ,"ESQUINERO 900*50*50  ",OTRO,LISTA
14234,TER09000050005B4  ,"ESQUINERO 900*50*50  ",TROZADO,LISTA
14234,TER09000050005B4  ,"ESQUINERO 900*50*50  ",OTRO,LISTA
14234,TER09000050005B4  ,"ESQUINERO 900*50*50  ",OTRO,LISTA
14234,TER09000050005B4  ,"ESQUINERO 900*50*50  ",TROZADO,LISTA
14234,TER09000050005B4  ,"ESQUINERO 900*50*50  ",OTRO,LISTA
14234,TER09000050005B4  ,"ESQUINERO 900*50*50  ",OTRO,LISTA
14234,TER09000050005B4  ,"ESQUINERO 900*50*50  ",TROZADO,LISTA
14234,TER09000050005B4  ,"ESQUINERO 900*50*50  ",OTRO,LISTA
14234,TER09000050005B4  ,"ESQUINERO 900*50*50  ",OTRO,LISTA
14234,TER09000050005B4  ,"ESQUINERO 900*50*50  ",TROZADO,LISTA
14234,TER09000050005B4  ,"ESQUINERO 900*50*50  ",OTRO,LISTA
14234,TER09000050005B4  ,"ESQUINERO 900*50*50  ",OTRO,LISTA
14234,TER09000050005B4  ,"ESQUINERO 900*50*50  ",TROZADO,LISTA
14234,TER09000050005B4  ,"ESQUINERO 900*50*50  ",OTRO,LISTA
14234,TER09000050005B4  ,"ESQUINERO 900*50*50  ",OTRO,LISTA
14234,TER09000050005B4  ,"ESQUINERO 900*50*50  ",TROZADO,LISTA
14234,TER09000050005B4  ,"ESQUINERO 900*50*50  ",OTRO,LISTA
14234,TER09000050005B4  ,"ESQUINERO 900*50*50  ",OTRO,LISTA
14234,TER09000050005B4  ,"ESQUINERO 900*50*50  ",TROZADO,LISTA
14234,TER09000050005B4  ,"ESQUINERO 900*50*50  ",OTRO,LISTA
14234,TER09000050005B4  ,"ESQUINERO 900*50*50  ",OTRO,LISTA
14234,TER09000050005B4  ,"ESQUINERO 900*50*50  ",TROZADO,LISTA
14234,TER09000050005B4  ,"ESQUINERO 900*50*50  ",OTRO,LISTA
14234,TER09000050005B4  ,"ESQUINERO 900*50*50  ",OTRO,LISTA
14234,TER09000050005B4  ,"ESQUINERO 900*50*50  ",TROZADO,LISTA
14234,TER09000050005B4  ,"ESQUINERO 900*50*50  ",OTRO,LISTA
14234,TER09000050005B4  ,"ESQUINERO 900*50*50  ",OTRO,LISTA
14234,TER09000050005B4  ,"ESQUINERO 900*50*50  ",TROZADO,LISTA
14234,TER09000050005B4  ,"ESQUINERO 900*50*50  ",OTRO,LISTA
14234,TER09000050005B4  ,"ESQUINERO 900*50*50  ",OTRO,LISTA
14234,TER09000050005B4  ,"ESQUINERO 900*50*50  ",TROZADO,LISTA
14234,TER09000050005B4  ,"ESQUINERO 900*50*50  ",OTRO,LISTA
14234,TER09000050005B4  ,"ESQUINERO 900*50*50  ",OTRO,LISTA
14234,TER09000050005B4  ,"ESQUINERO 900*50*50  ",TROZADO,LISTA
14234,TER09000050005B4  ,"ESQUINERO 900*50*50  ",OTRO,LISTA
14234,TER09000050005B4  ,"ESQUINERO 900*50*50  ",OTRO,LISTA
14234,TER09000050005B4  ,"ESQUINERO 900*50*50  ",TROZADO,LISTA
14234,TER09000050005B4  ,"ESQUINERO 900*50*50  ",OTRO,LISTA
14234,TER09000050005B4  ,"ESQUINERO 900*50*50  ",OTRO,LISTA
14234,TER09000050005B4  ,"ESQUINERO 900*50*50  ",TROZADO,LISTA
14234,TER09000050005B4  ,"ESQUINERO 900*50*50  ",OTRO,LISTA
14234,TER09000050005B4  ,"ESQUINERO 900*50*50  ",OTRO,LISTA
14234,TER09000050005B4  ,"ESQUINERO 900*50*50  ",TROZADO,LISTA
14234,TER09000050005B4  ,"ESQUINERO 900*50*50  ",OTRO,LISTA
14234,TER09000050005B4  ,"ESQUINERO 900*50*50  ",OTRO,LISTA
14234,TER09000050005B4  ,"ESQUINERO 900*50*50  ",TROZADO,LISTA
14234,TER09000050005B4  ,"ESQUINERO 900*50*50  ",OTRO,LISTA
14234,TER09000050005B4  ,"ESQUINERO 900*50*50  ",OTRO,LISTA
14234,TER09000050005B4  ,"ESQUINERO 900*50*50  ",TROZADO,LISTA
14234,TER09000050005B4  ,"ESQUINERO 900*50*50  ",OTRO,LISTA
14234,TER09000050005B4  ,"ESQUINERO 900*50*50  ",OTRO,LISTA
14234,TER09000050005B4  ,"ESQUINERO 900*50*50  ",TROZADO,LISTA
14234,TER09000050005B4  ,"ESQUINERO 900*50*50  ",OTRO,LISTA
14234,TER09000050005B4  ,"ESQUINERO 900*50*50  ",OTRO,LISTA
14234,TER09000050005B4  ,"ESQUINERO 900*50*50  ",TROZADO,LISTA
14234,TER09000050005B4  ,"ESQUINERO 900*50*50  ",OTRO,LISTA
14234,TER09000050005B4  ,"ESQUINERO 900*50*50  ",OTRO,LISTA
14234,TER09000050005B4  ,"ESQUINERO 900*50*50  ",TROZADO,LISTA
14234,TER09000050005B4  ,"ESQUINERO 900*50*50  ",OTRO,LISTA
14234,TER09000050005B4  ,"ESQUINERO 900*50*50  ",OTRO,LISTA
14234,TER09000050005B4  ,"ESQUINERO 900*50*50  ",TROZADO,LISTA
14234,TER09000050005B4  ,"ESQUINERO 900*50*50  ",OTRO,LISTA
14234,TER09000050005B4  ,"ESQUINERO 900*50*50  ",OTRO,LISTA
14234,TER09000050005B4  ,"ESQUINERO 900*50*50  ",TROZADO,LISTA
14234,TER09000050005B4  ,"ESQUINERO 900*50*50  ",OTRO,LISTA
14234,TER09000050005B4  ,"ESQUINERO 900*50*50  ",OTRO,LISTA
14234,TER09000050005B4  ,"ESQUINERO 900*50*50  ",TROZADO,LISTA
14234,TER09000050005B4  ,"ESQUINERO 900*50*50  ",OTRO,LISTA
14234,TER09000050005B4  ,"ESQUINERO 900*50*50  ",OTRO,LISTA
14234,TER09000050005B4  ,"ESQUINERO 900*50*50  ",TROZADO,LISTA
14234,TER09000050005B4  ,"ESQUINERO 900*50*50  ",OTRO,LISTA
14234,TER09000050005B4  ,"ESQUINERO 900*50*50  ",OTRO,LISTA
14234,TER09000050005B4  ,"ESQUINERO 900*50*50  ",TROZADO,LISTA
14234,TER09000050005B4  ,"ESQUINERO 900*50*50  ",OTRO,LISTA
14234,TER09000050005B4  ,"ESQUINERO 900*50*50  ",OTRO,LISTA
14234,TER09000050005B4  ,"ESQUINERO 900*50*50  ",TROZADO,LISTA
14234,TER09000050005B4  ,"ESQUINERO 900*50*50  ",OTRO,LISTA
14234,TER09000050005B4  ,"ESQUINERO 900*50*50  ",OTRO,LISTA
14234,TER09000050005B4  ,"ESQUINERO 900*50*50  ",TROZADO,LISTA
14234,TER09000050005B4  ,"ESQUINERO 900*50*50  ",OTRO,LISTA
14234,TER09000050005B4  ,"ESQUINERO 900*50*50  ",OTRO,LISTA
14234,TER09000050005B4  ,"ESQUINERO 900*50*50  ",TROZADO,LISTA
14234,TER09000050005B4  ,"ESQUINERO 900*50*50  ",OTRO,LISTA
14234,TER09000050005B4  ,"ESQUINERO 900*50*50  ",OTRO,LISTA
14234,TER09000050005B4  ,"ESQUINERO 900*50*50  ",TROZADO,LISTA
14234,TER09000050005B4  ,"ESQUINERO 900*50*50  ",OTRO,LISTA
14234,TER09000050005B4  ,"ESQUINERO 900*50*50  ",OTRO,LISTA
14234,TER09000050005B4  ,"ESQUINERO 900*50*50  ",TROZADO,LISTA
14234,TER09000050005B4  ,"ESQUINERO 900*50*50  ",OTRO,LISTA
14234,TER09000050005B4  ,"ESQUINERO 900*50*50  ",OTRO,LISTA
14234,TER09000050005B4  ,"ESQUINERO 900*50*50  ",TROZADO,LISTA
14234,TER09000050005B4  ,"ESQUINERO 900*50*50  ",OTRO,LISTA
14234,TER09000050005B4  ,"ESQUINERO 900*50*50  ",OTRO,LISTA
14234,TER09000050005B4  ,"ESQUINERO 900*50*50  ",TROZADO,LISTA
14234,TER09000050005B4  ,"ESQUINERO 900*50*50  ",OTRO,LISTA
14234,TER09000050005B4  ,"ESQUINERO 900*50*50  ",OTRO,LISTA
14234,TER09000050005B4  ,"ESQUINERO 900*50*50  ",TROZADO,LISTA
14234,TER09000050005B4  ,"ESQUINERO 900*50*50  ",OTRO,LISTA
14234,TER09000050005B4  ,"ESQUINERO 900*50*50  ",OTRO,LISTA
14234,TER09000050005B4  ,"ESQUINERO 900*50*50  ",TROZADO,LISTA
14234,TER09000050005B4  ,"ESQUINERO 900*50*50  ",OTRO,LISTA
14234,TER09000050005B4  ,"ESQUINERO 900*50*50  ",OTRO,LISTA
14234,TER09000050005B4  ,"ESQUINERO 900*50*50  ",TROZADO,LISTA
14234,TER09000050005B4  ,"ESQUINERO 900*50*50  ",OTRO,LISTA
14234,TER09000050005B4  ,"ESQUINERO 900*50*50  ",OTRO,LISTA
14234,TER09000050005B4  ,"ESQUINERO 900*50*50  ",TROZADO,LISTA
14234,TER09000050005B4  ,"ESQUINERO 900*50*50  ",OTRO,LISTA
14234,TER09000050005B4  ,"ESQUINERO 900*50*50  ",OTRO,LISTA
14234,TER09000050005B4  ,"ESQUINERO 900*50*50  ",TROZADO,LISTA
14234,TER09000050005B4  ,"ESQUINERO 900*50*50  ",OTRO,LISTA
14234,TER09000050005B4  ,"ESQUINERO 900*50*50  ",OTRO,LISTA
14234,TER09000050005B4  ,"ESQUINERO 900*50*50  ",TROZADO,LISTA
14234,TER09000050005B4  ,"ESQUINERO 900*50*50  ",OTRO,LISTA
14234,TER09000050005B4  ,"ESQUINERO 900*50*50  ",OTRO,LISTA
14234,TER09000050005B4  ,"ESQUINERO 900*50*50  ",TROZADO,LISTA
14234,TER09000050005B4  ,"ESQUINERO 900*50*50  ",OTRO,LISTA
14234,TER09000050005B4  ,"ESQUINERO 900*50*50  ",OTRO,LISTA
14234,TER09000050005B4  ,"ESQUINERO 900*50*50  ",TROZADO,LISTA
14234,TER09000050005B4  ,"ESQUINERO 900*50*50  ",OTRO,LISTA
14234,TER09000050005B4  ,"ESQUINERO 900*50*50  ",OTRO,LISTA
14234,TER09000050005B4  ,"ESQUINERO 900*50*50  ",TROZADO,LISTA
14234,TER09000050005B4  ,"ESQUINERO 900*50*50  ",OTRO,LISTA
14234,TER09000050005B4  ,"ESQUINERO 900*50*50  ",OTRO,LISTA
14234,TER09000050005B4  ,"ESQUINERO 900*50*50  ",TROZADO,LISTA
14234,TER09000050005B4  ,"ESQUINERO 900*50*50  ",OTRO,LISTA
14234,TER09000050005B4  ,"ESQUINERO 900*50*50  ",OTRO,LISTA
14234,TER09000050005B4  ,"ESQUINERO 900*50*50  ",TROZADO,LISTA
14234,TER09000050005B4  ,"ESQUINERO 900*50*50  ",OTRO,LISTA
14234,TER09000050005B4  ,"ESQUINERO 900*50*50  ",OTRO,LISTA
14234,TER09000050005B4  ,"ESQUINERO 900*50*50  ",TROZADO,LISTA
14234,TER09000050005B4  ,"ESQUINERO 900*50*50  ",OTRO,LISTA
14234,TER09000050005B4  ,"ESQUINERO 900*50*50  ",OTRO,LISTA
14234,TER09000050005B4  ,"ESQUINERO 900*50*50  ",TROZADO,LISTA
14234,TER09000050005B4  ,"ESQUINERO 900*50*50  ",OTRO,LISTA
14234,TER09000050005B4  ,"ESQUINERO 900*50*50  ",OTRO,LISTA
14234,TER09000050005B4  ,"ESQUINERO 900*50*50  ",TROZADO,LISTA
14234,TER09000050005B4  ,"ESQUINERO 900*50*50  ",OTRO,LISTA
14234,TER09000050005B4  ,"ESQUINERO 900*50*50  ",OTRO,LISTA
14234,TER09000050005B4  ,"ESQUINERO 900*50*50  ",TROZADO,LISTA
14234,TER09000050005B4  ,"ESQUINERO 900*50*50  ",OTRO,LISTA
14234,TER09000050005B4  ,"ESQUINERO 900*50*50  ",OTRO,LISTA
14234,TER09000050005B4  ,"ESQUINERO 900*50*50  ",TROZADO,LISTA
14234,TER09000050005B4  ,"ESQUINERO 900*50*50  ",OTRO,LISTA
14234,TER09000050005B4  ,"ESQUINERO 900*50*50  ",OTRO,LISTA
14234,TER09000050005B4  ,"ESQUINERO 900*50*50  ",TROZADO,LISTA
14234,TER09000050005B4  ,"ESQUINERO 900*50*50  ",OTRO,LISTA
14234,TER09000050005B4  ,"ESQUINERO 900*50*50  ",OTRO,LISTA
14234,TER09000050005B4  ,"ESQUINERO 900*50*50  ",TROZADO,LISTA
14234,TER09000050005B4  ,"ESQUINERO 900*50*50  ",OTRO,LISTA
14234,TER09000050005B4  ,"ESQUINERO 900*50*50  ",OTRO,LISTA
14234,TER09000050005B4  ,"ESQUINERO 900*50*50  ",TROZADO,LISTA
14234,TER09000050005B4  ,"ESQUINERO 900*50*50  ",OTRO,LISTA
14234,TER09000050005B4  ,"ESQUINERO 900*50*50  ",OTRO,LISTA
14234,TER09000050005B4  ,"ESQUINERO 900*50*50  ",TROZADO,LISTA
14234,TER09000050005B4  ,"ESQUINERO 900*50*50  ",OTRO,LISTA
14234,TER09000050005B4  ,"ESQUINERO 900*50*50  ",OTRO,LISTA
14234,TER09000050005B4  ,"ESQUINERO 900*50*50  ",TROZADO,LISTA
14234,TER09000050005B4  ,"ESQUINERO 900*50*50  ",OTRO,LISTA
14234,TER09000050005B4  ,"ESQUINERO 900*50*50  ",OTRO,LISTA
14234,TER09000050005B4  ,"ESQUINERO 900*50*50  ",TROZADO,LISTA
14234,TER09000050005B4  ,"ESQUINERO 900*50*50  ",OTRO,LISTA
14234,TER09000050005B4  ,"ESQUINERO 900*50*50  ",OTRO,LISTA
14234,TER09000050005B4  ,"ESQUINERO 900*50*50  ",TROZADO,LISTA
14234,TER09000050005B4  ,"ESQUINERO 900*50*50  ",OTRO,LISTA
14234,TER09000050005B4  ,"ESQUINERO 900*50*50  ",OTRO,LISTA
14234,TER09000050005B4  ,"ESQUINERO 900*50*50  ",TROZADO,LISTA
14234,TER09000050005B4  ,"ESQUINERO 900*50*50  ",OTRO,LISTA
14234,TER09000050005B4  ,"ESQUINERO 900*50*50  ",OTRO,LISTA
14234,TER09000050005B4  ,"ESQUINERO 900*50*50  ",TROZADO,LISTA
14234,TER09000050005B4  ,"ESQUINERO 900*50*50  ",OTRO,LISTA
14234,TER09000050005B4  ,"ESQUINERO 900*50*50  ",OTRO,LISTA
14234,TER09000050005B4  ,"ESQUINERO 900*50*50  ",TROZADO,LISTA
14234,TER09000050005B4  ,"ESQUINERO 900*50*50  ",OTRO,LISTA
14234,TER09000050005B4  ,"ESQUINERO 900*50*50  ",OTRO,LISTA
14234,TER09000050005B4  ,"ESQUINERO 900*50*50  ",TROZADO,LISTA
14234,TER09000050005B4  ,"ESQUINERO 900*50*50  ",OTRO,LISTA
14234,TER09000050005B4  ,"ESQUINERO 900*50*50  ",OTRO,LISTA
14234,TER09000050005B4  ,"ESQUINERO 900*50*50  ",TROZADO,LISTA
14234,TER09000050005B4  ,"ESQUINERO 900*50*50  ",OTRO,LISTA
14234,TER09000050005B4  ,"ESQUINERO 900*50*50  ",OTRO,LISTA
14234,TER09000050005B4  ,"ESQUINERO 900*50*50  ",TROZADO,LISTA
14234,TER09000050005B4  ,"ESQUINERO 900*50*50  ",OTRO,LISTA
14234,TER09000050005B4  ,"ESQUINERO 900*50*50  ",OTRO,LISTA
14234,TER09000050005B4  ,"ESQUINERO 900*50*50  ",TROZADO,LISTA
14234,TER09000050005B4  ,"ESQUINERO 900*50*50  ",OTRO,LISTA
14234,TER09000050005B4  ,"ESQUINERO 900*50*50  ",OTRO,LISTA
14234,TER09000050005B4  ,"ESQUINERO 900*50*50  ",TROZADO,LISTA
14234,TER09000050005B4  ,"ESQUINERO 900*50*50  ",OTRO,LISTA
14234,TER09000050005B4  ,"ESQUINERO 900*50*50  ",OTRO,LISTA
14234,TER09000050005B4  ,"ESQUINERO 900*50*50  ",TROZADO,LISTA
14234,TER09000050005B4  ,"ESQUINERO 900*50*50  ",OTRO,LISTA
14234,TER09000050005B4  ,"ESQUINERO 900*50*50  ",OTRO,LISTA
14234,TER09000050005B4  ,"ESQUINERO 900*50*50  ",TROZADO,LISTA
14234,TER09000050005B4  ,"ESQUINERO 900*50*50  ",OTRO,LISTA
14234,TER09000050005B4  ,"ESQUINERO 900*50*50  ",OTRO,LISTA
14234,TER09000050005B4  ,"ESQUINERO 900*50*50  ",TROZADO,LISTA
14234,TER09000050005B4  ,"ESQUINERO 900*50*50  ",OTRO,LISTA
14234,TER09000050005B4  ,"ESQUINERO 900*50*50  ",OTRO,LISTA
14234,TER09000050005B4  ,"ESQUINERO 900*50*50  ",TROZADO,LISTA
14234,TER09000050005B4  ,"ESQUINERO 900*50*50  ",OTRO,LISTA
14234,TER09000050005B4  ,"ESQUINERO 900*50*50  ",OTRO,LISTA
14234,TER09000050005B4  ,"ESQUINERO 900*50*50  ",TROZADO,LISTA
14234,TER09000050005B4  ,"ESQUINERO 900*50*50  ",OTRO,LISTA
14234,TER09000050005B4  ,"ESQUINERO 900*50*50  ",OTRO,LISTA
14234,TER09000050005B4  ,"ESQUINERO 900*50*50  ",TROZADO,LISTA
14234,TER09000050005B4  ,"ESQUINERO 900*50*50  ",OTRO,LISTA
14234,TER09000050005B4  ,"ESQUINERO 900*50*50  ",OTRO,LISTA
14234,TER09000050005B4  ,"ESQUINERO 900*50*50  ",TROZADO,LISTA
14234,TER09000050005B4  ,"ESQUINERO 900*50*50  ",OTRO,LISTA
14234,TER09000050005B4  ,"ESQUINERO 900*50*50  ",OTRO,LISTA
14234,TER09000050005B4  ,"ESQUINERO 900*50*50  ",TROZADO,LISTA
14234,TER09000050005B4  ,"ESQUINERO 900*50*50  ",OTRO,LISTA
14234,TER09000050005B4  ,"ESQUINERO 900*50*50  ",OTRO,LISTA
14234,TER09000050005B4  ,"ESQUINERO 900*50*50  ",TROZADO,LISTA
14234,TER09000050005B4  ,"ESQUINERO 900*50*50  ",OTRO,LISTA
14234,TER09000050005B4  ,"ESQUINERO 900*50*50  ",OTRO,LISTA
14234,TER09000050005B4  ,"ESQUINERO 900*50*50  ",TROZADO,LISTA
14234,TER09000050005B4  ,"ESQUINERO 900*50*50  ",OTRO,LISTA
14234,TER09000050005B4  ,"ESQUINERO 900*50*50  ",OTRO,LISTA
14234,TER09000050005B4  ,"ESQUINERO 900*50*50  ",TROZADO,LISTA
14234,TER09000050005B4  ,"ESQUINERO 900*50*50  ",OTRO,LISTA
14234,TER09000050005B4  ,"ESQUINERO 900*50*50  ",OTRO,LISTA
14234,TER09000050005B4  ,"ESQUINERO 900*50*50  ",TROZADO,LISTA
14234,TER09000050005B4  ,"ESQUINERO 900*50*50  ",OTRO,LISTA
14234,TER09000050005B4  ,"ESQUINERO 900*50*50  ",OTRO,LISTA
14234,TER09000050005B4  ,"ESQUINERO 900*50*50  ",TROZADO,LISTA
14234,TER09000050005B4  ,"ESQUINERO 900*50*50  ",OTRO,LISTA
14234,TER09000050005B4  ,"ESQUINERO 900*50*50  ",OTRO,LISTA
14234,TER09000050005B4  ,"ESQUINERO 900*50*50  ",TROZADO,LISTA
14234,TER09000050005B4  ,"ESQUINERO 900*50*50  ",OTRO,LISTA
14234,TER09000050005B4  ,"ESQUINERO 900*50*50  ",OTRO,LISTA
14234,TER09000050005B4  ,"ESQUINERO 900*50*50  ",TROZADO,LISTA
14234,TER09000050005B4  ,"ESQUINERO 900*50*50  ",OTRO,LISTA
14234,TER09000050005B4  ,"ESQUINERO 900*50*50  ",OTRO,LISTA
14234,TER09000050005B4  ,"ESQUINERO 900*50*50  ",TROZADO,LISTA
14234,TER09000050005B4  ,"ESQUINERO 900*50*50  ",OTRO,LISTA
14234,TER09000050005B4  ,"ESQUINERO 900*50*50  ",OTRO,LISTA
14234,TER09000050005B4  ,"ESQUINERO 900*50*50  ",TROZADO,LISTA
14234,TER09000050005B4  ,"ESQUINERO 900*50*50  ",OTRO,LISTA
14234,TER09000050005B4  ,"ESQUINERO 900*50*50  ",OTRO,LISTA
14234,TER09000050005B4  ,"ESQUINERO 900*50*50  ",TROZADO,LISTA
14234,TER09000050005B4  ,"ESQUINERO 900*50*50  ",OTRO,LISTA
14234,TER09000050005B4  ,"ESQUINERO 900*50*50  ",OTRO,LISTA
14234,TER09000050005B4  ,"ESQUINERO 900*50*50  ",TROZADO,LISTA
14234,TER09000050005B4  ,"ESQUINERO 900*50*50  ",OTRO,LISTA
14234,TER09000050005B4  ,"ESQUINERO 900*50*50  ",OTRO,LISTA
14234,TER09000050005B4  ,"ESQUINERO 900*50*50  ",TROZADO,LISTA
14234,TER09000050005B4  ,"ESQUINERO 900*50*50  ",OTRO,LISTA
14234,TER09000050005B4  ,"ESQUINERO 900*50*50  ",OTRO,LISTA
14234,TER09000050005B4  ,"ESQUINERO 900*50*50  ",TROZADO,LISTA
14234,TER09000050005B4  ,"ESQUINERO 900*50*50  ",OTRO,LISTA
14234,TER09000050005B4  ,"ESQUINERO 900*50*50  ",OTRO,LISTA
14234,TER09000050005B4  ,"ESQUINERO 900*50*50  ",TROZADO,LISTA
14234,TER09000050005B4  ,"ESQUINERO 900*50*50  ",OTRO,LISTA
14234,TER09000050005B4  ,"ESQUINERO 900*50*50  ",OTRO,LISTA
14234,TER09000050005B4  ,"ESQUINERO 900*50*50  ",TROZADO,LISTA
14234,TER09000050005B4  ,"ESQUINERO 900*50*50  ",OTRO,LISTA
14234,TER09000050005B4  ,"ESQUINERO 900*50*50  ",OTRO,LISTA
14234,TER09000050005B4  ,"ESQUINERO 900*50*50  ",TROZADO,LISTA
14234,TER09000050005B4  ,"ESQUINERO 900*50*50  ",OTRO,LISTA
14234,TER09000050005B4  ,"ESQUINERO 900*50*50  ",OTRO,LISTA
14234,TER09000050005B4  ,"ESQUINERO 900*50*50  ",TROZADO,LISTA
14234,TER09000050005B4  ,"ESQUINERO 900*50*50  ",OTRO,LISTA
14234,TER09000050005B4  ,"ESQUINERO 900*50*50  ",OTRO,LISTA
14234,TER09000050005B4  ,"ESQUINERO 900*50*50  ",TROZADO,LISTA
14234,TER09000050005B4  ,"ESQUINERO 900*50*50  ",OTRO,LISTA
14234,TER09000050005B4  ,"ESQUINERO 900*50*50  ",OTRO,LISTA
14234,TER09000050005B4  ,"ESQUINERO 900*50*50  ",TROZADO,LISTA
14234,TER09000050005B4  ,"ESQUINERO 900*50*50  ",OTRO,LISTA
14234,TER09000050005B4  ,"ESQUINERO 900*50*50  ",OTRO,LISTA
14234,TER09000050005B4  ,"ESQUINERO 900*50*50  ",TROZADO,LISTA
14234,TER09000050005B4  ,"ESQUINERO 900*50*50  ",OTRO,LISTA
14234,TER09000050005B4  ,"ESQUINERO 900*50*50  ",OTRO,LISTA
14234,TER09000050005B4  ,"ESQUINERO 900*50*50  ",TROZADO,LISTA
14234,TER09000050005B4  ,"ESQUINERO 900*50*50  ",OTRO,LISTA
14234,TER09000050005B4  ,"ESQUINERO 900*50*50  ",OTRO,LISTA
14234,TER09000050005B4  ,"ESQUINERO 900*50*50  ",TROZADO,LISTA
14234,TER09000050005B4  ,"ESQUINERO 900*50*50  ",OTRO,LISTA
14234,TER09000050005B4  ,"ESQUINERO 900*50*50  ",OTRO,LISTA
14234,TER09000050005B4  ,"ESQUINERO 900*50*50  ",TROZADO,LISTA
14234,TER09000050005B4  ,"ESQUINERO 900*50*50  ",OTRO,LISTA
14234,TER09000050005B4  ,"ESQUINERO 900*50*50  ",OTRO,LISTA
14234,TER09000050005B4  ,"ESQUINERO 900*50*50  ",TROZADO,LISTA
14234,TER09000050005B4  ,"ESQUINERO 900*50*50  ",OTRO,LISTA
14234,TER09000050005B4  ,"ESQUINERO 900*50*50  ",OTRO,LISTA
14234,TER09000050005B4  ,"ESQUINERO 900*50*50  ",TROZADO,LISTA
14234,TER09000050005B4  ,"ESQUINERO 900*50*50  ",OTRO,LISTA
14234,TER09000050005B4  ,"ESQUINERO 900*50*50  ",OTRO,LISTA
14234,TER09000050005B4  ,"ESQUINERO 900*50*50  ",TROZADO,LISTA
14234,TER09000050005B4  ,"ESQUINERO 900*50*50  ",OTRO,LISTA
14234,TER09000050005B4  ,"ESQUINERO 900*50*50  ",OTRO,LISTA
14234,TER09000050005B4  ,"ESQUINERO 900*50*50  ",TROZADO,LISTA
14234,TER09000050005B4  ,"ESQUINERO 900*50*50  ",OTRO,LISTA
14234,TER09000050005B4  ,"ESQUINERO 900*50*50  ",OTRO,LISTA
14234,TER09000050005B4  ,"ESQUINERO 900*50*50  ",TROZADO,LISTA
14234,TER09000050005B4  ,"ESQUINERO 900*50*50  ",OTRO,LISTA
14234,TER09000050005B4  ,"ESQUINERO 900*50*50  ",OTRO,LISTA
14234,TER09000050005B4  ,"ESQUINERO 900*50*50  ",TROZADO,LISTA
14234,TER09000050005B4  ,"ESQUINERO 900*50*50  ",OTRO,LISTA
14234,TER09000050005B4  ,"ESQUINERO 900*50*50  ",OTRO,LISTA
14234,TER09000050005B4  ,"ESQUINERO 900*50*50  ",TROZADO,LISTA
14234,TER09000050005B4  ,"ESQUINERO 900*50*50  ",OTRO,LISTA
14234,TER09000050005B4  ,"ESQUINERO 900*50*50  ",OTRO,LISTA
14234,TER09000050005B4  ,"ESQUINERO 900*50*50  ",TROZADO,LISTA
14234,TER09000050005B4  ,"ESQUINERO 900*50*50  ",OTRO,LISTA
14234,TER09000050005B4  ,"ESQUINERO 900*50*50  ",OTRO,LISTA
14234,TER09000050005B4  ,"ESQUINERO 900*50*50  ",TROZADO,LISTA
14234,TER09000050005B4  ,"ESQUINERO 900*50*50  ",OTRO,LISTA
14234,TER09000050005B4  ,"ESQUINERO 900*50*50  ",OTRO,LISTA
14234,TER09000050005B4  ,"ESQUINERO 900*50*50  ",TROZADO,LISTA
14234,TER09000050005B4  ,"ESQUINERO 900*50*50  ",OTRO,LISTA
14234,TER09000050005B4  ,"ESQUINERO 900*50*50  ",OTRO,LISTA
14234,TER09000050005B4  ,"ESQUINERO 900*50*50  ",TROZADO,LISTA
14234,TER09000050005B4  ,"ESQUINERO 900*50*50  ",OTRO,LISTA
14234,TER09000050005B4  ,"ESQUINERO 900*50*50  ",OTRO,LISTA
14234,TER09000050005B4  ,"ESQUINERO 900*50*50  ",TROZADO,LISTA
14234,TER09000050005B4  ,"ESQUINERO 900*50*50  ",OTRO,LISTA
14234,TER09000050005B4  ,"ESQUINERO 900*50*50  ",OTRO,LISTA
14234,TER09000050005B4  ,"ESQUINERO 900*50*50  ",TROZADO,LISTA
14234,TER09000050005B4  ,"ESQUINERO 900*50*50  ",OTRO,LISTA
14234,TER09000050005B4  ,"ESQUINERO 900*50*50  ",OTRO,LISTA
14234,TER09000050005B4  ,"ESQUINERO 900*50*50  ",TROZADO,LISTA
14234,TER09000050005B4  ,"ESQUINERO 900*50*50  ",OTRO,LISTA
14234,TER09000050005B4  ,"ESQUINERO 900*50*50  ",OTRO,LISTA
14234,TER09000050005B4  ,"ESQUINERO 900*50*50  ",TROZADO,LISTA
14234,TER09000050005B4  ,"ESQUINERO 900*50*50  ",OTRO,LISTA
14234,TER09000050005B4  ,"ESQUINERO 900*50*50  ",OTRO,LISTA
14234,TER09000050005B4  ,"ESQUINERO 900*50*50  ",TROZADO,LISTA
14234,TER09000050005B4  ,"ESQUINERO 900*50*50  ",OTRO,LISTA
14234,TER09000050005B4  ,"ESQUINERO 900*50*50  ",OTRO,LISTA
14234,TER09000050005B4  ,"ESQUINERO 900*50*50  ",TROZADO,LISTA
14234,TER09000050005B4  ,"ESQUINERO 900*50*50  ",OTRO,LISTA
14234,TER09000050005B4  ,"ESQUINERO 900*50*50  ",OTRO,LISTA
14234,TER09000050005B4  ,"ESQUINERO 900*50*50  ",TROZADO,LISTA
14234,TER09000050005B4  ,"ESQUINERO 900*50*50  ",OTRO,LISTA
14234,TER09000050005B4  ,"ESQUINERO 900*50*50  ",OTRO,LISTA
14234,TER09000050005B4  ,"ESQUINERO 900*50*50  ",TROZADO,LISTA
14234,TER09000050005B4  ,"ESQUINERO 900*50*50  ",OTRO,LISTA
14234,TER09000050005B4  ,"ESQUINERO 900*50*50  ",OTRO,LISTA
14234,TER09000050005B4  ,"ESQUINERO 900*50*50  ",TROZADO,LISTA
14234,TER09000050005B4  ,"ESQUINERO 900*50*50  ",OTRO,LISTA
14234,TER09000050005B4  ,"ESQUINERO 900*50*50  ",OTRO,LISTA
14234,TER09000050005B4  ,"ESQUINERO 900*50*50  ",TROZADO,LISTA
14234,TER09000050005B4  ,"ESQUINERO 900*50*50  ",OTRO,LISTA
14234,TER09000050005B4  ,"ESQUINERO 900*50*50  ",OTRO,LISTA
14234,TER09000050005B4  ,"ESQUINERO 900*50*50  ",TROZADO,LISTA
14234,TER09000050005B4  ,"ESQUINERO 900*50*50  ",OTRO,LISTA
14234,TER09000050005B4  ,"ESQUINERO 900*50*50  ",OTRO,LISTA
14234,TER09000050005B4  ,"ESQUINERO 900*50*50  ",TROZADO,LISTA
14234,TER09000050005B4  ,"ESQUINERO 900*50*50  ",OTRO,LISTA
14234,TER09000050005B4  ,"ESQUINERO 900*50*50  ",OTRO,LISTA
14234,TER09000050005B4  ,"ESQUINERO 900*50*50  ",TROZADO,LISTA
14234,TER09000050005B4  ,"ESQUINERO 900*50*50  ",OTRO,LISTA
14234,TER09000050005B4  ,"ESQUINERO 900*50*50  ",OTRO,LISTA
14234,TER09000050005B4  ,"ESQUINERO 900*50*50  ",TROZADO,LISTA
14234,TER09000050005B4  ,"ESQUINERO 900*50*50  ",OTRO,LISTA
14234,TER09000050005B4  ,"ESQUINERO 900*50*50  ",OTRO,LISTA
14234,TER09000050005B4  ,"ESQUINERO 900*50*50  ",TROZADO,LISTA
14234,TER09000050005B4  ,"ESQUINERO 900*50*50  ",OTRO,LISTA
14234,TER09000050005B4  ,"ESQUINERO 900*50*50  ",OTRO,LISTA
14234,TER09000050005B4  ,"ESQUINERO 900*50*50  ",TROZADO,LISTA
14234,TER09000050005B4  ,"ESQUINERO 900*50*50  ",OTRO,LISTA
14234,TER09000050005B4  ,"ESQUINERO 900*50*50  ",OTRO,LISTA
14234,TER09000050005B4  ,"ESQUINERO 900*50*50  ",TROZADO,LISTA
14234,TER09000050005B4  ,"ESQUINERO 900*50*50  ",OTRO,LISTA
14234,TER09000050005B4  ,"ESQUINERO 900*50*50  ",OTRO,LISTA
14234,TER09000050005B4  ,"ESQUINERO 900*50*50  ",TROZADO,LISTA
14234,TER09000050005B4  ,"ESQUINERO 900*50*50  ",OTRO,LISTA
14234,TER09000050005B4  ,"ESQUINERO 900*50*50  ",OTRO,LISTA
14234,TER09000050005B4  ,"ESQUINERO 900*50*50  ",TROZADO,LISTA
14234,TER09000050005B4  ,"ESQUINERO 900*50*50  ",OTRO,LISTA
14234,TER09000050005B4  ,"ESQUINERO 900*50*50  ",OTRO,LISTA
14234,TER09000050005B4  ,"ESQUINERO 900*50*50  ",TROZADO,LISTA
14234,TER09000050005B4  ,"ESQUINERO 900*50*50  ",OTRO,LISTA
14234,TER09000050005B4  ,"ESQUINERO 900*50*50  ",OTRO,LISTA
14234,TER09000050005B4  ,"ESQUINERO 900*50*50  ",TROZADO,LISTA
14234,TER09000050005B4  ,"ESQUINERO 900*50*50  ",OTRO,LISTA
14234,TER09000050005B4  ,"ESQUINERO 900*50*50  ",OTRO,LISTA
14234,TER09000050005B4  ,"ESQUINERO 900*50*50  ",TROZADO,LISTA
14234,TER09000050005B4  ,"ESQUINERO 900*50*50  ",OTRO,LISTA
14234,TER09000050005B4  ,"ESQUINERO 900*50*50  ",OTRO,LISTA
14234,TER09000050005B4  ,"ESQUINERO 900*50*50  ",TROZADO,LISTA
14234,TER09000050005B4  ,"ESQUINERO 900*50*50  ",OTRO,LISTA
14234,TER09000050005B4  ,"ESQUINERO 900*50*50  ",OTRO,LISTA
14234,TER09000050005B4  ,"ESQUINERO 900*50*50  ",TROZADO,LISTA
14234,TER09000050005B4  ,"ESQUINERO 900*50*50  ",OTRO,LISTA
14234,TER09000050005B4  ,"ESQUINERO 900*50*50  ",OTRO,LISTA
14234,TER09000050005B4  ,"ESQUINERO 900*50*50  ",TROZADO,LISTA
14234,TER09000050005B4  ,"ESQUINERO 900*50*50  ",OTRO,LISTA
14234,TER09000050005B4  ,"ESQUINERO 900*50*50  ",OTRO,LISTA
14234,TER09000050005B4  ,"ESQUINERO 900*50*50  ",TROZADO,LISTA
14234,TER09000050005B4  ,"ESQUINERO 900*50*50  ",OTRO,LISTA
14234,TER09000050005B4  ,"ESQUINERO 900*50*50  ",OTRO,LISTA
14234,TER09000050005B4  ,"ESQUINERO 900*50*50  ",TROZADO,LISTA
14234,TER09000050005B4  ,"ESQUINERO 900*50*50  ",OTRO,LISTA
14234,TER09000050005B4  ,"ESQUINERO 900*50*50  ",OTRO,LISTA
14234,TER09000050005B4  ,"ESQUINERO 900*50*50  ",TROZADO,LISTA
14234,TER09000050005B4  ,"ESQUINERO 900*50*50  ",OTRO,LISTA
14234,TER09000050005B4  ,"ESQUINERO 900*50*50  ",OTRO,LISTA
14234,TER09000050005B4  ,"ESQUINERO 900*50*50  ",TROZADO,LISTA
14234,TER09000050005B4  ,"ESQUINERO 900*50*50  ",OTRO,LISTA
14234,TER09000050005B4  ,"ESQUINERO 900*50*50  ",OTRO,LISTA
14234,TER09000050005B4  ,"ESQUINERO 900*50*50  ",TROZADO,LISTA
14234,TER09000050005B4  ,"ESQUINERO 900*50*50  ",OTRO,LISTA
14234,TER09000050005B4  ,"ESQUINERO 900*50*50  ",OTRO,LISTA
14234,TER09000050005B4  ,"ESQUINERO 900*50*50  ",TROZADO,LISTA
14234,TER09000050005B4  ,"ESQUINERO 900*50*50  ",OTRO,LISTA
14234,TER09000050005B4  ,"ESQUINERO 900*50*50  ",OTRO,LISTA
14234,TER09000050005B4  ,"ESQUINERO 900*50*50  ",TROZADO,LISTA
14234,TER09000050005B4  ,"ESQUINERO 900*50*50  ",OTRO,LISTA
14234,TER09000050005B4  ,"ESQUINERO 900*50*50  ",OTRO,LISTA
14234,TER09000050005B4  ,"ESQUINERO 900*50*50  ",TROZADO,LISTA
14234,TER09000050005B4  ,"ESQUINERO 900*50*50  ",OTRO,LISTA
14234,TER09000050005B4  ,"ESQUINERO 900*50*50  ",OTRO,LISTA
14234,TER09000050005B4  ,"ESQUINERO 900*50*50  ",TROZADO,LISTA
14234,TER09000050005B4  ,"ESQUINERO 900*50*50  ",OTRO,LISTA
14234,TER09000050005B4  ,"ESQUINERO 900*50*50  ",OTRO,LISTA
14234,TER09000050005B4  ,"ESQUINERO 900*50*50  ",TROZADO,LISTA
14234,TER09000050005B4  ,"ESQUINERO 900*50*50  ",OTRO,LISTA
14234,TER09000050005B4  ,"ESQUINERO 900*50*50  ",OTRO,LISTA
14234,TER09000050005B4  ,"ESQUINERO 900*50*50  ",TROZADO,LISTA
14234,TER09000050005B4  ,"ESQUINERO 900*50*50  ",OTRO,LISTA
14234,TER09000050005B4  ,"ESQUINERO 900*50*50  ",OTRO,LISTA
14234,TER09000050005B4  ,"ESQUINERO 900*50*50  ",TROZADO,LISTA
14234,TER09000050005B4  ,"ESQUINERO 900*50*50  ",OTRO,LISTA
14234,TER09000050005B4  ,"ESQUINERO 900*50*50  ",OTRO,LISTA
14234,TER09000050005B4  ,"ESQUINERO 900*50*50  ",TROZADO,LISTA
14234,TER09000050005B4  ,"ESQUINERO 900*50*50  ",OTRO,LISTA
14234,TER09000050005B4  ,"ESQUINERO 900*50*50  ",OTRO,LISTA
14234,TER09000050005B4  ,"ESQUINERO 900*50*50  ",TROZADO,LISTA
14234,TER09000050005B4  ,"ESQUINERO 900*50*50  ",OTRO,LISTA
14234,TER09000050005B4  ,"ESQUINERO 900*50*50  ",OTRO,LISTA
14234,TER09000050005B4  ,"ESQUINERO 900*50*50  ",TROZADO,LISTA
14234,TER09000050005B4  ,"ESQUINERO 900*50*50  ",OTRO,LISTA
14234,TER09000050005B4  ,"ESQUINERO 900*50*50  ",OTRO,LISTA
14234,TER09000050005B4  ,"ESQUINERO 900*50*50  ",TROZADO,LISTA
14234,TER09000050005B4  ,"ESQUINERO 900*50*50  ",OTRO,LISTA
14234,TER09000050005B4  ,"ESQUINERO 900*50*50  ",OTRO,LISTA
14234,TER09000050005B4  ,"ESQUINERO 900*50*50  ",TROZADO,LISTA
14234,TER09000050005B4  ,"ESQUINERO 900*50*50  ",OTRO,LISTA
14234,TER09000050005B4  ,"ESQUINERO 900*50*50  ",OTRO,LISTA
14234,TER09000050005B4  ,"ESQUINERO 900*50*50  ",TROZADO,LISTA
14234,TER09000050005B4  ,"ESQUINERO 900*50*50  ",OTRO,LISTA
14234,TER09000050005B4  ,"ESQUINERO 900*50*50  ",OTRO,LISTA
14234,TER09000050005B4  ,"ESQUINERO 900*50*50  ",TROZADO,LISTA
14234,TER09000050005B4  ,"ESQUINERO 900*50*50  ",OTRO,LISTA
14234,TER09000050005B4  ,"ESQUINERO 900*50*50  ",OTRO,LISTA
14234,TER09000050005B4  ,"ESQUINERO 900*50*50  ",TROZADO,LISTA
14234,TER09000050005B4  ,"ESQUINERO 900*50*50  ",OTRO,LISTA
14234,TER09000050005B4  ,"ESQUINERO 900*50*50  ",OTRO,LISTA
14234,TER09000050005B4  ,"ESQUINERO 900*50*50  ",TROZADO,LISTA
14234,TER09000050005B4  ,"ESQUINERO 900*50*50  ",OTRO,LISTA
14234,TER09000050005B4  ,"ESQUINERO 900*50*50  ",OTRO,LISTA
14234,TER09000050005B4  ,"ESQUINERO 900*50*50  ",TROZADO,LISTA
14234,TER09000050005B4  ,"ESQUINERO 900*50*50  ",OTRO,LISTA
14234,TER09000050005B4  ,"ESQUINERO 900*50*50  ",OTRO,LISTA
14234,TER09000050005B4  ,"ESQUINERO 900*50*50  ",TROZADO,LISTA
14234,TER09000050005B4  ,"ESQUINERO 900*50*50  ",OTRO,LISTA
14234,TER09000050005B4  ,"ESQUINERO 900*50*50  ",OTRO,LISTA
14234,TER09000050005B4  ,"ESQUINERO 900*50*50  ",TROZADO,LISTA
14234,TER09000050005B4  ,"ESQUINERO 900*50*50  ",OTRO,LISTA
14234,TER09000050005B4  ,"ESQUINERO 900*50*50  ",OTRO,LISTA
14234,TER09000050005B4  ,"ESQUINERO 900*50*50  ",TROZADO,LISTA
14234,TER09000050005B4  ,"ESQUINERO 900*50*50  ",OTRO,LISTA
14234,TER09000050005B4  ,"ESQUINERO 900*50*50  ",OTRO,LISTA
14234,TER09000050005B4  ,"ESQUINERO 900*50*50  ",TROZADO,LISTA
14234,TER09000050005B4  ,"ESQUINERO 900*50*50  ",OTRO,LISTA
14234,TER09000050005B4  ,"ESQUINERO 900*50*50  ",OTRO,LISTA
14234,TER09000050005B4  ,"ESQUINERO 900*50*50  ",TROZADO,LISTA
14234,TER09000050005B4  ,"ESQUINERO 900*50*50  ",OTRO,LISTA
14234,TER09000050005B4  ,"ESQUINERO 900*50*50  ",OTRO,LISTA
14234,TER09000050005B4  ,"ESQUINERO 900*50*50  ",TROZADO,LISTA
14234,TER09000050005B4  ,"ESQUINERO 900*50*50  ",OTRO,LISTA
14234,TER09000050005B4  ,"ESQUINERO 900*50*50  ",OTRO,LISTA
14234,TER09000050005B4  ,"ESQUINERO 900*50*50  ",TROZADO,LISTA
14234,TER09000050005B4  ,"ESQUINERO 900*50*50  ",OTRO,LISTA
14234,TER09000050005B4  ,"ESQUINERO 900*50*50  ",OTRO,LISTA
14234,TER09000050005B4  ,"ESQUINERO 900*50*50  ",TROZADO,LISTA
14234,TER09000050005B4  ,"ESQUINERO 900*50*50  ",OTRO,LISTA
14234,TER09000050005B4  ,"ESQUINERO 900*50*50  ",OTRO,LISTA
14234,TER09000050005B4  ,"ESQUINERO 900*50*50  ",TROZADO,LISTA
14234,TER09000050005B4  ,"ESQUINERO 900*50*50  ",OTRO,LISTA
14234,TER09000050005B4  ,"ESQUINERO 900*50*50  ",OTRO,LISTA
14234,TER09000050005B4  ,"ESQUINERO 900*50*50  ",TROZADO,LISTA
14234,TER09000050005B4  ,"ESQUINERO 900*50*50  ",OTRO,LISTA
14234,TER09000050005B4  ,"ESQUINERO 900*50*50  ",OTRO,LISTA
14234,TER09000050005B4  ,"ESQUINERO 900*50*50  ",TROZADO,LISTA
14234,TER09000050005B4  ,"ESQUINERO 900*50*50  ",OTRO,LISTA
14234,TER09000050005B4  ,"ESQUINERO 900*50*50  ",OTRO,LISTA
14234,TER09000050005B4  ,"ESQUINERO 900*50*50  ",TROZADO,LISTA
14234,TER09000050005B4  ,"ESQUINERO 900*50*50  ",OTRO,LISTA
14234,TER09000050005B4  ,"ESQUINERO 900*50*50  ",OTRO,LISTA
14234,TER09000050005B4  ,"ESQUINERO 900*50*50  ",TROZADO,LISTA
14234,TER09000050005B4  ,"ESQUINERO 900*50*50  ",OTRO,LISTA
14234,TER09000050005B4  ,"ESQUINERO 900*50*50  ",OTRO,LISTA
14234,TER09000050005B4  ,"ESQUINERO 900*50*50  ",TROZADO,LISTA
14234,TER09000050005B4  ,"ESQUINERO 900*50*50  ",OTRO,LISTA
14234,TER09000050005B4  ,"ESQUINERO 900*50*50  ",OTRO,LISTA
14234,TER09000050005B4  ,"ESQUINERO 900*50*50  ",TROZADO,LISTA
14234,TER09000050005B4  ,"ESQUINERO 900*50*50  ",OTRO,LISTA
14234,TER09000050005B4  ,"ESQUINERO 900*50*50  ",OTRO,LISTA
14234,TER09000050005B4  ,"ESQUINERO 900*50*50  ",TROZADO,LISTA
14234,TER09000050005B4  ,"ESQUINERO 900*50*50  ",OTRO,LISTA
14234,TER09000050005B4  ,"ESQUINERO 900*50*50  ",OTRO,LISTA
14234,TER09000050005B4  ,"ESQUINERO 900*50*50  ",TROZADO,LISTA
14234,TER09000050005B4  ,"ESQUINERO 900*50*50  ",OTRO,LISTA
14234,TER09000050005B4  ,"ESQUINERO 900*50*50  ",OTRO,LISTA
14234,TER09000050005B4  ,"ESQUINERO 900*50*50  ",TROZADO,LISTA
14234,TER09000050005B4  ,"ESQUINERO 900*50*50  ",OTRO,LISTA
14234,TER09000050005B4  ,"ESQUINERO 900*50*50  ",OTRO,LISTA
14234,TER09000050005B4  ,"ESQUINERO 900*50*50  ",TROZADO,LISTA
14234,TER09000050005B4  ,"ESQUINERO 900*50*50  ",OTRO,LISTA
14234,TER09000050005B4  ,"ESQUINERO 900*50*50  ",OTRO,LISTA
14234,TER09000050005B4  ,"ESQUINERO 900*50*50  ",TROZADO,LISTA
14234,TER09000050005B4  ,"ESQUINERO 900*50*50  ",OTRO,LISTA
14234,TER09000050005B4  ,"ESQUINERO 900*50*50  ",OTRO,LISTA
14234,TER09000050005B4  ,"ESQUINERO 900*50*50  ",TROZADO,LISTA
14234,TER09000050005B4  ,"ESQUINERO 900*50*50  ",OTRO,LISTA
14234,TER09000050005B4  ,"ESQUINERO 900*50*50  ",OTRO,LISTA
14234,TER09000050005B4  ,"ESQUINERO 900*50*50  ",TROZADO,LISTA
14234,TER09000050005B4  ,"ESQUINERO 900*50*50  ",OTRO,LISTA
14234,TER09000050005B4  ,"ESQUINERO 900*50*50  ",OTRO,LISTA
14234,TER09000050005B4  ,"ESQUINERO 900*50*50  ",TROZADO,LISTA
14234,TER09000050005B4  ,"ESQUINERO 900*50*50  ",OTRO,LISTA
14234,TER09000050005B4  ,"ESQUINERO 900*50*50  ",OTRO,LISTA
14234,TER09000050005B4  ,"ESQUINERO 900*50*50  ",TROZADO,LISTA
14234,TER09000050005B4  ,"ESQUINERO 900*50*50  ",OTRO,LISTA
14234,TER09000050005B4  ,"ESQUINERO 900*50*50  ",OTRO,LISTA
14234,TER09000050005B4  ,"ESQUINERO 900*50*50  ",TROZADO,LISTA
14234,TER09000050005B4  ,"ESQUINERO 900*50*50  ",OTRO,LISTA
14234,TER09000050005B4  ,"ESQUINERO 900*50*50  ",OTRO,LISTA
14234,TER09000050005B4  ,"ESQUINERO 900*50*50  ",TROZADO,LISTA
14234,TER09000050005B4  ,"ESQUINERO 900*50*50  ",OTRO,LISTA
14234,TER09000050005B4  ,"ESQUINERO 900*50*50  ",OTRO,LISTA
14234,TER09000050005B4  ,"ESQUINERO 900*50*50  ",TROZADO,LISTA
14234,TER09000050005B4  ,"ESQUINERO 900*50*50  ",OTRO,LISTA
14234,TER09000050005B4  ,"ESQUINERO 900*50*50  ",OTRO,LISTA
14234,TER09000050005B4  ,"ESQUINERO 900*50*50  ",TROZADO,LISTA
14234,TER09000050005B4  ,"ESQUINERO 900*50*50  ",OTRO,LISTA
14234,TER09000050005B4  ,"ESQUINERO 900*50*50  ",OTRO,LISTA
14234,TER09000050005B4  ,"ESQUINERO 900*50*50  ",TROZADO,LISTA
14234,TER09000050005B4  ,"ESQUINERO 900*50*50  ",OTRO,LISTA
14234,TER09000050005B4  ,"ESQUINERO 900*50*50  ",OTRO,LISTA
14234,TER09000050005B4  ,"ESQUINERO 900*50*50  ",TROZADO,LISTA
14234,TER09000050005B4  ,"ESQUINERO 900*50*50  ",OTRO,LISTA
14234,TER09000050005B4  ,"ESQUINERO 900*50*50  ",OTRO,LISTA
14234,TER09000050005B4  ,"ESQUINERO 900*50*50  ",TROZADO,LISTA
14234,TER09000050005B4  ,"ESQUINERO 900*50*50  ",OTRO,LISTA
14234,TER09000050005B4  ,"ESQUINERO 900*50*50  ",OTRO,LISTA
14234,TER09000050005B4  ,"ESQUINERO 900*50*50  ",TROZADO,LISTA
14234,TER09000050005B4  ,"ESQUINERO 900*50*50  ",OTRO,LISTA
14234,TER09000050005B4  ,"ESQUINERO 900*50*50  ",OTRO,LISTA
14234,TER09000050005B4  ,"ESQUINERO 900*50*50  ",TROZADO,LISTA
14234,TER09000050005B4  ,"ESQUINERO 900*50*50  ",OTRO,LISTA
14234,TER09000050005B4  ,"ESQUINERO 900*50*50  ",OTRO,LISTA
14234,TER09000050005B4  ,"ESQUINERO 900*50*50  ",TROZADO,LISTA
14234,TER09000050005B4  ,"ESQUINERO 900*50*50  ",OTRO,LISTA
14234,TER09000050005B4  ,"ESQUINERO 900*50*50  ",OTRO,LISTA
14234,TER09000050005B4  ,"ESQUINERO 900*50*50  ",TROZADO,LISTA
14234,TER09000050005B4  ,"ESQUINERO 900*50*50  ",OTRO,LISTA
14234,TER09000050005B4  ,"ESQUINERO 900*50*50  ",OTRO,LISTA
14234,TER09000050005B4  ,"ESQUINERO 900*50*50  ",TROZADO,LISTA
14234,TER09000050005B4  ,"ESQUINERO 900*50*50  ",OTRO,LISTA
14234,TER09000050005B4  ,"ESQUINERO 900*50*50  ",OTRO,LISTA
14234,TER09000050005B4  ,"ESQUINERO 900*50*50  ",TROZADO,LISTA
14234,TER09000050005B4  ,"ESQUINERO 900*50*50  ",OTRO,LISTA
14234,TER09000050005B4  ,"ESQUINERO 900*50*50  ",OTRO,LISTA
14234,TER09000050005B4  ,"ESQUINERO 900*50*50  ",TROZADO,LISTA
14234,TER09000050005B4  ,"ESQUINERO 900*50*50  ",OTRO,LISTA
14234,TER09000050005B4  ,"ESQUINERO 900*50*50  ",OTRO,LISTA
14234,TER09000050005B4  ,"ESQUINERO 900*50*50  ",TROZADO,LISTA
14234,TER09000050005B4  ,"ESQUINERO 900*50*50  ",OTRO,LISTA
14234,TER09000050005B4  ,"ESQUINERO 900*50*50  ",OTRO,LISTA
14235,REL0950003232.710E,"RELLENO 95C32 32.7 10E CELDA 201",MULTIPLE,LISTA
14235,REL0950003232.710E,"RELLENO 95C32 32.7 10E CELDA 201",OTRO,LISTA
14235,REL0950003232.710E,"RELLENO 95C32 32.7 10E CELDA 201",ENCOLADO,LISTA
14235,REL0950003237.710E,"RELLENO 95C32 37.7 10E CELDA 201",MULTIPLE,LISTA
14235,REL0950003237.710E,"RELLENO 95C32 37.7 10E CELDA 201",OTRO,LISTA
14235,REL0950003237.710E,"RELLENO 95C32 37.7 10E CELDA 201",ENCOLADO,LISTA
14236,REL0950003237.710E,"RELLENO 95C32 37.7 10E CELDA 201",MULTIPLE,PENDIENTE
14236,REL0950003237.710E,"RELLENO 95C32 37.7 10E CELDA 201",OTRO,PENDIENTE
14236,REL0950003237.710E,"RELLENO 95C32 37.7 10E CELDA 201",ENCOLADO,PENDIENTE
14237,SEP100010000004C20,"SEPARADOR 1000*1000*4 C20 SEP-",TROZADO,LISTA
14237,SEP100010000004C20,"SEPARADOR 1000*1000*4 C20 SEP-",OTRO,LISTA
14237,SEP100010000004C20,"SEPARADOR 1000*1000*4 C20 SEP-",OTRO,LISTA
14238,REL09500027003709B,"RELLENO 95C27 37.0 09B CELDA 249",MULTIPLE,LISTA
14238,REL09500027003709B,"RELLENO 95C27 37.0 09B CELDA 249",OTRO,LISTA
14238,REL09500027003709B,"RELLENO 95C27 37.0 09B CELDA 249",ENCOLADO,LISTA
14238,REL09500027003709B,"RELLENO 95C27 37.0 09B CELDA 249",OTRO,LISTA
14239,REL0950002139.709B,"RELLENO 95C21 39.7 09B CELDA 287",ENCOLADO,LISTA
14239,REL0950002139.709B,"RELLENO 95C21 39.7 09B CELDA 287",MULTIPLE,LISTA
14239,REL0950002139.709B,"RELLENO 95C21 39.7 09B CELDA 287",OTRO,LISTA
14240,REL1100025275.09B,"RELLENO 110C25 27.5 09B CELDA 249",ENCOLADO,LISTA
14240,REL1100025275.09B,"RELLENO 110C25 27.5 09B CELDA 249",MULTIPLE,LISTA
14240,REL1100025275.09B,"RELLENO 110C25 27.5 09B CELDA 249",OTRO,LISTA
14240,REL1100025275.09B,"RELLENO 110C25 27.5 09B CELDA 249",OTRO,LISTA
14242,REL1100002537.509B,"RELLENO 110C25 37.5 09B CELDA 249",OTRO,LISTA
14242,REL1100002537.509B,"RELLENO 110C25 37.5 09B CELDA 249",ENCOLADO,LISTA
14242,REL1100002537.509B,"RELLENO 110C25 37.5 09B CELDA 249",MULTIPLE,LISTA
14243,REL0950002138.509B,"RELLENO 95C21 38.5 09B CELDA 287",ENCOLADO,LISTA
14243,REL0950002138.509B,"RELLENO 95C21 38.5 09B CELDA 287",MULTIPLE,LISTA
14243,REL0950002138.509B,"RELLENO 95C21 38.5 09B CELDA 287",OTRO,LISTA
14244,CAJ192002901250D92,"CAJA 1920*290*1250 D92 TR.",CALADO,LISTA
14244,CAJ192002901250D92,"CAJA 1920*290*1250 D92 TR.",PEGADO,LISTA
14244,CAJ192002901250D92,"CAJA 1920*290*1250 D92 TR.",TROZADO,LISTA
14244,CAJ192002901250D92,"CAJA 1920*290*1250 D92 TR.",OTRO,LISTA
14244,CAJ192002901250D92,"CAJA 1920*290*1250 D92 TR.",PLIZADO,LISTA
14245,TER010000500005CT5,"ESQUINERO 100*50*5 CT5 B5 BLANCO",OTRO,LISTA
14245,TER010000500005CT5,"ESQUINERO 100*50*5 CT5 B5 BLANCO",OTRO,LISTA
14246,EMP107009800660D94,"BIN 1070*980*660 D94 B2.",EMPLACADO,LISTA
14246,EMP107009800660D94,"BIN 1070*980*660 D94 B2.",TROZADO,LISTA
14246,EMP107009800660D94,"BIN 1070*980*660 D94 B2.",OTRO,LISTA
14246,EMP107009800660D94,"BIN 1070*980*660 D94 B2.",OTRO,LISTA
14246,EMP107009800660D94,"BIN 1070*980*660 D94 B2.",OTRO,LISTA
14246,EMP107009800660D94,"BIN 1070*980*660 D94 B2.",PEGADO,LISTA
14246,EMP107009800660D94,"BIN 1070*980*660 D94 B2.",IMPRESION,LISTA
14246,SEP10600970000210E,"SEPARADOR 1060*970*2 10E SEP.",TROZADO,LISTA
14246,SEP10600970000210E,"SEPARADOR 1060*970*2 10E SEP.",OTRO,LISTA
14246,SEP10600970000210E,"SEPARADOR 1060*970*2 10E SEP.",OTRO,LISTA
14246,TRO154512400004C20,"TAPA 1120*1030*100 C20 AA TRO.",TROZADO,LISTA
14246,TRO154512400004C20,"TAPA 1120*1030*100 C20 AA TRO.",TROQUELADO,LISTA
14246,TRO154512400004C20,"TAPA 1120*1030*100 C20 AA TRO.",OTRO,LISTA
14247,EMP093009301025D99,"BIN 465*465*465*1025 D99 O3 OCTO1000.",TROZADO,LISTA
14247,EMP093009301025D99,"BIN 465*465*465*1025 D99 O3 OCTO1000.",OTRO,LISTA
14247,EMP093009301025D99,"BIN 465*465*465*1025 D99 O3 OCTO1000.",OTRO,LISTA
14247,EMP093009301025D99,"BIN 465*465*465*1025 D99 O3 OCTO1000.",OTRO,LISTA
14247,EMP093009301025D99,"BIN 465*465*465*1025 D99 O3 OCTO1000.",EMPLACADO,LISTA
14247,EMP093009301025D99,"BIN 465*465*465*1025 D99 O3 OCTO1000.",PEGADO,LISTA
14247,EMP093009301025D99,"BIN 465*465*465*1025 D99 O3 OCTO1000.",IMPRESION,LISTA
14247,EMP093009301025D99,"BIN 465*465*465*1025 D99 O3 OCTO1000.",OTRO,LISTA
14247,TRO141513150120C30,"FONDO 445*445*120 C30 TRO OCTO1000",TROZADO,LISTA
14247,TRO141513150120C30,"FONDO 445*445*120 C30 TRO OCTO1000",OTRO,LISTA
14247,TRO141513150120C30,"FONDO 445*445*120 C30 TRO OCTO1000",TROQUELADO,LISTA
14248,EMP093009301025D99,"BIN 465*465*465*1025 D99 O3 OCTO1000.",TROZADO,LISTA
14248,EMP093009301025D99,"BIN 465*465*465*1025 D99 O3 OCTO1000.",OTRO,LISTA
14248,EMP093009301025D99,"BIN 465*465*465*1025 D99 O3 OCTO1000.",OTRO,LISTA
14248,EMP093009301025D99,"BIN 465*465*465*1025 D99 O3 OCTO1000.",OTRO,LISTA
14248,EMP093009301025D99,"BIN 465*465*465*1025 D99 O3 OCTO1000.",EMPLACADO,LISTA
14248,EMP093009301025D99,"BIN 465*465*465*1025 D99 O3 OCTO1000.",PEGADO,LISTA
14248,EMP093009301025D99,"BIN 465*465*465*1025 D99 O3 OCTO1000.",IMPRESION,LISTA
14248,EMP093009301025D99,"BIN 465*465*465*1025 D99 O3 OCTO1000.",OTRO,LISTA
14248,TRO141513150120C30,"FONDO 445*445*120 C30 TRO OCTO1000",TROZADO,LISTA
14248,TRO141513150120C30,"FONDO 445*445*120 C30 TRO OCTO1000",OTRO,LISTA
14248,TRO141513150120C30,"FONDO 445*445*120 C30 TRO OCTO1000",TROQUELADO,LISTA
14249,REL0950002139.709B,"RELLENO 95C21 39.7 09B CELDA 287",ENCOLADO,LISTA
14249,REL0950002139.709B,"RELLENO 95C21 39.7 09B CELDA 287",MULTIPLE,LISTA
14249,REL0950002139.709B,"RELLENO 95C21 39.7 09B CELDA 287",OTRO,LISTA
14249,REL1100002139.709B,"RELLENO 110C21 A 39.7 09B CELDA 291",ENCOLADO,LISTA
14249,REL1100002139.709B,"RELLENO 110C21 A 39.7 09B CELDA 291",MULTIPLE,LISTA
14249,REL1100002139.709B,"RELLENO 110C21 A 39.7 09B CELDA 291",OTRO,LISTA
14249,REL1100002139.709B,"RELLENO 110C21 A 39.7 09B CELDA 291",OTRO,LISTA
14250,EMP094009401001D92,"BIN 940*940*1000 D92 B2",EMPLACADO,PENDIENTE
14250,EMP094009401001D92,"BIN 940*940*1000 D92 B2",TROZADO,PENDIENTE
14250,EMP094009401001D92,"BIN 940*940*1000 D92 B2",OTRO,PENDIENTE
14250,EMP094009401001D92,"BIN 940*940*1000 D92 B2",OTRO,PENDIENTE
14250,EMP094009401001D92,"BIN 940*940*1000 D92 B2",PEGADO,PENDIENTE
14250,EMP094009401001D92,"BIN 940*940*1000 D92 B2",OTRO,PENDIENTE
14250,TRO140012000101C20,"TAPA 985*985*100 C20 AA TRO",TROZADO,PENDIENTE
14250,TRO140012000101C20,"TAPA 985*985*100 C20 AA TRO",TROQUELADO,PENDIENTE
14250,TRO140012000101C20,"TAPA 985*985*100 C20 AA TRO",OTRO,PENDIENTE
14251,EMP104008501000D94,"BIN 740*550*300*1000 D94 02 RECTOCTO",EMPLACADO,LISTA
14251,EMP104008501000D94,"BIN 740*550*300*1000 D94 02 RECTOCTO",TROZADO,LISTA
14251,EMP104008501000D94,"BIN 740*550*300*1000 D94 02 RECTOCTO",OTRO,LISTA
14251,EMP104008501000D94,"BIN 740*550*300*1000 D94 02 RECTOCTO",OTRO,LISTA
14251,EMP104008501000D94,"BIN 740*550*300*1000 D94 02 RECTOCTO",OTRO,LISTA
14251,EMP104008501000D94,"BIN 740*550*300*1000 D94 02 RECTOCTO",PEGADO,LISTA
14251,EMP104008501000D94,"BIN 740*550*300*1000 D94 02 RECTOCTO",IMPRESION,LISTA
14251,EMP104008501000D94,"BIN 740*550*300*1000 D94 02 RECTOCTO",OTRO,LISTA
14251,EMP104008501000D98,"BIN 740*550*300*1000 D98 02 RECTOCTO",EMPLACADO,LISTA
14251,EMP104008501000D98,"BIN 740*550*300*1000 D98 02 RECTOCTO",TROZADO,LISTA
14251,EMP104008501000D98,"BIN 740*550*300*1000 D98 02 RECTOCTO",OTRO,LISTA
14251,EMP104008501000D98,"BIN 740*550*300*1000 D98 02 RECTOCTO",OTRO,LISTA
14251,EMP104008501000D98,"BIN 740*550*300*1000 D98 02 RECTOCTO",PEGADO,LISTA
14251,EMP104008501000D98,"BIN 740*550*300*1000 D98 02 RECTOCTO",IMPRESION,LISTA
14251,EMP104008501000D98,"BIN 740*550*300*1000 D98 02 RECTOCTO",OTRO,LISTA
14251,TER023002300100TUB,"BOLSA 230*230*100 POLIETILENO",OTRO,LISTA
14251,TRO149829000150C20,"TAPA 750*540*320*150 C20 TRO RECTOCTO S/V",TROZADO,LISTA
14251,TRO149829000150C20,"TAPA 750*540*320*150 C20 TRO RECTOCTO S/V",TROQUELADO,LISTA
14252,CAJ077504150315D94,"CAJA 775*415*315 D94 NO",PLIZADO,LISTA
14252,CAJ077504150315D94,"CAJA 775*415*315 D94 NO",CALADO,LISTA
14252,CAJ077504150315D94,"CAJA 775*415*315 D94 NO",PEGADO,LISTA
14252,CAJ077504150315D94,"CAJA 775*415*315 D94 NO",TROZADO,LISTA
14252,CAJ077504150315D94,"CAJA 775*415*315 D94 NO",OTRO,LISTA
14252,CAJ077504150315D94,"CAJA 775*415*315 D94 NO",IMPRESION,LISTA
14252,CUB02650210007012C,"CUBIERTA 265*210*70 12C C1",EMPLACADO,LISTA
14252,CUB02650210007012C,"CUBIERTA 265*210*70 12C C1",TROZADO,LISTA
14252,CUB02650210007012C,"CUBIERTA 265*210*70 12C C1",OTRO,LISTA
14252,CUB05100340006512C,"CUBIERTA 510*340*65 12C C1",EMPLACADO,LISTA
14252,CUB05100340006512C,"CUBIERTA 510*340*65 12C C1",TROZADO,LISTA
14252,CUB05100340006512C,"CUBIERTA 510*340*65 12C C1",OTRO,LISTA
14252,CUB05300265003012C,"CUBIERTA 530*265*30 12C C1",EMPLACADO,LISTA
14252,CUB05300265003012C,"CUBIERTA 530*265*30 12C C1",TROZADO,LISTA
14252,CUB05300265003012C,"CUBIERTA 530*265*30 12C C1",OTRO,LISTA
14252,CUB07400400003012C,"CUBIERTA 740*400*30 12C C1",EMPLACADO,LISTA
14252,CUB07400400003012C,"CUBIERTA 740*400*30 12C C1",TROZADO,LISTA
14252,CUB07400400003012C,"CUBIERTA 740*400*30 12C C1",OTRO,LISTA
14252,SEP034011820003C20,"PROTEC PANTALLA 340*1182 C20 SEP 3 PLIZ.",PLIZADO,LISTA
14252,SEP034011820003C20,"PROTEC PANTALLA 340*1182 C20 SEP 3 PLIZ.",TROZADO,LISTA
14252,SEP034011820003C20,"PROTEC PANTALLA 340*1182 C20 SEP 3 PLIZ.",OTRO,LISTA
14252,SEP040503050007D94,"PROTECTOR 405*305 D94 SEP",TROZADO,LISTA
14252,SEP040503050007D94,"PROTECTOR 405*305 D94 SEP",OTRO,LISTA
14253,REL11000025003309B,"RELLENO 110C25 33.0 09B CELDA 249

",OTRO,LISTA
14253,REL11000025003309B,"RELLENO 110C25 33.0 09B CELDA 249

",ENCOLADO,LISTA
14253,REL11000025003309B,"RELLENO 110C25 33.0 09B CELDA 249

",MULTIPLE,LISTA
14253,REL11000025003309B,"RELLENO 110C25 33.0 09B CELDA 249

",OTRO,LISTA
14254,CAJ04120412101009B,"CAJA 206*206*1010*200 C20 TU OCTOCABLE 1010",CALADO,LISTA
14254,CAJ04120412101009B,"CAJA 206*206*1010*200 C20 TU OCTOCABLE 1010",PEGADO,LISTA
14254,CAJ04120412101009B,"CAJA 206*206*1010*200 C20 TU OCTOCABLE 1010",TROZADO,LISTA
14254,CAJ04120412101009B,"CAJA 206*206*1010*200 C20 TU OCTOCABLE 1010",OTRO,LISTA
14254,CAJ04120412101009B,"CAJA 206*206*1010*200 C20 TU OCTOCABLE 1010",OTRO,LISTA
14254,CAJ04120412101009B,"CAJA 206*206*1010*200 C20 TU OCTOCABLE 1010",PLIZADO,LISTA
14254,EMP082008201020D99,"BIN 410*410*410*1020 D99 O3 OCTOCABLE",IMPRESION,LISTA
14254,EMP082008201020D99,"BIN 410*410*410*1020 D99 O3 OCTOCABLE",TROZADO,LISTA
14254,EMP082008201020D99,"BIN 410*410*410*1020 D99 O3 OCTOCABLE",OTRO,LISTA
14254,EMP082008201020D99,"BIN 410*410*410*1020 D99 O3 OCTOCABLE",OTRO,LISTA
14254,EMP082008201020D99,"BIN 410*410*410*1020 D99 O3 OCTOCABLE",OTRO,LISTA
14254,EMP082008201020D99,"BIN 410*410*410*1020 D99 O3 OCTOCABLE",OTRO,LISTA
14254,EMP082008201020D99,"BIN 410*410*410*1020 D99 O3 OCTOCABLE",EMPLACADO,LISTA
14254,EMP082008201020D99,"BIN 410*410*410*1020 D99 O3 OCTOCABLE",PEGADO,LISTA
14254,EMP082008201020D99,"BIN 410*410*410*1020 D99 O3 OCTOCABLE",IMPRESION,LISTA
14254,TRO093009300007D94,"FONDO 386*386 D94 TRO SEP OCTOCABLE",OTRO,LISTA
14254,TRO093009300007D94,"FONDO 386*386 D94 TRO SEP OCTOCABLE",TROZADO,LISTA
14254,TRO093009300007D94,"FONDO 386*386 D94 TRO SEP OCTOCABLE",TROQUELADO,LISTA
14254,TRO093009300007D94,"FONDO 386*386 D94 TRO SEP OCTOCABLE",OTRO,LISTA
14254,TRO140014000200C30,"TAPA 415*415*415*200 C30 TRO OCTOCABLE",TROZADO,LISTA
14254,TRO140014000200C30,"TAPA 415*415*415*200 C30 TRO OCTOCABLE",TROQUELADO,LISTA
14254,TRO140014000200C30,"TAPA 415*415*415*200 C30 TRO OCTOCABLE",OTRO,LISTA
14255,REL0950002139.509B,"RELLENO 95C21 39.5 09B CELDA 287",ENCOLADO,LISTA
14255,REL0950002139.509B,"RELLENO 95C21 39.5 09B CELDA 287",MULTIPLE,LISTA
14255,REL0950002139.509B,"RELLENO 95C21 39.5 09B CELDA 287",OTRO,LISTA
14255,REL1100002139.509B,"RELLENO 110C21 39.5 09B CELDA 291",ENCOLADO,LISTA
14255,REL1100002139.509B,"RELLENO 110C21 39.5 09B CELDA 291",MULTIPLE,LISTA
14255,REL1100002139.509B,"RELLENO 110C21 39.5 09B CELDA 291",OTRO,LISTA
14256,REL0950002139.509B,"RELLENO 95C21 39.5 09B CELDA 287",ENCOLADO,PENDIENTE
14256,REL0950002139.509B,"RELLENO 95C21 39.5 09B CELDA 287",MULTIPLE,PENDIENTE
14256,REL0950002139.509B,"RELLENO 95C21 39.5 09B CELDA 287",OTRO,PENDIENTE
14256,REL1100002139.509B,"RELLENO 110C21 39.5 09B CELDA 291",ENCOLADO,PENDIENTE
14256,REL1100002139.509B,"RELLENO 110C21 39.5 09B CELDA 291",MULTIPLE,PENDIENTE
14256,REL1100002139.509B,"RELLENO 110C21 39.5 09B CELDA 291",OTRO,PENDIENTE
14257,CAJ040404041010D94,"TUBO 202*202*202*1010*200 D94 TU OCTOCABLE",CALADO,LISTA
14257,CAJ040404041010D94,"TUBO 202*202*202*1010*200 D94 TU OCTOCABLE",PEGADO,LISTA
14257,CAJ040404041010D94,"TUBO 202*202*202*1010*200 D94 TU OCTOCABLE",TROZADO,LISTA
14257,CAJ040404041010D94,"TUBO 202*202*202*1010*200 D94 TU OCTOCABLE",OTRO,LISTA
14257,CAJ040404041010D94,"TUBO 202*202*202*1010*200 D94 TU OCTOCABLE",OTRO,LISTA
14257,EMP082008201020D99,"BIN 410*410*410*1020 D99 O3 OCTOCABLE",IMPRESION,LISTA
14257,EMP082008201020D99,"BIN 410*410*410*1020 D99 O3 OCTOCABLE",TROZADO,LISTA
14257,EMP082008201020D99,"BIN 410*410*410*1020 D99 O3 OCTOCABLE",OTRO,LISTA
14257,EMP082008201020D99,"BIN 410*410*410*1020 D99 O3 OCTOCABLE",OTRO,LISTA
14257,EMP082008201020D99,"BIN 410*410*410*1020 D99 O3 OCTOCABLE",OTRO,LISTA
14257,EMP082008201020D99,"BIN 410*410*410*1020 D99 O3 OCTOCABLE",OTRO,LISTA
14257,EMP082008201020D99,"BIN 410*410*410*1020 D99 O3 OCTOCABLE",EMPLACADO,LISTA
14257,EMP082008201020D99,"BIN 410*410*410*1020 D99 O3 OCTOCABLE",PEGADO,LISTA
14257,EMP082008201020D99,"BIN 410*410*410*1020 D99 O3 OCTOCABLE",IMPRESION,LISTA
14257,TRO048804880007D94,"SOPORTE OCTOGONAL 202*202*202 D94",TROZADO,LISTA
14257,TRO048804880007D94,"SOPORTE OCTOGONAL 202*202*202 D94",TROQUELADO,LISTA
14257,TRO048804880007D94,"SOPORTE OCTOGONAL 202*202*202 D94",OTRO,LISTA
14257,TRO048804880007D94,"SOPORTE OCTOGONAL 202*202*202 D94",OTRO,LISTA
14257,TRO093009300007D94,"FONDO 386*386 D94 TRO SEP OCTOCABLE",OTRO,LISTA
14257,TRO093009300007D94,"FONDO 386*386 D94 TRO SEP OCTOCABLE",TROZADO,LISTA
14257,TRO093009300007D94,"FONDO 386*386 D94 TRO SEP OCTOCABLE",TROQUELADO,LISTA
14257,TRO093009300007D94,"FONDO 386*386 D94 TRO SEP OCTOCABLE",OTRO,LISTA
14257,TRO140014000007D94,"TAPA 415*415*200 D94 TRO",TROZADO,LISTA
14257,TRO140014000007D94,"TAPA 415*415*200 D94 TRO",TROQUELADO,LISTA
14257,TRO140014000007D94,"TAPA 415*415*200 D94 TRO",OTRO,LISTA
14257,TRO140014000007D94,"TAPA 415*415*200 D94 TRO",OTRO,LISTA
14257,TRO140014000007D94,"TAPA 415*415*200 D94 TRO",OTRO,LISTA
14258,CAJ195005000720C20,"CAJA 1950*500*720 C20 TR.",CALADO,LISTA
14258,CAJ195005000720C20,"CAJA 1950*500*720 C20 TR.",PEGADO,LISTA
14258,CAJ195005000720C20,"CAJA 1950*500*720 C20 TR.",TROZADO,LISTA
14258,CAJ195005000720C20,"CAJA 1950*500*720 C20 TR.",OTRO,LISTA
14258,CAJ195005000720C20,"CAJA 1950*500*720 C20 TR.",PLIZADO,LISTA
14259,REL1100003539.510E,"RELLENO 110C35 39.5 10E CELDA 186",MULTIPLE,LISTA
14259,REL1100003539.510E,"RELLENO 110C35 39.5 10E CELDA 186",ENCOLADO,LISTA
14259,REL1100003539.510E,"RELLENO 110C35 39.5 10E CELDA 186",OTRO,LISTA
14260,REL0950002139.709B,"RELLENO 95C21 39.7 09B CELDA 287",ENCOLADO,LISTA
14260,REL0950002139.709B,"RELLENO 95C21 39.7 09B CELDA 287",MULTIPLE,LISTA
14260,REL0950002139.709B,"RELLENO 95C21 39.7 09B CELDA 287",OTRO,LISTA
14260,REL1100002139.709B,"RELLENO 110C21 A 39.7 09B CELDA 291",ENCOLADO,LISTA
14260,REL1100002139.709B,"RELLENO 110C21 A 39.7 09B CELDA 291",MULTIPLE,LISTA
14260,REL1100002139.709B,"RELLENO 110C21 A 39.7 09B CELDA 291",OTRO,LISTA
14260,REL1100002139.709B,"RELLENO 110C21 A 39.7 09B CELDA 291",OTRO,LISTA
14261,REL0950002139.709B,"RELLENO 95C21 39.7 09B CELDA 287",ENCOLADO,LISTA
14261,REL0950002139.709B,"RELLENO 95C21 39.7 09B CELDA 287",MULTIPLE,LISTA
14261,REL0950002139.709B,"RELLENO 95C21 39.7 09B CELDA 287",OTRO,LISTA
14262,REL0950002137.709B,"RELLENO 95C21 37.7 09B CELDA 287",OTRO,LISTA
14262,REL0950002137.709B,"RELLENO 95C21 37.7 09B CELDA 287",ENCOLADO,LISTA
14262,REL0950002137.709B,"RELLENO 95C21 37.7 09B CELDA 287",MULTIPLE,LISTA
14262,REL0950002137.709B,"RELLENO 95C21 37.7 09B CELDA 287",OTRO,LISTA
14263,CAJ040002450265C20,"CAJA 400*245*265 C20 NO",PLIZADO,LISTA
14263,CAJ040002450265C20,"CAJA 400*245*265 C20 NO",CALADO,LISTA
14263,CAJ040002450265C20,"CAJA 400*245*265 C20 NO",PEGADO,LISTA
14263,CAJ040002450265C20,"CAJA 400*245*265 C20 NO",TROZADO,LISTA
14263,CAJ040002450265C20,"CAJA 400*245*265 C20 NO",OTRO,LISTA
14263,CAJ040002450265C20,"CAJA 400*245*265 C20 NO",OTRO,LISTA
14263,CAJ133504650700D94,"CAJA 1335*465*700 D94 NO",CALADO,LISTA
14263,CAJ133504650700D94,"CAJA 1335*465*700 D94 NO",PEGADO,LISTA
14263,CAJ133504650700D94,"CAJA 1335*465*700 D94 NO",TROZADO,LISTA
14263,CAJ133504650700D94,"CAJA 1335*465*700 D94 NO",OTRO,LISTA
14263,CAJ133504650700D94,"CAJA 1335*465*700 D94 NO",IMPRESION,LISTA
14263,CAJ133504650700D94,"CAJA 1335*465*700 D94 NO",PLIZADO,LISTA
14263,CUB04650620003009B,"CUBIERTA 465*620*30 09B C1",EMPLACADO,LISTA
14263,CUB04650620003009B,"CUBIERTA 465*620*30 09B C1",TROZADO,LISTA
14263,CUB04650620003009B,"CUBIERTA 465*620*30 09B C1",OTRO,LISTA
14263,CUB04650620003009B,"CUBIERTA 465*620*30 09B C1",OTRO,LISTA
14263,CUB12700615003012C,"CUBIERTA 1270*615*30 12C C1",EMPLACADO,LISTA
14263,CUB12700615003012C,"CUBIERTA 1270*615*30 12C C1",TROZADO,LISTA
14263,CUB12700615003012C,"CUBIERTA 1270*615*30 12C C1",OTRO,LISTA
14263,CUB12700615003012C,"CUBIERTA 1270*615*30 12C C1",OTRO,LISTA
14263,CUB13150445003012C,"CUBIERTA 1315*445*30 12C C1",EMPLACADO,LISTA
14263,CUB13150445003012C,"CUBIERTA 1315*445*30 12C C1",TROZADO,LISTA
14263,CUB13150445003012C,"CUBIERTA 1315*445*30 12C C1",OTRO,LISTA
14263,CUB13150445003012C,"CUBIERTA 1315*445*30 12C C1",OTRO,LISTA
14263,SEP040010200003C20,"SEPARADOR 400*1020 C20 3 PLIS",PLIZADO,LISTA
14263,SEP040010200003C20,"SEPARADOR 400*1020 C20 3 PLIS",TROZADO,LISTA
14263,SEP040010200003C20,"SEPARADOR 400*1020 C20 3 PLIS",OTRO,LISTA
14263,SEP040014000003C20,"SEPARADOR 400*1400 C20 3 PLIS",PLIZADO,LISTA
14263,SEP040014000003C20,"SEPARADOR 400*1400 C20 3 PLIS",TROZADO,LISTA
14263,SEP040014000003C20,"SEPARADOR 400*1400 C20 3 PLIS",OTRO,LISTA
14263,SEP046506200007D94,"SEPARADOR 465*620 D94",TROZADO,LISTA
14263,SEP046506200007D94,"SEPARADOR 465*620 D94",OTRO,LISTA
14264,CAJ102406420225C20,"TAPA 1024*642*225 C20 FO",PLIZADO,LISTA
14264,CAJ102406420225C20,"TAPA 1024*642*225 C20 FO",CALADO,LISTA
14264,CAJ102406420225C20,"TAPA 1024*642*225 C20 FO",TROZADO,LISTA
14264,CAJ102406420225C20,"TAPA 1024*642*225 C20 FO",OTRO,LISTA
14265,CAJ039503600325D92,"CAJA 395*360*325 D92 NO.",PLIZADO,LISTA
14265,CAJ039503600325D92,"CAJA 395*360*325 D92 NO.",CALADO,LISTA
14265,CAJ039503600325D92,"CAJA 395*360*325 D92 NO.",PEGADO,LISTA
14265,CAJ039503600325D92,"CAJA 395*360*325 D92 NO.",TROZADO,LISTA
14265,CAJ039503600325D92,"CAJA 395*360*325 D92 NO.",OTRO,LISTA
14265,CAJ039503600325D92,"CAJA 395*360*325 D92 NO.",IMPRESION,LISTA
14266,REL0950001839.509B,"RELLENO 95C18 39.5 09B CELDA 287",MULTIPLE,LISTA
14266,REL0950001839.509B,"RELLENO 95C18 39.5 09B CELDA 287",OTRO,LISTA
14266,REL0950001839.509B,"RELLENO 95C18 39.5 09B CELDA 287",ENCOLADO,LISTA
14266,REL1100001839.509B,"RELLENO 110C18 39.5 09B CELDA 337",MULTIPLE,LISTA
14266,REL1100001839.509B,"RELLENO 110C18 39.5 09B CELDA 337",OTRO,LISTA
14266,REL1100001839.509B,"RELLENO 110C18 39.5 09B CELDA 337",ENCOLADO,LISTA
14267,REL0950001839.509B,"RELLENO 95C18 39.5 09B CELDA 287",MULTIPLE,LISTA
14267,REL0950001839.509B,"RELLENO 95C18 39.5 09B CELDA 287",OTRO,LISTA
14267,REL0950001839.509B,"RELLENO 95C18 39.5 09B CELDA 287",ENCOLADO,LISTA
14267,REL1100001839.509B,"RELLENO 110C18 39.5 09B CELDA 337",MULTIPLE,LISTA
14267,REL1100001839.509B,"RELLENO 110C18 39.5 09B CELDA 337",OTRO,LISTA
14267,REL1100001839.509B,"RELLENO 110C18 39.5 09B CELDA 337",ENCOLADO,LISTA
14268,REL0950001839.509B,"RELLENO 95C18 39.5 09B CELDA 287",MULTIPLE,PENDIENTE
14268,REL0950001839.509B,"RELLENO 95C18 39.5 09B CELDA 287",OTRO,PENDIENTE
14268,REL0950001839.509B,"RELLENO 95C18 39.5 09B CELDA 287",ENCOLADO,PENDIENTE
14268,REL1100001839.509B,"RELLENO 110C18 39.5 09B CELDA 337",MULTIPLE,PENDIENTE
14268,REL1100001839.509B,"RELLENO 110C18 39.5 09B CELDA 337",OTRO,PENDIENTE
14268,REL1100001839.509B,"RELLENO 110C18 39.5 09B CELDA 337",ENCOLADO,PENDIENTE
14269,REL0950001839.509B,"RELLENO 95C18 39.5 09B CELDA 287",MULTIPLE,PENDIENTE
14269,REL0950001839.509B,"RELLENO 95C18 39.5 09B CELDA 287",OTRO,PENDIENTE
14269,REL0950001839.509B,"RELLENO 95C18 39.5 09B CELDA 287",ENCOLADO,PENDIENTE
14270,REL0950001839.509B,"RELLENO 95C18 39.5 09B CELDA 287",MULTIPLE,PENDIENTE
14270,REL0950001839.509B,"RELLENO 95C18 39.5 09B CELDA 287",OTRO,PENDIENTE
14270,REL0950001839.509B,"RELLENO 95C18 39.5 09B CELDA 287",ENCOLADO,PENDIENTE
14271,REL0950002139.709B,"RELLENO 95C21 39.7 09B CELDA 287",ENCOLADO,LISTA
14271,REL0950002139.709B,"RELLENO 95C21 39.7 09B CELDA 287",MULTIPLE,LISTA
14271,REL0950002139.709B,"RELLENO 95C21 39.7 09B CELDA 287",OTRO,LISTA
14272,REL0950002139.709B,"RELLENO 95C21 39.7 09B CELDA 287",ENCOLADO,PENDIENTE
14272,REL0950002139.709B,"RELLENO 95C21 39.7 09B CELDA 287",MULTIPLE,PENDIENTE
14272,REL0950002139.709B,"RELLENO 95C21 39.7 09B CELDA 287",OTRO,PENDIENTE
14273,EMP094009401001D92,"BIN 940*940*1000 D92 B2",EMPLACADO,PENDIENTE
14273,EMP094009401001D92,"BIN 940*940*1000 D92 B2",TROZADO,PENDIENTE
14273,EMP094009401001D92,"BIN 940*940*1000 D92 B2",OTRO,PENDIENTE
14273,EMP094009401001D92,"BIN 940*940*1000 D92 B2",OTRO,PENDIENTE
14273,EMP094009401001D92,"BIN 940*940*1000 D92 B2",PEGADO,PENDIENTE
14273,EMP094009401001D92,"BIN 940*940*1000 D92 B2",OTRO,PENDIENTE
14273,TRO140012000101C20,"TAPA 985*985*100 C20 AA TRO",TROZADO,PENDIENTE
14273,TRO140012000101C20,"TAPA 985*985*100 C20 AA TRO",TROQUELADO,PENDIENTE
14273,TRO140012000101C20,"TAPA 985*985*100 C20 AA TRO",OTRO,PENDIENTE
14274,REL1200002136.509B,"RELLENO 120C21 36.5 09B CELDA 274",ENCOLADO,PENDIENTE
14274,REL1200002136.509B,"RELLENO 120C21 36.5 09B CELDA 274",MULTIPLE,PENDIENTE
14274,REL1200002136.509B,"RELLENO 120C21 36.5 09B CELDA 274",OTRO,PENDIENTE
14275,REL0950001839.509B,"RELLENO 95C18 39.5 09B CELDA 287",MULTIPLE,PENDIENTE
14275,REL0950001839.509B,"RELLENO 95C18 39.5 09B CELDA 287",OTRO,PENDIENTE
14275,REL0950001839.509B,"RELLENO 95C18 39.5 09B CELDA 287",ENCOLADO,PENDIENTE
14276,REL11000020003809B,"RELLENO 110C20 A 38.0 09B CELDA 291",MULTIPLE,PENDIENTE
14276,REL11000020003809B,"RELLENO 110C20 A 38.0 09B CELDA 291",OTRO,PENDIENTE
14276,REL11000020003809B,"RELLENO 110C20 A 38.0 09B CELDA 291",OTRO,PENDIENTE
14276,REL11000020003809B,"RELLENO 110C20 A 38.0 09B CELDA 291",ENCOLADO,PENDIENTE
14277,REL1100002536.009B,"RELLENO 110C25 36.0 09B CELDA 249",ENCOLADO,LISTA
14277,REL1100002536.009B,"RELLENO 110C25 36.0 09B CELDA 249",MULTIPLE,LISTA
14277,REL1100002536.009B,"RELLENO 110C25 36.0 09B CELDA 249",OTRO,LISTA
14278,REL0950002137.509B,"RELLENO 95C21 37.5 09B CELDA 287",ENCOLADO,LISTA
14278,REL0950002137.509B,"RELLENO 95C21 37.5 09B CELDA 287",MULTIPLE,LISTA
14278,REL0950002137.509B,"RELLENO 95C21 37.5 09B CELDA 287",OTRO,LISTA
14279,REL1100002139.509B,"RELLENO 110C21 39.5 09B CELDA 291",ENCOLADO,PENDIENTE
14279,REL1100002139.509B,"RELLENO 110C21 39.5 09B CELDA 291",MULTIPLE,PENDIENTE
14279,REL1100002139.509B,"RELLENO 110C21 39.5 09B CELDA 291",OTRO,PENDIENTE
14280,REL1100002536.509B,"RELLENO 110C25 36.5 09B CELDA 249",OTRO,PENDIENTE
14280,REL1100002536.509B,"RELLENO 110C25 36.5 09B CELDA 249",ENCOLADO,PENDIENTE
14280,REL1100002536.509B,"RELLENO 110C25 36.5 09B CELDA 249",MULTIPLE,PENDIENTE
14280,REL1100002536.509B,"RELLENO 110C25 36.5 09B CELDA 249",OTRO,PENDIENTE
14280,REL1100002537,509B,"RELLENO 110C25 37.5 09B CELDA 291",ENCOLADO,PENDIENTE
14280,REL1100002537,509B,"RELLENO 110C25 37.5 09B CELDA 291",MULTIPLE,PENDIENTE
14280,REL1100002537,509B,"RELLENO 110C25 37.5 09B CELDA 291",OTRO,PENDIENTE
14280,REL1100002537.509B,"RELLENO 110C25 37.5 09B CELDA 249",OTRO,PENDIENTE
14280,REL1100002537.509B,"RELLENO 110C25 37.5 09B CELDA 249",ENCOLADO,PENDIENTE
14280,REL1100002537.509B,"RELLENO 110C25 37.5 09B CELDA 249",MULTIPLE,PENDIENTE
14281,EMP101008000500D92,"BIN 720*510*290*500 D92 02",EMPLACADO,PENDIENTE
14281,EMP101008000500D92,"BIN 720*510*290*500 D92 02",TROZADO,PENDIENTE
14281,EMP101008000500D92,"BIN 720*510*290*500 D92 02",OTRO,PENDIENTE
14281,EMP101008000500D92,"BIN 720*510*290*500 D92 02",OTRO,PENDIENTE
14281,EMP101008000500D92,"BIN 720*510*290*500 D92 02",OTRO,PENDIENTE
14281,EMP101008000500D92,"BIN 720*510*290*500 D92 02",OTRO,PENDIENTE
14281,EMP101008000500D92,"BIN 720*510*290*500 D92 02",PEGADO,PENDIENTE
14281,EMP101008000905D94,"BIN 720*510*290*905 D94 O2 RECTOCTO INT",EMPLACADO,PENDIENTE
14281,EMP101008000905D94,"BIN 720*510*290*905 D94 O2 RECTOCTO INT",TROZADO,PENDIENTE
14281,EMP101008000905D94,"BIN 720*510*290*905 D94 O2 RECTOCTO INT",OTRO,PENDIENTE
14281,EMP101008000905D94,"BIN 720*510*290*905 D94 O2 RECTOCTO INT",OTRO,PENDIENTE
14281,EMP101008000905D94,"BIN 720*510*290*905 D94 O2 RECTOCTO INT",OTRO,PENDIENTE
14281,EMP101008000905D94,"BIN 720*510*290*905 D94 O2 RECTOCTO INT",OTRO,PENDIENTE
14281,EMP101008000905D94,"BIN 720*510*290*905 D94 O2 RECTOCTO INT",PEGADO,PENDIENTE
14281,EMP101008000905D94,"BIN 720*510*290*905 D94 O2 RECTOCTO INT",OTRO,PENDIENTE
14281,EMP104008500505D94,"BIN 740*550*300*505 D94 02",EMPLACADO,PENDIENTE
14281,EMP104008500505D94,"BIN 740*550*300*505 D94 02",TROZADO,PENDIENTE
14281,EMP104008500505D94,"BIN 740*550*300*505 D94 02",OTRO,PENDIENTE
14281,EMP104008500505D94,"BIN 740*550*300*505 D94 02",OTRO,PENDIENTE
14281,EMP104008500505D94,"BIN 740*550*300*505 D94 02",OTRO,PENDIENTE
14281,EMP104008500505D94,"BIN 740*550*300*505 D94 02",OTRO,PENDIENTE
14281,EMP104008500505D94,"BIN 740*550*300*505 D94 02",PEGADO,PENDIENTE
14281,EMP104008500910D94,"BIN 740*550*300*910 D94 O2 RECTOCTO EXT.",EMPLACADO,PENDIENTE
14281,EMP104008500910D94,"BIN 740*550*300*910 D94 O2 RECTOCTO EXT.",TROZADO,PENDIENTE
14281,EMP104008500910D94,"BIN 740*550*300*910 D94 O2 RECTOCTO EXT.",OTRO,PENDIENTE
14281,EMP104008500910D94,"BIN 740*550*300*910 D94 O2 RECTOCTO EXT.",OTRO,PENDIENTE
14281,EMP104008500910D94,"BIN 740*550*300*910 D94 O2 RECTOCTO EXT.",OTRO,PENDIENTE
14281,EMP104008500910D94,"BIN 740*550*300*910 D94 O2 RECTOCTO EXT.",OTRO,PENDIENTE
14281,EMP104008500910D94,"BIN 740*550*300*910 D94 O2 RECTOCTO EXT.",PEGADO,PENDIENTE
14281,EMP104008500910D94,"BIN 740*550*300*910 D94 O2 RECTOCTO EXT.",IMPRESION,PENDIENTE
14281,EMP104008500910D94,"BIN 740*550*300*910 D94 O2 RECTOCTO EXT.",OTRO,PENDIENTE
14281,KIT120010000505D94,"KIT RECTOCTO 505 DOBLE PARED",OTRO,PENDIENTE
14281,KIT120010000910D94,"KIT RECTOCTO 910 DOBLE PARED",OTRO,PENDIENTE
14281,TER023002300100TUB,"BOLSA 230*230*100 POLIETILENO",OTRO,PENDIENTE
14281,TRO145011200151C30,"FONDO 720*515*290*150 C30 TRO RECTOCTO",TROZADO,PENDIENTE
14281,TRO145011200151C30,"FONDO 720*515*290*150 C30 TRO RECTOCTO",TROQUELADO,PENDIENTE
14281,TRO145011200151C30,"FONDO 720*515*290*150 C30 TRO RECTOCTO",OTRO,PENDIENTE
14281,TRO145011200151C30,"FONDO 720*515*290*150 C30 TRO RECTOCTO",OTRO,PENDIENTE
14281,TRO149712900150C30,"TAPA 750*540*320*150 C30 TRO RECTOCTO S/V",TROZADO,PENDIENTE
14281,TRO149712900150C30,"TAPA 750*540*320*150 C30 TRO RECTOCTO S/V",OTRO,PENDIENTE
14281,TRO149712900150C30,"TAPA 750*540*320*150 C30 TRO RECTOCTO S/V",TROQUELADO,PENDIENTE
14281,TRO149712900150C30,"TAPA 750*540*320*150 C30 TRO RECTOCTO S/V",OTRO,PENDIENTE
14281,TRO149712900150C30,"TAPA 750*540*320*150 C30 TRO RECTOCTO S/V",OTRO,PENDIENTE
14282,REL1100002532.509B,"RELLENO 110C25 32.5 09B CELDA 249",OTRO,LISTA
14282,REL1100002532.509B,"RELLENO 110C25 32.5 09B CELDA 249",ENCOLADO,LISTA
14282,REL1100002532.509B,"RELLENO 110C25 32.5 09B CELDA 249",MULTIPLE,LISTA
14282,REL1100002532.509B,"RELLENO 110C25 32.5 09B CELDA 249",OTRO,LISTA
14282,REL1100002532.509B,"RELLENO 110C25 32.5 09B CELDA 249",OTRO,LISTA
14282,REL1100002537,509B,"RELLENO 110C25 37.5 09B CELDA 291",ENCOLADO,LISTA
14282,REL1100002537,509B,"RELLENO 110C25 37.5 09B CELDA 291",MULTIPLE,LISTA
14282,REL1100002537,509B,"RELLENO 110C25 37.5 09B CELDA 291",OTRO,LISTA
14283,CAJ04120412101009B,"CAJA 206*206*1010*200 C20 TU OCTOCABLE 1010",CALADO,PENDIENTE
14283,CAJ04120412101009B,"CAJA 206*206*1010*200 C20 TU OCTOCABLE 1010",PEGADO,PENDIENTE
14283,CAJ04120412101009B,"CAJA 206*206*1010*200 C20 TU OCTOCABLE 1010",TROZADO,PENDIENTE
14283,CAJ04120412101009B,"CAJA 206*206*1010*200 C20 TU OCTOCABLE 1010",OTRO,PENDIENTE
14283,CAJ04120412101009B,"CAJA 206*206*1010*200 C20 TU OCTOCABLE 1010",OTRO,PENDIENTE
14283,CAJ04120412101009B,"CAJA 206*206*1010*200 C20 TU OCTOCABLE 1010",PLIZADO,PENDIENTE
14283,EMP082008201020D94,"BIN 410*410*410*1020 D94 O3 OCTOCABLE",PEGADO,PENDIENTE
14283,EMP082008201020D94,"BIN 410*410*410*1020 D94 O3 OCTOCABLE",TROZADO,PENDIENTE
14283,EMP082008201020D94,"BIN 410*410*410*1020 D94 O3 OCTOCABLE",OTRO,PENDIENTE
14283,EMP082008201020D94,"BIN 410*410*410*1020 D94 O3 OCTOCABLE",OTRO,PENDIENTE
14283,EMP082008201020D94,"BIN 410*410*410*1020 D94 O3 OCTOCABLE",EMPLACADO,PENDIENTE
14283,EMP082008201020D94,"BIN 410*410*410*1020 D94 O3 OCTOCABLE",IMPRESION,PENDIENTE
14283,EMP082008201020D94,"BIN 410*410*410*1020 D94 O3 OCTOCABLE",OTRO,PENDIENTE
14283,TRO093009300007D94,"FONDO 386*386 D94 TRO SEP OCTOCABLE",OTRO,PENDIENTE
14283,TRO093009300007D94,"FONDO 386*386 D94 TRO SEP OCTOCABLE",TROZADO,PENDIENTE
14283,TRO093009300007D94,"FONDO 386*386 D94 TRO SEP OCTOCABLE",TROQUELADO,PENDIENTE
14283,TRO093009300007D94,"FONDO 386*386 D94 TRO SEP OCTOCABLE",OTRO,PENDIENTE
14283,TRO140014000200C30,"TAPA 415*415*415*200 C30 TRO OCTOCABLE",TROZADO,PENDIENTE
14283,TRO140014000200C30,"TAPA 415*415*415*200 C30 TRO OCTOCABLE",TROQUELADO,PENDIENTE
14283,TRO140014000200C30,"TAPA 415*415*415*200 C30 TRO OCTOCABLE",OTRO,PENDIENTE
14284,CAJ04120412101009B,"CAJA 206*206*1010*200 C20 TU OCTOCABLE 1010",CALADO,PENDIENTE
14284,CAJ04120412101009B,"CAJA 206*206*1010*200 C20 TU OCTOCABLE 1010",PEGADO,PENDIENTE
14284,CAJ04120412101009B,"CAJA 206*206*1010*200 C20 TU OCTOCABLE 1010",TROZADO,PENDIENTE
14284,CAJ04120412101009B,"CAJA 206*206*1010*200 C20 TU OCTOCABLE 1010",OTRO,PENDIENTE
14284,CAJ04120412101009B,"CAJA 206*206*1010*200 C20 TU OCTOCABLE 1010",OTRO,PENDIENTE
14284,CAJ04120412101009B,"CAJA 206*206*1010*200 C20 TU OCTOCABLE 1010",PLIZADO,PENDIENTE
14284,EMP082008201020D94,"BIN 410*410*410*1020 D94 O3 OCTOCABLE",PEGADO,PENDIENTE
14284,EMP082008201020D94,"BIN 410*410*410*1020 D94 O3 OCTOCABLE",TROZADO,PENDIENTE
14284,EMP082008201020D94,"BIN 410*410*410*1020 D94 O3 OCTOCABLE",OTRO,PENDIENTE
14284,EMP082008201020D94,"BIN 410*410*410*1020 D94 O3 OCTOCABLE",OTRO,PENDIENTE
14284,EMP082008201020D94,"BIN 410*410*410*1020 D94 O3 OCTOCABLE",EMPLACADO,PENDIENTE
14284,EMP082008201020D94,"BIN 410*410*410*1020 D94 O3 OCTOCABLE",IMPRESION,PENDIENTE
14284,EMP082008201020D94,"BIN 410*410*410*1020 D94 O3 OCTOCABLE",OTRO,PENDIENTE
14284,TRO093009300007D94,"FONDO 386*386 D94 TRO SEP OCTOCABLE",OTRO,PENDIENTE
14284,TRO093009300007D94,"FONDO 386*386 D94 TRO SEP OCTOCABLE",TROZADO,PENDIENTE
14284,TRO093009300007D94,"FONDO 386*386 D94 TRO SEP OCTOCABLE",TROQUELADO,PENDIENTE
14284,TRO093009300007D94,"FONDO 386*386 D94 TRO SEP OCTOCABLE",OTRO,PENDIENTE
14284,TRO140014000200C30,"TAPA 415*415*415*200 C30 TRO OCTOCABLE",TROZADO,PENDIENTE
14284,TRO140014000200C30,"TAPA 415*415*415*200 C30 TRO OCTOCABLE",TROQUELADO,PENDIENTE
14284,TRO140014000200C30,"TAPA 415*415*415*200 C30 TRO OCTOCABLE",OTRO,PENDIENTE
14285,REL0950002137.509B,"RELLENO 95C21 37.5 09B CELDA 287",ENCOLADO,PENDIENTE
14285,REL0950002137.509B,"RELLENO 95C21 37.5 09B CELDA 287",MULTIPLE,PENDIENTE
14285,REL0950002137.509B,"RELLENO 95C21 37.5 09B CELDA 287",OTRO,PENDIENTE
14286,EMP104008500505D94,"BIN 740*550*300*505 D94 02",EMPLACADO,LISTA
14286,EMP104008500505D94,"BIN 740*550*300*505 D94 02",TROZADO,LISTA
14286,EMP104008500505D94,"BIN 740*550*300*505 D94 02",OTRO,LISTA
14286,EMP104008500505D94,"BIN 740*550*300*505 D94 02",OTRO,LISTA
14286,EMP104008500505D94,"BIN 740*550*300*505 D94 02",OTRO,LISTA
14286,EMP104008500505D94,"BIN 740*550*300*505 D94 02",OTRO,LISTA
14286,EMP104008500505D94,"BIN 740*550*300*505 D94 02",PEGADO,LISTA
14286,TER023002300100TUB,"BOLSA 230*230*100 POLIETILENO",OTRO,LISTA
14286,TRO14971200150C20,"TAPA 750*540*320*150 C20 TRO RECTOCTO C/V",TROZADO,LISTA
14286,TRO14971200150C20,"TAPA 750*540*320*150 C20 TRO RECTOCTO C/V",TROQUELADO,LISTA
14286,TRO14971200150C20,"TAPA 750*540*320*150 C20 TRO RECTOCTO C/V",OTRO,LISTA
14286,TRO14971200150C20,"TAPA 750*540*320*150 C20 TRO RECTOCTO C/V",OTRO,LISTA
14286,TRO14971200150C20,"TAPA 750*540*320*150 C20 TRO RECTOCTO C/V",OTRO,LISTA
14287,EMP104008500505D94,"BIN 740*550*300*505 D94 02",EMPLACADO,PENDIENTE
14287,EMP104008500505D94,"BIN 740*550*300*505 D94 02",TROZADO,PENDIENTE
14287,EMP104008500505D94,"BIN 740*550*300*505 D94 02",OTRO,PENDIENTE
14287,EMP104008500505D94,"BIN 740*550*300*505 D94 02",OTRO,PENDIENTE
14287,EMP104008500505D94,"BIN 740*550*300*505 D94 02",OTRO,PENDIENTE
14287,EMP104008500505D94,"BIN 740*550*300*505 D94 02",OTRO,PENDIENTE
14287,EMP104008500505D94,"BIN 740*550*300*505 D94 02",PEGADO,PENDIENTE
14287,TER023002300100TUB,"BOLSA 230*230*100 POLIETILENO",OTRO,PENDIENTE
14287,TRO149829000150C20,"TAPA 750*540*320*150 C20 TRO RECTOCTO S/V",TROZADO,PENDIENTE
14287,TRO149829000150C20,"TAPA 750*540*320*150 C20 TRO RECTOCTO S/V",TROQUELADO,PENDIENTE
14288,EMP104008501000D94,"BIN 740*550*300*1000 D94 02 RECTOCTO",EMPLACADO,PENDIENTE
14288,EMP104008501000D94,"BIN 740*550*300*1000 D94 02 RECTOCTO",TROZADO,PENDIENTE
14288,EMP104008501000D94,"BIN 740*550*300*1000 D94 02 RECTOCTO",OTRO,PENDIENTE
14288,EMP104008501000D94,"BIN 740*550*300*1000 D94 02 RECTOCTO",OTRO,PENDIENTE
14288,EMP104008501000D94,"BIN 740*550*300*1000 D94 02 RECTOCTO",OTRO,PENDIENTE
14288,EMP104008501000D94,"BIN 740*550*300*1000 D94 02 RECTOCTO",PEGADO,PENDIENTE
14288,EMP104008501000D94,"BIN 740*550*300*1000 D94 02 RECTOCTO",IMPRESION,PENDIENTE
14288,EMP104008501000D94,"BIN 740*550*300*1000 D94 02 RECTOCTO",OTRO,PENDIENTE
14288,TER023002300100TUB,"BOLSA 230*230*100 POLIETILENO",OTRO,PENDIENTE
14288,TRO14971200150C20,"TAPA 750*540*320*150 C20 TRO RECTOCTO C/V",TROZADO,PENDIENTE
14288,TRO14971200150C20,"TAPA 750*540*320*150 C20 TRO RECTOCTO C/V",TROQUELADO,PENDIENTE
14288,TRO14971200150C20,"TAPA 750*540*320*150 C20 TRO RECTOCTO C/V",OTRO,PENDIENTE
14288,TRO14971200150C20,"TAPA 750*540*320*150 C20 TRO RECTOCTO C/V",OTRO,PENDIENTE
14288,TRO14971200150C20,"TAPA 750*540*320*150 C20 TRO RECTOCTO C/V",OTRO,PENDIENTE
14289,REL1100002538.509B,"RELLENO 110C25 38.5 09B CELDA 249",OTRO,PENDIENTE
14289,REL1100002538.509B,"RELLENO 110C25 38.5 09B CELDA 249",ENCOLADO,PENDIENTE
14289,REL1100002538.509B,"RELLENO 110C25 38.5 09B CELDA 249",MULTIPLE,PENDIENTE
14289,REL1100002538.509B,"RELLENO 110C25 38.5 09B CELDA 249",OTRO,PENDIENTE
14289,REL1100002538.509B,"RELLENO 110C25 38.5 09B CELDA 249",OTRO,PENDIENTE
14290,REL0950002130.009B,"RELLENO 95C21 30.0 09B CELDA 287",ENCOLADO,PENDIENTE
14290,REL0950002130.009B,"RELLENO 95C21 30.0 09B CELDA 287",MULTIPLE,PENDIENTE
14290,REL0950002130.009B,"RELLENO 95C21 30.0 09B CELDA 287",OTRO,PENDIENTE
14290,REL0950002130.009B,"RELLENO 95C21 30.0 09B CELDA 287",OTRO,PENDIENTE
14291,REL1200002532.509B,"RELLENO 120C25 32.5 09B CELDA 274",ENCOLADO,PENDIENTE
14291,REL1200002532.509B,"RELLENO 120C25 32.5 09B CELDA 274",MULTIPLE,PENDIENTE
14291,REL1200002532.509B,"RELLENO 120C25 32.5 09B CELDA 274",OTRO,PENDIENTE
14291,REL1200002537.509B,"RELLENO 120C25 37.5 09B CELDA 274.",OTRO,PENDIENTE
14291,REL1200002537.509B,"RELLENO 120C25 37.5 09B CELDA 274.",ENCOLADO,PENDIENTE
14291,REL1200002537.509B,"RELLENO 120C25 37.5 09B CELDA 274.",MULTIPLE,PENDIENTE
14291,REL1200002537.509B,"RELLENO 120C25 37.5 09B CELDA 274.",OTRO,PENDIENTE
14292,EMP105008501000D94,"BIN 735*535*315*1000 D94 03 RECTOCTO",TROZADO,PENDIENTE
14292,EMP105008501000D94,"BIN 735*535*315*1000 D94 03 RECTOCTO",OTRO,PENDIENTE
14292,EMP105008501000D94,"BIN 735*535*315*1000 D94 03 RECTOCTO",OTRO,PENDIENTE
14292,EMP105008501000D94,"BIN 735*535*315*1000 D94 03 RECTOCTO",EMPLACADO,PENDIENTE
14292,EMP105008501000D94,"BIN 735*535*315*1000 D94 03 RECTOCTO",PEGADO,PENDIENTE
14292,EMP105008501000D94,"BIN 735*535*315*1000 D94 03 RECTOCTO",IMPRESION,PENDIENTE
14292,EMP105008501000D94,"BIN 735*535*315*1000 D94 03 RECTOCTO",OTRO,PENDIENTE
14292,TRO149829000150C20,"TAPA 750*540*320*150 C20 TRO RECTOCTO S/V",TROZADO,PENDIENTE
14292,TRO149829000150C20,"TAPA 750*540*320*150 C20 TRO RECTOCTO S/V",TROQUELADO,PENDIENTE
14293,EMP105008501000D94,"BIN 735*535*315*1000 D94 03 RECTOCTO",TROZADO,PENDIENTE
14293,EMP105008501000D94,"BIN 735*535*315*1000 D94 03 RECTOCTO",OTRO,PENDIENTE
14293,EMP105008501000D94,"BIN 735*535*315*1000 D94 03 RECTOCTO",OTRO,PENDIENTE
14293,EMP105008501000D94,"BIN 735*535*315*1000 D94 03 RECTOCTO",EMPLACADO,PENDIENTE
14293,EMP105008501000D94,"BIN 735*535*315*1000 D94 03 RECTOCTO",PEGADO,PENDIENTE
14293,EMP105008501000D94,"BIN 735*535*315*1000 D94 03 RECTOCTO",IMPRESION,PENDIENTE
14293,EMP105008501000D94,"BIN 735*535*315*1000 D94 03 RECTOCTO",OTRO,PENDIENTE
14293,TRO149829000150C20,"TAPA 750*540*320*150 C20 TRO RECTOCTO S/V",TROZADO,PENDIENTE
14293,TRO149829000150C20,"TAPA 750*540*320*150 C20 TRO RECTOCTO S/V",TROQUELADO,PENDIENTE
14294,EMP105008501000D94,"BIN 735*535*315*1000 D94 03 RECTOCTO",TROZADO,PENDIENTE
14294,EMP105008501000D94,"BIN 735*535*315*1000 D94 03 RECTOCTO",OTRO,PENDIENTE
14294,EMP105008501000D94,"BIN 735*535*315*1000 D94 03 RECTOCTO",OTRO,PENDIENTE
14294,EMP105008501000D94,"BIN 735*535*315*1000 D94 03 RECTOCTO",EMPLACADO,PENDIENTE
14294,EMP105008501000D94,"BIN 735*535*315*1000 D94 03 RECTOCTO",PEGADO,PENDIENTE
14294,EMP105008501000D94,"BIN 735*535*315*1000 D94 03 RECTOCTO",IMPRESION,PENDIENTE
14294,EMP105008501000D94,"BIN 735*535*315*1000 D94 03 RECTOCTO",OTRO,PENDIENTE
14294,TRO149829000150C20,"TAPA 750*540*320*150 C20 TRO RECTOCTO S/V",TROZADO,PENDIENTE
14294,TRO149829000150C20,"TAPA 750*540*320*150 C20 TRO RECTOCTO S/V",TROQUELADO,PENDIENTE
14295,EMP105008501000D94,"BIN 735*535*315*1000 D94 03 RECTOCTO",TROZADO,PENDIENTE
14295,EMP105008501000D94,"BIN 735*535*315*1000 D94 03 RECTOCTO",OTRO,PENDIENTE
14295,EMP105008501000D94,"BIN 735*535*315*1000 D94 03 RECTOCTO",OTRO,PENDIENTE
14295,EMP105008501000D94,"BIN 735*535*315*1000 D94 03 RECTOCTO",EMPLACADO,PENDIENTE
14295,EMP105008501000D94,"BIN 735*535*315*1000 D94 03 RECTOCTO",PEGADO,PENDIENTE
14295,EMP105008501000D94,"BIN 735*535*315*1000 D94 03 RECTOCTO",IMPRESION,PENDIENTE
14295,EMP105008501000D94,"BIN 735*535*315*1000 D94 03 RECTOCTO",OTRO,PENDIENTE
14295,TRO149829000150C20,"TAPA 750*540*320*150 C20 TRO RECTOCTO S/V",TROZADO,PENDIENTE
14295,TRO149829000150C20,"TAPA 750*540*320*150 C20 TRO RECTOCTO S/V",TROQUELADO,PENDIENTE
14296,EMP105008501000D94,"BIN 735*535*315*1000 D94 03 RECTOCTO",TROZADO,PENDIENTE
14296,EMP105008501000D94,"BIN 735*535*315*1000 D94 03 RECTOCTO",OTRO,PENDIENTE
14296,EMP105008501000D94,"BIN 735*535*315*1000 D94 03 RECTOCTO",OTRO,PENDIENTE
14296,EMP105008501000D94,"BIN 735*535*315*1000 D94 03 RECTOCTO",EMPLACADO,PENDIENTE
14296,EMP105008501000D94,"BIN 735*535*315*1000 D94 03 RECTOCTO",PEGADO,PENDIENTE
14296,EMP105008501000D94,"BIN 735*535*315*1000 D94 03 RECTOCTO",IMPRESION,PENDIENTE
14296,EMP105008501000D94,"BIN 735*535*315*1000 D94 03 RECTOCTO",OTRO,PENDIENTE
14296,TRO149829000150C20,"TAPA 750*540*320*150 C20 TRO RECTOCTO S/V",TROZADO,PENDIENTE
14296,TRO149829000150C20,"TAPA 750*540*320*150 C20 TRO RECTOCTO S/V",TROQUELADO,PENDIENTE
14297,EMP105008501000D94,"BIN 735*535*315*1000 D94 03 RECTOCTO",TROZADO,PENDIENTE
14297,EMP105008501000D94,"BIN 735*535*315*1000 D94 03 RECTOCTO",OTRO,PENDIENTE
14297,EMP105008501000D94,"BIN 735*535*315*1000 D94 03 RECTOCTO",OTRO,PENDIENTE
14297,EMP105008501000D94,"BIN 735*535*315*1000 D94 03 RECTOCTO",EMPLACADO,PENDIENTE
14297,EMP105008501000D94,"BIN 735*535*315*1000 D94 03 RECTOCTO",PEGADO,PENDIENTE
14297,EMP105008501000D94,"BIN 735*535*315*1000 D94 03 RECTOCTO",IMPRESION,PENDIENTE
14297,EMP105008501000D94,"BIN 735*535*315*1000 D94 03 RECTOCTO",OTRO,PENDIENTE
14297,TRO149829000150C20,"TAPA 750*540*320*150 C20 TRO RECTOCTO S/V",TROZADO,PENDIENTE
14297,TRO149829000150C20,"TAPA 750*540*320*150 C20 TRO RECTOCTO S/V",TROQUELADO,PENDIENTE
14298,EMP105008501000D94,"BIN 735*535*315*1000 D94 03 RECTOCTO",TROZADO,PENDIENTE
14298,EMP105008501000D94,"BIN 735*535*315*1000 D94 03 RECTOCTO",OTRO,PENDIENTE
14298,EMP105008501000D94,"BIN 735*535*315*1000 D94 03 RECTOCTO",OTRO,PENDIENTE
14298,EMP105008501000D94,"BIN 735*535*315*1000 D94 03 RECTOCTO",EMPLACADO,PENDIENTE
14298,EMP105008501000D94,"BIN 735*535*315*1000 D94 03 RECTOCTO",PEGADO,PENDIENTE
14298,EMP105008501000D94,"BIN 735*535*315*1000 D94 03 RECTOCTO",IMPRESION,PENDIENTE
14298,EMP105008501000D94,"BIN 735*535*315*1000 D94 03 RECTOCTO",OTRO,PENDIENTE
14298,TRO149829000150C20,"TAPA 750*540*320*150 C20 TRO RECTOCTO S/V",TROZADO,PENDIENTE
14298,TRO149829000150C20,"TAPA 750*540*320*150 C20 TRO RECTOCTO S/V",TROQUELADO,PENDIENTE
14299,EMP105008501000D94,"BIN 735*535*315*1000 D94 03 RECTOCTO",TROZADO,PENDIENTE
14299,EMP105008501000D94,"BIN 735*535*315*1000 D94 03 RECTOCTO",OTRO,PENDIENTE
14299,EMP105008501000D94,"BIN 735*535*315*1000 D94 03 RECTOCTO",OTRO,PENDIENTE
14299,EMP105008501000D94,"BIN 735*535*315*1000 D94 03 RECTOCTO",EMPLACADO,PENDIENTE
14299,EMP105008501000D94,"BIN 735*535*315*1000 D94 03 RECTOCTO",PEGADO,PENDIENTE
14299,EMP105008501000D94,"BIN 735*535*315*1000 D94 03 RECTOCTO",IMPRESION,PENDIENTE
14299,EMP105008501000D94,"BIN 735*535*315*1000 D94 03 RECTOCTO",OTRO,PENDIENTE
14299,TRO149829000150C20,"TAPA 750*540*320*150 C20 TRO RECTOCTO S/V",TROZADO,PENDIENTE
14299,TRO149829000150C20,"TAPA 750*540*320*150 C20 TRO RECTOCTO S/V",TROQUELADO,PENDIENTE
14300,EMP105008501000D94,"BIN 735*535*315*1000 D94 03 RECTOCTO",TROZADO,PENDIENTE
14300,EMP105008501000D94,"BIN 735*535*315*1000 D94 03 RECTOCTO",OTRO,PENDIENTE
14300,EMP105008501000D94,"BIN 735*535*315*1000 D94 03 RECTOCTO",OTRO,PENDIENTE
14300,EMP105008501000D94,"BIN 735*535*315*1000 D94 03 RECTOCTO",EMPLACADO,PENDIENTE
14300,EMP105008501000D94,"BIN 735*535*315*1000 D94 03 RECTOCTO",PEGADO,PENDIENTE
14300,EMP105008501000D94,"BIN 735*535*315*1000 D94 03 RECTOCTO",IMPRESION,PENDIENTE
14300,EMP105008501000D94,"BIN 735*535*315*1000 D94 03 RECTOCTO",OTRO,PENDIENTE
14300,TRO149829000150C20,"TAPA 750*540*320*150 C20 TRO RECTOCTO S/V",TROZADO,PENDIENTE
14300,TRO149829000150C20,"TAPA 750*540*320*150 C20 TRO RECTOCTO S/V",TROQUELADO,PENDIENTE
14301,EMP105008501000D94,"BIN 735*535*315*1000 D94 03 RECTOCTO",TROZADO,PENDIENTE
14301,EMP105008501000D94,"BIN 735*535*315*1000 D94 03 RECTOCTO",OTRO,PENDIENTE
14301,EMP105008501000D94,"BIN 735*535*315*1000 D94 03 RECTOCTO",OTRO,PENDIENTE
14301,EMP105008501000D94,"BIN 735*535*315*1000 D94 03 RECTOCTO",EMPLACADO,PENDIENTE
14301,EMP105008501000D94,"BIN 735*535*315*1000 D94 03 RECTOCTO",PEGADO,PENDIENTE
14301,EMP105008501000D94,"BIN 735*535*315*1000 D94 03 RECTOCTO",IMPRESION,PENDIENTE
14301,EMP105008501000D94,"BIN 735*535*315*1000 D94 03 RECTOCTO",OTRO,PENDIENTE
14301,TRO149829000150C20,"TAPA 750*540*320*150 C20 TRO RECTOCTO S/V",TROZADO,PENDIENTE
14301,TRO149829000150C20,"TAPA 750*540*320*150 C20 TRO RECTOCTO S/V",TROQUELADO,PENDIENTE
14302,EMP105008501000D94,"BIN 735*535*315*1000 D94 03 RECTOCTO",TROZADO,PENDIENTE
14302,EMP105008501000D94,"BIN 735*535*315*1000 D94 03 RECTOCTO",OTRO,PENDIENTE
14302,EMP105008501000D94,"BIN 735*535*315*1000 D94 03 RECTOCTO",OTRO,PENDIENTE
14302,EMP105008501000D94,"BIN 735*535*315*1000 D94 03 RECTOCTO",EMPLACADO,PENDIENTE
14302,EMP105008501000D94,"BIN 735*535*315*1000 D94 03 RECTOCTO",PEGADO,PENDIENTE
14302,EMP105008501000D94,"BIN 735*535*315*1000 D94 03 RECTOCTO",IMPRESION,PENDIENTE
14302,EMP105008501000D94,"BIN 735*535*315*1000 D94 03 RECTOCTO",OTRO,PENDIENTE
14302,TRO149829000150C20,"TAPA 750*540*320*150 C20 TRO RECTOCTO S/V",TROZADO,PENDIENTE
14302,TRO149829000150C20,"TAPA 750*540*320*150 C20 TRO RECTOCTO S/V",TROQUELADO,PENDIENTE
14303,EMP104008500850D98,"BIN 740*550*300*850 D98 02 RECTOCTO",EMPLACADO,PENDIENTE
14303,EMP104008500850D98,"BIN 740*550*300*850 D98 02 RECTOCTO",OTRO,PENDIENTE
14303,EMP104008500850D98,"BIN 740*550*300*850 D98 02 RECTOCTO",OTRO,PENDIENTE
14303,EMP104008500850D98,"BIN 740*550*300*850 D98 02 RECTOCTO",OTRO,PENDIENTE
14303,EMP104008500850D98,"BIN 740*550*300*850 D98 02 RECTOCTO",PEGADO,PENDIENTE
14303,EMP104008500850D98,"BIN 740*550*300*850 D98 02 RECTOCTO",IMPRESION,PENDIENTE
14303,EMP104008500850D98,"BIN 740*550*300*850 D98 02 RECTOCTO",OTRO,PENDIENTE
14303,EMP104008500850D98,"BIN 740*550*300*850 D98 02 RECTOCTO",OTRO,PENDIENTE
14303,TER023002300100TUB,"BOLSA 230*230*100 POLIETILENO",OTRO,PENDIENTE
14303,TRO149712900150C30,"TAPA 750*540*320*150 C30 TRO RECTOCTO S/V",TROZADO,PENDIENTE
14303,TRO149712900150C30,"TAPA 750*540*320*150 C30 TRO RECTOCTO S/V",OTRO,PENDIENTE
14303,TRO149712900150C30,"TAPA 750*540*320*150 C30 TRO RECTOCTO S/V",TROQUELADO,PENDIENTE
14303,TRO149712900150C30,"TAPA 750*540*320*150 C30 TRO RECTOCTO S/V",OTRO,PENDIENTE
14303,TRO149712900150C30,"TAPA 750*540*320*150 C30 TRO RECTOCTO S/V",OTRO,PENDIENTE
14303,TRO149712980150D92,"TAPA 750*540*320*150 D92 TRO RECTOCTO S/V",TROZADO,PENDIENTE
14303,TRO149712980150D92,"TAPA 750*540*320*150 D92 TRO RECTOCTO S/V",TROQUELADO,PENDIENTE
14303,TRO149829000150C20,"TAPA 750*540*320*150 C20 TRO RECTOCTO S/V",TROZADO,PENDIENTE
14303,TRO149829000150C20,"TAPA 750*540*320*150 C20 TRO RECTOCTO S/V",TROQUELADO,PENDIENTE
14304,REL0950002138.509B,"RELLENO 95C21 38.5 09B CELDA 287",ENCOLADO,PENDIENTE
14304,REL0950002138.509B,"RELLENO 95C21 38.5 09B CELDA 287",MULTIPLE,PENDIENTE
14304,REL0950002138.509B,"RELLENO 95C21 38.5 09B CELDA 287",OTRO,PENDIENTE
14305,REL0950002139.509B,"RELLENO 95C21 39.5 09B CELDA 287",ENCOLADO,PENDIENTE
14305,REL0950002139.509B,"RELLENO 95C21 39.5 09B CELDA 287",MULTIPLE,PENDIENTE
14305,REL0950002139.509B,"RELLENO 95C21 39.5 09B CELDA 287",OTRO,PENDIENTE
14305,REL1100002139.509B,"RELLENO 110C21 39.5 09B CELDA 291",ENCOLADO,PENDIENTE
14305,REL1100002139.509B,"RELLENO 110C21 39.5 09B CELDA 291",MULTIPLE,PENDIENTE
14305,REL1100002139.509B,"RELLENO 110C21 39.5 09B CELDA 291",OTRO,PENDIENTE
14306,REL1100002139.509B,"RELLENO 110C21 39.5 09B CELDA 291",ENCOLADO,PENDIENTE
14306,REL1100002139.509B,"RELLENO 110C21 39.5 09B CELDA 291",MULTIPLE,PENDIENTE
14306,REL1100002139.509B,"RELLENO 110C21 39.5 09B CELDA 291",OTRO,PENDIENTE
14307,REL0950002139.509B,"RELLENO 95C21 39.5 09B CELDA 287",ENCOLADO,PENDIENTE
14307,REL0950002139.509B,"RELLENO 95C21 39.5 09B CELDA 287",MULTIPLE,PENDIENTE
14307,REL0950002139.509B,"RELLENO 95C21 39.5 09B CELDA 287",OTRO,PENDIENTE
14308,EMP104008500850D98,"BIN 740*550*300*850 D98 02 RECTOCTO",EMPLACADO,PENDIENTE
14308,EMP104008500850D98,"BIN 740*550*300*850 D98 02 RECTOCTO",OTRO,PENDIENTE
14308,EMP104008500850D98,"BIN 740*550*300*850 D98 02 RECTOCTO",OTRO,PENDIENTE
14308,EMP104008500850D98,"BIN 740*550*300*850 D98 02 RECTOCTO",OTRO,PENDIENTE
14308,EMP104008500850D98,"BIN 740*550*300*850 D98 02 RECTOCTO",PEGADO,PENDIENTE
14308,EMP104008500850D98,"BIN 740*550*300*850 D98 02 RECTOCTO",IMPRESION,PENDIENTE
14308,EMP104008500850D98,"BIN 740*550*300*850 D98 02 RECTOCTO",OTRO,PENDIENTE
14308,EMP104008500850D98,"BIN 740*550*300*850 D98 02 RECTOCTO",OTRO,PENDIENTE
14308,TER023002300100TUB,"BOLSA 230*230*100 POLIETILENO",OTRO,PENDIENTE
14308,TRO149829000150C20,"TAPA 750*540*320*150 C20 TRO RECTOCTO S/V",TROZADO,PENDIENTE
14308,TRO149829000150C20,"TAPA 750*540*320*150 C20 TRO RECTOCTO S/V",TROQUELADO,PENDIENTE
14309,REL1100002532.509B,"RELLENO 110C25 32.5 09B CELDA 249",OTRO,PENDIENTE
14309,REL1100002532.509B,"RELLENO 110C25 32.5 09B CELDA 249",ENCOLADO,PENDIENTE
14309,REL1100002532.509B,"RELLENO 110C25 32.5 09B CELDA 249",MULTIPLE,PENDIENTE
14309,REL1100002532.509B,"RELLENO 110C25 32.5 09B CELDA 249",OTRO,PENDIENTE
14309,REL1100002532.509B,"RELLENO 110C25 32.5 09B CELDA 249",OTRO,PENDIENTE